{
  "metadata": {
    "empresa_id": 112,
    "empresa_nombre": "CALIBRACIONES TÉCNICAS LTDA",
    "backup_date": "2025-09-26T19:19:55.925877+00:00",
    "version": "1.0"
  },
  "empresa": {
    "model": "core.empresa",
    "pk": 112,
    "fields": {
      "nombre": "CALIBRACIONES TÉCNICAS LTDA",
      "nit": "900123456-7",
      "direccion": "Calle 100 #15-30, Bogotá, Colombia",
      "telefono": "+57 1 234-5678",
      "email": "metrologiasam@gmail.com",
      "logo_empresa": "",
      "fecha_registro": "2025-09-25T19:49:08.663Z",
      "formato_version_empresa": null,
      "formato_fecha_version_empresa": null,
      "formato_codificacion_empresa": null,
      "es_periodo_prueba": false,
      "duracion_prueba_dias": 30,
      "fecha_inicio_plan": null,
      "limite_equipos_empresa": 50,
      "duracion_suscripcion_meses": null,
      "limite_almacenamiento_mb": 5000,
      "acceso_manual_activo": false,
      "estado_suscripcion": "Activo"
    }
  },
  "usuarios": [
    {
      "model": "core.customuser",
      "pk": 8,
      "fields": {
        "password": "pbkdf2_sha256$1000000$J2SJdFgMQXJH8tytHQwf9q$3VuWBbsHYlVhpdEAK7Sv7O8vZxjaLMg8SJIDoiYMH/I=",
        "last_login": "2025-09-26T17:30:34.984Z",
        "is_superuser": false,
        "username": "demouser",
        "first_name": "Juan Carlos",
        "last_name": "Pérez",
        "email": "demo@calibraciones.com",
        "is_staff": false,
        "is_active": true,
        "date_joined": "2025-09-25T19:49:08.768Z",
        "empresa": 112,
        "can_access_dashboard_decisiones": true,
        "groups": [
          3
        ],
        "user_permissions": []
      }
    }
  ],
  "equipos": [
    {
      "model": "core.equipo",
      "pk": 2648,
      "fields": {
        "codigo_interno": "CAL-001",
        "nombre": "Calibrador de Presión",
        "empresa": 112,
        "tipo_equipo": "Equipo de Medición",
        "marca": "FLUKE",
        "modelo": "719Pro",
        "numero_serie": "2024002468",
        "ubicacion": "Laboratorio Principal",
        "responsable": null,
        "estado": "Activo",
        "fecha_adquisicion": "2024-09-25",
        "fecha_registro": "2025-09-25T19:50:01.272Z",
        "rango_medida": null,
        "resolucion": null,
        "error_maximo_permisible": null,
        "observaciones": "Equipo Calibrador de Presión para mediciones de precisión",
        "archivo_compra_pdf": "",
        "ficha_tecnica_pdf": "",
        "manual_pdf": "",
        "otros_documentos_pdf": "",
        "imagen_equipo": "",
        "version_formato": null,
        "fecha_version_formato": null,
        "codificacion_formato": null,
        "fecha_ultima_calibracion": "2025-08-11",
        "proxima_calibracion": "2026-08-11",
        "frecuencia_calibracion_meses": "12.00",
        "fecha_ultimo_mantenimiento": "2025-06-27",
        "proximo_mantenimiento": "2025-12-27",
        "frecuencia_mantenimiento_meses": "6.00",
        "fecha_ultima_comprobacion": "2025-09-11",
        "proxima_comprobacion": "2025-12-11",
        "frecuencia_comprobacion_meses": "3.00"
      }
    },
    {
      "model": "core.equipo",
      "pk": 2649,
      "fields": {
        "codigo_interno": "MUL-001",
        "nombre": "Multímetro Digital",
        "empresa": 112,
        "tipo_equipo": "Equipo de Medición",
        "marca": "KEYSIGHT",
        "modelo": "34461A",
        "numero_serie": "2024003579",
        "ubicacion": "Laboratorio Principal",
        "responsable": null,
        "estado": "Activo",
        "fecha_adquisicion": "2024-09-25",
        "fecha_registro": "2025-09-25T19:50:01.281Z",
        "rango_medida": null,
        "resolucion": null,
        "error_maximo_permisible": null,
        "observaciones": "Equipo Multímetro Digital para mediciones de precisión",
        "archivo_compra_pdf": "",
        "ficha_tecnica_pdf": "",
        "manual_pdf": "",
        "otros_documentos_pdf": "",
        "imagen_equipo": "",
        "version_formato": null,
        "fecha_version_formato": null,
        "codificacion_formato": null,
        "fecha_ultima_calibracion": "2025-08-26",
        "proxima_calibracion": "2026-08-26",
        "frecuencia_calibracion_meses": "12.00",
        "fecha_ultimo_mantenimiento": "2025-05-28",
        "proximo_mantenimiento": "2025-11-28",
        "frecuencia_mantenimiento_meses": "6.00",
        "fecha_ultima_comprobacion": "2025-09-04",
        "proxima_comprobacion": "2025-12-04",
        "frecuencia_comprobacion_meses": "3.00"
      }
    }
  ],
  "calibraciones": [
    {
      "model": "core.calibracion",
      "pk": 696,
      "fields": {
        "equipo": 2648,
        "fecha_calibracion": "2025-08-11",
        "proveedor": 116,
        "nombre_proveedor": null,
        "resultado": "Aprobado",
        "numero_certificado": "CAL-2024-001235",
        "documento_calibracion": "",
        "confirmacion_metrologica_pdf": "",
        "intervalos_calibracion_pdf": "",
        "observaciones": "Calibracion de presion conforme a especificaciones",
        "fecha_registro": "2025-09-25T20:03:54.715Z"
      }
    },
    {
      "model": "core.calibracion",
      "pk": 697,
      "fields": {
        "equipo": 2649,
        "fecha_calibracion": "2025-08-26",
        "proveedor": 116,
        "nombre_proveedor": null,
        "resultado": "Condicional",
        "numero_certificado": "CAL-2024-001236",
        "documento_calibracion": "",
        "confirmacion_metrologica_pdf": "",
        "intervalos_calibracion_pdf": "",
        "observaciones": "Calibracion con observaciones menores - revisar en 3 meses",
        "fecha_registro": "2025-09-25T20:03:54.745Z"
      }
    }
  ],
  "mantenimientos": [
    {
      "model": "core.mantenimiento",
      "pk": 523,
      "fields": {
        "equipo": 2648,
        "fecha_mantenimiento": "2025-06-27",
        "tipo_mantenimiento": "Correctivo",
        "proveedor": 117,
        "nombre_proveedor": null,
        "responsable": "Tecnico Maria Garcia",
        "costo": "850000.00",
        "descripcion": "Reemplazo de sensor de presion y actualizacion de firmware",
        "documento_mantenimiento": "",
        "observaciones": null,
        "fecha_registro": "2025-09-25T20:03:54.793Z"
      }
    },
    {
      "model": "core.mantenimiento",
      "pk": 524,
      "fields": {
        "equipo": 2649,
        "fecha_mantenimiento": "2025-05-28",
        "tipo_mantenimiento": "Preventivo",
        "proveedor": 117,
        "nombre_proveedor": null,
        "responsable": "Tecnico Carlos Rodriguez",
        "costo": "450000.00",
        "descripcion": "Revision general y limpieza de contactos internos",
        "documento_mantenimiento": "",
        "observaciones": null,
        "fecha_registro": "2025-09-25T20:03:54.814Z"
      }
    }
  ],
  "comprobaciones": [
    {
      "model": "core.comprobacion",
      "pk": 356,
      "fields": {
        "equipo": 2648,
        "fecha_comprobacion": "2025-09-11",
        "proveedor": 118,
        "nombre_proveedor": null,
        "responsable": "Verificador Ana Gutierrez",
        "resultado": "Aprobado",
        "observaciones": "Comprobacion funcional exitosa - todos los parametros dentro de especificaciones",
        "documento_comprobacion": "",
        "fecha_registro": "2025-09-25T20:04:34.911Z"
      }
    },
    {
      "model": "core.comprobacion",
      "pk": 357,
      "fields": {
        "equipo": 2649,
        "fecha_comprobacion": "2025-09-04",
        "proveedor": 118,
        "nombre_proveedor": null,
        "responsable": "Verificador Carlos Mendez",
        "resultado": "No Aprobado",
        "observaciones": "Deriva detectada en rango de 10V - requiere calibracion inmediata",
        "documento_comprobacion": "",
        "fecha_registro": "2025-09-25T20:04:34.935Z"
      }
    }
  ]
}