{
  "metadata": {
    "empresa_id": 113,
    "empresa_nombre": "PRUEBA12",
    "backup_date": "2025-10-02T01:17:28.069605+00:00",
    "version": "1.0"
  },
  "empresa": {
    "model": "core.empresa",
    "pk": 113,
    "fields": {
      "nombre": "PRUEBA12",
      "nit": "312545665",
      "direccion": "CAR13",
      "telefono": "35266562",
      "email": "ASASAS@GMAIL.COM",
      "logo_empresa": "empresas_logos/logo_trial.png",
      "fecha_registro": "2025-09-28T18:24:30.728Z",
      "formato_version_empresa": "ASAS",
      "formato_fecha_version_empresa": null,
      "formato_codificacion_empresa": "ASASAS",
      "es_periodo_prueba": false,
      "duracion_prueba_dias": 30,
      "fecha_inicio_plan": "2025-09-29",
      "limite_equipos_empresa": 50,
      "duracion_suscripcion_meses": 12,
      "limite_almacenamiento_mb": 2000,
      "acceso_manual_activo": false,
      "estado_suscripcion": "Activo",
      "is_deleted": true,
      "deleted_at": "2025-10-01T01:33:14.244Z",
      "deleted_by": 1,
      "delete_reason": "Eliminación manual",
      "tarifa_mensual_sam": "180000.00",
      "fecha_inicio_contrato_sam": null,
      "nivel_servicio_sam": "Estándar",
      "modalidad_pago": "MENSUAL",
      "valor_pago_acordado": "1800000.00",
      "fecha_ultimo_pago": null,
      "fecha_proximo_pago": null,
      "tipo_organismo": "Industrial",
      "normas_aplicables": null
    }
  },
  "usuarios": [],
  "equipos": [
    {
      "model": "core.equipo",
      "pk": 2709,
      "fields": {
        "codigo_interno": "CC-0016",
        "nombre": "Teluro metro de baja frecuencia",
        "empresa": 113,
        "tipo_equipo": "Equipo de Medición",
        "marca": "Metrel",
        "modelo": "MI 2088",
        "numero_serie": "14420707",
        "ubicacion": "CERTICAPITAL",
        "responsable": "Técnico Responsable",
        "estado": "Activo",
        "fecha_adquisicion": "2024-02-27",
        "fecha_registro": "2025-09-28T18:38:38.894Z",
        "rango_medida": "0-20 KΩ\n0-20000 MΩ\n0 - 600 v",
        "resolucion": "0.1mg",
        "error_maximo_permisible": "=+/- 8%",
        "observaciones": "N.R",
        "archivo_compra_pdf": "",
        "ficha_tecnica_pdf": "",
        "manual_pdf": "",
        "otros_documentos_pdf": "",
        "imagen_equipo": "",
        "version_formato": "3",
        "fecha_version_formato": "1900-02-28",
        "codificacion_formato": "5",
        "fecha_ultima_calibracion": "2024-02-27",
        "proxima_calibracion": "2029-02-27",
        "frecuencia_calibracion_meses": "60.90",
        "fecha_ultimo_mantenimiento": "2025-05-22",
        "proximo_mantenimiento": "2025-11-22",
        "frecuencia_mantenimiento_meses": "6.00",
        "fecha_ultima_comprobacion": "2025-05-22",
        "proxima_comprobacion": "2025-11-22",
        "frecuencia_comprobacion_meses": "6.00"
      }
    },
    {
      "model": "core.equipo",
      "pk": 2710,
      "fields": {
        "codigo_interno": "CC-0017",
        "nombre": "Teluro metro de baja frecuencia",
        "empresa": 113,
        "tipo_equipo": "Equipo de Referencia",
        "marca": "Metrel",
        "modelo": "MI 2086",
        "numero_serie": "13360244",
        "ubicacion": "CERTICAPITAL",
        "responsable": "Técnico Responsable",
        "estado": "Activo",
        "fecha_adquisicion": "2022-06-29",
        "fecha_registro": "2025-09-28T18:38:38.912Z",
        "rango_medida": "0-20 KΩ\n0-20000 MΩ\n0 - 600 v",
        "resolucion": "0.1mg",
        "error_maximo_permisible": "=+/- 8%",
        "observaciones": "N.R",
        "archivo_compra_pdf": "",
        "ficha_tecnica_pdf": "",
        "manual_pdf": "",
        "otros_documentos_pdf": "",
        "imagen_equipo": "",
        "version_formato": "3",
        "fecha_version_formato": "1900-02-28",
        "codificacion_formato": "5",
        "fecha_ultima_calibracion": "2022-06-29",
        "proxima_calibracion": "2027-06-29",
        "frecuencia_calibracion_meses": "60.90",
        "fecha_ultimo_mantenimiento": "2022-06-29",
        "proximo_mantenimiento": "2027-06-29",
        "frecuencia_mantenimiento_meses": "60.90",
        "fecha_ultima_comprobacion": "2022-06-29",
        "proxima_comprobacion": "2027-06-29",
        "frecuencia_comprobacion_meses": "60.90"
      }
    },
    {
      "model": "core.equipo",
      "pk": 2711,
      "fields": {
        "codigo_interno": "CC-0018",
        "nombre": "Luxómetro (RETIE)",
        "empresa": 113,
        "tipo_equipo": "Equipo de Medición",
        "marca": "Erasmus",
        "modelo": "EL 200",
        "numero_serie": "130101961",
        "ubicacion": "CERTICAPITAL",
        "responsable": "Técnico Responsable",
        "estado": "Activo",
        "fecha_adquisicion": "2022-08-04",
        "fecha_registro": "2025-09-28T18:38:38.928Z",
        "rango_medida": "0,5-4000 lx",
        "resolucion": "0.1mg",
        "error_maximo_permisible": "=+/- 10%",
        "observaciones": "N.R",
        "archivo_compra_pdf": "",
        "ficha_tecnica_pdf": "",
        "manual_pdf": "",
        "otros_documentos_pdf": "",
        "imagen_equipo": "",
        "version_formato": "3",
        "fecha_version_formato": "1900-02-04",
        "codificacion_formato": "5",
        "fecha_ultima_calibracion": "2022-08-04",
        "proxima_calibracion": "2025-08-04",
        "frecuencia_calibracion_meses": "36.50",
        "fecha_ultimo_mantenimiento": "2025-01-29",
        "proximo_mantenimiento": "2025-07-29",
        "frecuencia_mantenimiento_meses": "6.00",
        "fecha_ultima_comprobacion": "2025-01-29",
        "proxima_comprobacion": "2025-07-29",
        "frecuencia_comprobacion_meses": "6.00"
      }
    },
    {
      "model": "core.equipo",
      "pk": 2712,
      "fields": {
        "codigo_interno": "CC-0029",
        "nombre": "Teluro metro de baja frecuencia",
        "empresa": 113,
        "tipo_equipo": "Equipo de Medición",
        "marca": "Metrel",
        "modelo": "MI 2088",
        "numero_serie": "16020218",
        "ubicacion": "CERTICAPITAL",
        "responsable": "Técnico Responsable",
        "estado": "Activo",
        "fecha_adquisicion": "2024-03-08",
        "fecha_registro": "2025-09-28T18:38:38.942Z",
        "rango_medida": "0-20 KΩ\n0-20000 MΩ\n0 - 600 v",
        "resolucion": "0.1mg",
        "error_maximo_permisible": "=+/- 8%",
        "observaciones": "N.R",
        "archivo_compra_pdf": "",
        "ficha_tecnica_pdf": "",
        "manual_pdf": "",
        "otros_documentos_pdf": "",
        "imagen_equipo": "",
        "version_formato": "3",
        "fecha_version_formato": "1900-02-28",
        "codificacion_formato": "5",
        "fecha_ultima_calibracion": "2024-03-08",
        "proxima_calibracion": "2029-03-08",
        "frecuencia_calibracion_meses": "60.90",
        "fecha_ultimo_mantenimiento": "2025-05-22",
        "proximo_mantenimiento": "2025-11-22",
        "frecuencia_mantenimiento_meses": "6.00",
        "fecha_ultima_comprobacion": "2025-05-22",
        "proxima_comprobacion": "2025-11-22",
        "frecuencia_comprobacion_meses": "6.00"
      }
    },
    {
      "model": "core.equipo",
      "pk": 2713,
      "fields": {
        "codigo_interno": "CC-0030",
        "nombre": "Teluro metro de baja frecuencia",
        "empresa": 113,
        "tipo_equipo": "Equipo de Medición",
        "marca": "Metrel",
        "modelo": "MI 2088",
        "numero_serie": "8420312",
        "ubicacion": "CERTICAPITAL",
        "responsable": "Técnico Responsable",
        "estado": "Activo",
        "fecha_adquisicion": "2024-02-26",
        "fecha_registro": "2025-09-28T18:38:38.959Z",
        "rango_medida": "0-20 KΩ\n0-20000 MΩ\n0 - 600 v",
        "resolucion": "0.1mg",
        "error_maximo_permisible": "=+/- 8%",
        "observaciones": "N.R",
        "archivo_compra_pdf": "",
        "ficha_tecnica_pdf": "",
        "manual_pdf": "",
        "otros_documentos_pdf": "",
        "imagen_equipo": "",
        "version_formato": "3",
        "fecha_version_formato": "1900-02-28",
        "codificacion_formato": "5",
        "fecha_ultima_calibracion": "2024-02-26",
        "proxima_calibracion": "2029-02-26",
        "frecuencia_calibracion_meses": "60.90",
        "fecha_ultimo_mantenimiento": "2025-05-22",
        "proximo_mantenimiento": "2025-11-22",
        "frecuencia_mantenimiento_meses": "6.00",
        "fecha_ultima_comprobacion": "2025-05-22",
        "proxima_comprobacion": "2025-11-22",
        "frecuencia_comprobacion_meses": "6.00"
      }
    },
    {
      "model": "core.equipo",
      "pk": 2714,
      "fields": {
        "codigo_interno": "CC-0031",
        "nombre": "Teluro metro de baja frecuencia",
        "empresa": 113,
        "tipo_equipo": "Equipo de Medición",
        "marca": "Metrel",
        "modelo": "MI 2088",
        "numero_serie": "16020246",
        "ubicacion": "CERTICAPITAL",
        "responsable": "Técnico Responsable",
        "estado": "Activo",
        "fecha_adquisicion": "2024-03-07",
        "fecha_registro": "2025-09-28T18:38:38.972Z",
        "rango_medida": "0-20 KΩ\n0-20000 MΩ\n0 - 600 v",
        "resolucion": "0.1mg",
        "error_maximo_permisible": "=+/- 8%",
        "observaciones": "N.R",
        "archivo_compra_pdf": "",
        "ficha_tecnica_pdf": "",
        "manual_pdf": "",
        "otros_documentos_pdf": "",
        "imagen_equipo": "",
        "version_formato": "3",
        "fecha_version_formato": "1900-02-28",
        "codificacion_formato": "5",
        "fecha_ultima_calibracion": "2024-03-07",
        "proxima_calibracion": "2029-03-07",
        "frecuencia_calibracion_meses": "60.90",
        "fecha_ultimo_mantenimiento": "2025-05-28",
        "proximo_mantenimiento": "2025-11-28",
        "frecuencia_mantenimiento_meses": "6.00",
        "fecha_ultima_comprobacion": "2025-05-28",
        "proxima_comprobacion": "2025-11-28",
        "frecuencia_comprobacion_meses": "6.00"
      }
    },
    {
      "model": "core.equipo",
      "pk": 2715,
      "fields": {
        "codigo_interno": "CC-0032",
        "nombre": "Teluro metro de baja frecuencia",
        "empresa": 113,
        "tipo_equipo": "Equipo de Medición",
        "marca": "Metrel",
        "modelo": "MI 2088",
        "numero_serie": "16020238",
        "ubicacion": "CERTICAPITAL",
        "responsable": "Técnico Responsable",
        "estado": "Activo",
        "fecha_adquisicion": "2022-09-27",
        "fecha_registro": "2025-09-28T18:38:38.985Z",
        "rango_medida": "0-20 KΩ\n0-20000 MΩ\n0 - 600 v",
        "resolucion": "0.1mg",
        "error_maximo_permisible": "=+/- 8%",
        "observaciones": "N.R",
        "archivo_compra_pdf": "",
        "ficha_tecnica_pdf": "",
        "manual_pdf": "",
        "otros_documentos_pdf": "",
        "imagen_equipo": "",
        "version_formato": "3",
        "fecha_version_formato": "1900-02-28",
        "codificacion_formato": "5",
        "fecha_ultima_calibracion": "2022-09-27",
        "proxima_calibracion": "2027-09-27",
        "frecuencia_calibracion_meses": "60.90",
        "fecha_ultimo_mantenimiento": "2025-04-16",
        "proximo_mantenimiento": "2025-10-16",
        "frecuencia_mantenimiento_meses": "6.00",
        "fecha_ultima_comprobacion": "2025-04-16",
        "proxima_comprobacion": "2025-10-16",
        "frecuencia_comprobacion_meses": "6.00"
      }
    },
    {
      "model": "core.equipo",
      "pk": 2716,
      "fields": {
        "codigo_interno": "CC-0050",
        "nombre": "Cinta Metrica - 10 m",
        "empresa": 113,
        "tipo_equipo": "Equipo de Medición",
        "marca": "STANLEY",
        "modelo": "33-463",
        "numero_serie": "CC-0050",
        "ubicacion": "CERTICAPITAL",
        "responsable": "Técnico Responsable",
        "estado": "Activo",
        "fecha_adquisicion": "2022-04-19",
        "fecha_registro": "2025-09-28T18:38:39.003Z",
        "rango_medida": "0 - 10 m",
        "resolucion": "0.1mg",
        "error_maximo_permisible": "=+/- 0,5%",
        "observaciones": "N.R",
        "archivo_compra_pdf": "",
        "ficha_tecnica_pdf": "",
        "manual_pdf": "",
        "otros_documentos_pdf": "",
        "imagen_equipo": "",
        "version_formato": "3",
        "fecha_version_formato": "1900-02-28",
        "codificacion_formato": "5",
        "fecha_ultima_calibracion": "2022-04-19",
        "proxima_calibracion": "2027-04-19",
        "frecuencia_calibracion_meses": "60.90",
        "fecha_ultimo_mantenimiento": "2022-04-19",
        "proximo_mantenimiento": "2022-10-19",
        "frecuencia_mantenimiento_meses": "6.00",
        "fecha_ultima_comprobacion": "2022-04-19",
        "proxima_comprobacion": "2022-10-19",
        "frecuencia_comprobacion_meses": "6.00"
      }
    },
    {
      "model": "core.equipo",
      "pk": 2717,
      "fields": {
        "codigo_interno": "CC-0078",
        "nombre": "Teluro metro de baja frecuencia",
        "empresa": 113,
        "tipo_equipo": "Equipo de Medición",
        "marca": "Metrel",
        "modelo": "MI 2086",
        "numero_serie": "11220288",
        "ubicacion": "CERTICAPITAL",
        "responsable": "Técnico Responsable",
        "estado": "Activo",
        "fecha_adquisicion": "2021-09-09",
        "fecha_registro": "2025-09-28T18:38:39.021Z",
        "rango_medida": "0-20 KΩ\n0-20000 MΩ\n0 - 600 v",
        "resolucion": "0.1mg",
        "error_maximo_permisible": "=+/- 8%",
        "observaciones": "N.R",
        "archivo_compra_pdf": "",
        "ficha_tecnica_pdf": "",
        "manual_pdf": "",
        "otros_documentos_pdf": "",
        "imagen_equipo": "",
        "version_formato": "3",
        "fecha_version_formato": "1900-02-28",
        "codificacion_formato": "5",
        "fecha_ultima_calibracion": "2021-09-09",
        "proxima_calibracion": "2026-09-09",
        "frecuencia_calibracion_meses": "60.90",
        "fecha_ultimo_mantenimiento": "2025-05-22",
        "proximo_mantenimiento": "2025-11-22",
        "frecuencia_mantenimiento_meses": "6.00",
        "fecha_ultima_comprobacion": "2025-05-22",
        "proxima_comprobacion": "2025-11-22",
        "frecuencia_comprobacion_meses": "6.00"
      }
    },
    {
      "model": "core.equipo",
      "pk": 2718,
      "fields": {
        "codigo_interno": "CC-0084",
        "nombre": "Calibrador Pie de Rey",
        "empresa": 113,
        "tipo_equipo": "Equipo de Referencia",
        "marca": "Mitutoyo",
        "modelo": "530-104BR",
        "numero_serie": "14829387",
        "ubicacion": "CERTICAPITAL",
        "responsable": "Técnico Responsable",
        "estado": "Activo",
        "fecha_adquisicion": "2021-09-06",
        "fecha_registro": "2025-09-28T18:38:39.035Z",
        "rango_medida": "0 - 150 mm.",
        "resolucion": "0.1mg",
        "error_maximo_permisible": "=+/- 1.5%",
        "observaciones": "N.R",
        "archivo_compra_pdf": "",
        "ficha_tecnica_pdf": "",
        "manual_pdf": "",
        "otros_documentos_pdf": "",
        "imagen_equipo": "",
        "version_formato": "3",
        "fecha_version_formato": "1900-02-28",
        "codificacion_formato": "5",
        "fecha_ultima_calibracion": "2021-09-06",
        "proxima_calibracion": "2026-09-06",
        "frecuencia_calibracion_meses": "60.90",
        "fecha_ultimo_mantenimiento": "2021-09-06",
        "proximo_mantenimiento": "2026-09-06",
        "frecuencia_mantenimiento_meses": "60.90",
        "fecha_ultima_comprobacion": "2021-09-06",
        "proxima_comprobacion": "2026-09-06",
        "frecuencia_comprobacion_meses": "60.90"
      }
    },
    {
      "model": "core.equipo",
      "pk": 2719,
      "fields": {
        "codigo_interno": "CC-0086",
        "nombre": "Pinza Amperimetrica",
        "empresa": 113,
        "tipo_equipo": "Equipo de Medición",
        "marca": "METREL",
        "modelo": "A 1018",
        "numero_serie": "14351338",
        "ubicacion": "CERTICAPITAL",
        "responsable": "Técnico Responsable",
        "estado": "Activo",
        "fecha_adquisicion": "2025-09-03",
        "fecha_registro": "2025-09-28T18:38:39.052Z",
        "rango_medida": "0,001 - 1200 A",
        "resolucion": "0.1mg",
        "error_maximo_permisible": "≤ 6 %",
        "observaciones": "N.R",
        "archivo_compra_pdf": "",
        "ficha_tecnica_pdf": "",
        "manual_pdf": "",
        "otros_documentos_pdf": "",
        "imagen_equipo": "",
        "version_formato": "3",
        "fecha_version_formato": "1900-02-28",
        "codificacion_formato": "5",
        "fecha_ultima_calibracion": "2025-09-03",
        "proxima_calibracion": "2030-09-03",
        "frecuencia_calibracion_meses": "60.90",
        "fecha_ultimo_mantenimiento": "2025-04-22",
        "proximo_mantenimiento": "2025-10-22",
        "frecuencia_mantenimiento_meses": "6.00",
        "fecha_ultima_comprobacion": "2025-04-22",
        "proxima_comprobacion": "2025-10-22",
        "frecuencia_comprobacion_meses": "6.00"
      }
    },
    {
      "model": "core.equipo",
      "pk": 2720,
      "fields": {
        "codigo_interno": "CC-0087",
        "nombre": "Pinza Amperimetrica",
        "empresa": 113,
        "tipo_equipo": "Equipo de Medición",
        "marca": "METREL",
        "modelo": "A 1018",
        "numero_serie": "14351280",
        "ubicacion": "CERTICAPITAL",
        "responsable": "Técnico Responsable",
        "estado": "Activo",
        "fecha_adquisicion": "2025-09-03",
        "fecha_registro": "2025-09-28T18:38:39.064Z",
        "rango_medida": "0,001 - 1200 A",
        "resolucion": "0.1mg",
        "error_maximo_permisible": "≤ 6 %",
        "observaciones": "N.R",
        "archivo_compra_pdf": "",
        "ficha_tecnica_pdf": "",
        "manual_pdf": "",
        "otros_documentos_pdf": "",
        "imagen_equipo": "",
        "version_formato": "3",
        "fecha_version_formato": "1900-02-28",
        "codificacion_formato": "5",
        "fecha_ultima_calibracion": "2025-09-03",
        "proxima_calibracion": "2030-09-03",
        "frecuencia_calibracion_meses": "60.90",
        "fecha_ultimo_mantenimiento": "2025-04-22",
        "proximo_mantenimiento": "2025-10-22",
        "frecuencia_mantenimiento_meses": "6.00",
        "fecha_ultima_comprobacion": "2025-04-22",
        "proxima_comprobacion": "2025-10-22",
        "frecuencia_comprobacion_meses": "6.00"
      }
    },
    {
      "model": "core.equipo",
      "pk": 2721,
      "fields": {
        "codigo_interno": "CC-0092",
        "nombre": "Luxómetro (RETILAP)",
        "empresa": 113,
        "tipo_equipo": "Equipo de Medición",
        "marca": "SONEL",
        "modelo": "LXP-10",
        "numero_serie": "BM1811",
        "ubicacion": "CERTICAPITAL",
        "responsable": "Técnico Responsable",
        "estado": "Activo",
        "fecha_adquisicion": "2025-04-29",
        "fecha_registro": "2025-09-28T18:38:39.077Z",
        "rango_medida": "0 - 19990 lx",
        "resolucion": "0.1mg",
        "error_maximo_permisible": "=+/- 10%",
        "observaciones": "N.R",
        "archivo_compra_pdf": "",
        "ficha_tecnica_pdf": "",
        "manual_pdf": "",
        "otros_documentos_pdf": "",
        "imagen_equipo": "",
        "version_formato": "3",
        "fecha_version_formato": "1900-02-17",
        "codificacion_formato": "5",
        "fecha_ultima_calibracion": "2025-04-29",
        "proxima_calibracion": "2029-05-29",
        "frecuencia_calibracion_meses": "49.60",
        "fecha_ultimo_mantenimiento": "2025-05-26",
        "proximo_mantenimiento": "2025-11-26",
        "frecuencia_mantenimiento_meses": "6.00",
        "fecha_ultima_comprobacion": "2025-05-26",
        "proxima_comprobacion": "2025-11-26",
        "frecuencia_comprobacion_meses": "6.00"
      }
    },
    {
      "model": "core.equipo",
      "pk": 2722,
      "fields": {
        "codigo_interno": "CC-0095",
        "nombre": "Luminancimetro",
        "empresa": 113,
        "tipo_equipo": "Equipo de Medición",
        "marca": "KONIKA MINOLTA",
        "modelo": "LS-160",
        "numero_serie": "21517",
        "ubicacion": "CERTICAPITAL",
        "responsable": "Técnico Responsable",
        "estado": "Activo",
        "fecha_adquisicion": "2019-05-03",
        "fecha_registro": "2025-09-28T18:38:39.090Z",
        "rango_medida": "0,01 - 9,999 cd/m2",
        "resolucion": "0.1mg",
        "error_maximo_permisible": "=+/- 10%",
        "observaciones": "N.R",
        "archivo_compra_pdf": "",
        "ficha_tecnica_pdf": "",
        "manual_pdf": "",
        "otros_documentos_pdf": "",
        "imagen_equipo": "",
        "version_formato": "3",
        "fecha_version_formato": "1900-02-08",
        "codificacion_formato": "5",
        "fecha_ultima_calibracion": "2019-05-03",
        "proxima_calibracion": "2022-09-03",
        "frecuencia_calibracion_meses": "40.60",
        "fecha_ultimo_mantenimiento": "2025-06-16",
        "proximo_mantenimiento": "2025-12-16",
        "frecuencia_mantenimiento_meses": "6.00",
        "fecha_ultima_comprobacion": "2025-06-16",
        "proxima_comprobacion": "2025-12-16",
        "frecuencia_comprobacion_meses": "6.00"
      }
    },
    {
      "model": "core.equipo",
      "pk": 2723,
      "fields": {
        "codigo_interno": "CC-0096",
        "nombre": "Luxómetro (RETILAP)",
        "empresa": 113,
        "tipo_equipo": "Equipo de Medición",
        "marca": "SONEL",
        "modelo": "LXP-10",
        "numero_serie": "BM1962",
        "ubicacion": "CERTICAPITAL",
        "responsable": "Técnico Responsable",
        "estado": "Activo",
        "fecha_adquisicion": "2025-08-29",
        "fecha_registro": "2025-09-28T18:38:39.103Z",
        "rango_medida": "0 - 19990 lx",
        "resolucion": "0.1mg",
        "error_maximo_permisible": "=+/- 10%",
        "observaciones": "N.R",
        "archivo_compra_pdf": "",
        "ficha_tecnica_pdf": "",
        "manual_pdf": "",
        "otros_documentos_pdf": "",
        "imagen_equipo": "",
        "version_formato": "3",
        "fecha_version_formato": "1900-02-28",
        "codificacion_formato": "5",
        "fecha_ultima_calibracion": "2025-08-29",
        "proxima_calibracion": "2030-08-29",
        "frecuencia_calibracion_meses": "60.90",
        "fecha_ultimo_mantenimiento": "2025-05-26",
        "proximo_mantenimiento": "2025-11-26",
        "frecuencia_mantenimiento_meses": "6.00",
        "fecha_ultima_comprobacion": "2025-05-26",
        "proxima_comprobacion": "2025-11-26",
        "frecuencia_comprobacion_meses": "6.00"
      }
    },
    {
      "model": "core.equipo",
      "pk": 2724,
      "fields": {
        "codigo_interno": "CC-0098",
        "nombre": "Calibrador Pie de Rey",
        "empresa": 113,
        "tipo_equipo": "Equipo de Medición",
        "marca": "WIN",
        "modelo": "NA",
        "numero_serie": "CC-0098",
        "ubicacion": "CERTICAPITAL",
        "responsable": "Técnico Responsable",
        "estado": "Activo",
        "fecha_adquisicion": "2021-08-11",
        "fecha_registro": "2025-09-28T18:38:39.114Z",
        "rango_medida": "0 - 150 mm",
        "resolucion": "0.1mg",
        "error_maximo_permisible": "=+/- 1.5%",
        "observaciones": "N.R",
        "archivo_compra_pdf": "",
        "ficha_tecnica_pdf": "",
        "manual_pdf": "",
        "otros_documentos_pdf": "",
        "imagen_equipo": "",
        "version_formato": "3",
        "fecha_version_formato": "1900-02-28",
        "codificacion_formato": "5",
        "fecha_ultima_calibracion": "2021-08-11",
        "proxima_calibracion": "2026-08-11",
        "frecuencia_calibracion_meses": "60.90",
        "fecha_ultimo_mantenimiento": "2025-05-27",
        "proximo_mantenimiento": "2025-11-27",
        "frecuencia_mantenimiento_meses": "6.00",
        "fecha_ultima_comprobacion": "2025-05-27",
        "proxima_comprobacion": "2025-11-27",
        "frecuencia_comprobacion_meses": "6.00"
      }
    },
    {
      "model": "core.equipo",
      "pk": 2725,
      "fields": {
        "codigo_interno": "CC-0100",
        "nombre": "Calibrador Pie de Rey",
        "empresa": 113,
        "tipo_equipo": "Equipo de Medición",
        "marca": "WIN",
        "modelo": "NA",
        "numero_serie": "CC-0100",
        "ubicacion": "CERTICAPITAL",
        "responsable": "Técnico Responsable",
        "estado": "Activo",
        "fecha_adquisicion": "2021-08-11",
        "fecha_registro": "2025-09-28T18:38:39.126Z",
        "rango_medida": "0 - 150 mm",
        "resolucion": "0.1mg",
        "error_maximo_permisible": "=+/- 1.5%",
        "observaciones": "N.R",
        "archivo_compra_pdf": "",
        "ficha_tecnica_pdf": "",
        "manual_pdf": "",
        "otros_documentos_pdf": "",
        "imagen_equipo": "",
        "version_formato": "3",
        "fecha_version_formato": "1900-02-28",
        "codificacion_formato": "5",
        "fecha_ultima_calibracion": "2021-08-11",
        "proxima_calibracion": "2026-08-11",
        "frecuencia_calibracion_meses": "60.90",
        "fecha_ultimo_mantenimiento": "2025-05-27",
        "proximo_mantenimiento": "2025-11-27",
        "frecuencia_mantenimiento_meses": "6.00",
        "fecha_ultima_comprobacion": "2025-05-27",
        "proxima_comprobacion": "2025-11-27",
        "frecuencia_comprobacion_meses": "6.00"
      }
    },
    {
      "model": "core.equipo",
      "pk": 2726,
      "fields": {
        "codigo_interno": "CC-0101",
        "nombre": "Calibrador Pie de Rey",
        "empresa": 113,
        "tipo_equipo": "Equipo de Medición",
        "marca": "WIN",
        "modelo": "NA",
        "numero_serie": "CC-0101",
        "ubicacion": "CERTICAPITAL",
        "responsable": "Técnico Responsable",
        "estado": "Activo",
        "fecha_adquisicion": "2021-08-11",
        "fecha_registro": "2025-09-28T18:38:39.138Z",
        "rango_medida": "0 - 150 mm",
        "resolucion": "0.1mg",
        "error_maximo_permisible": "=+/- 1.5%",
        "observaciones": "N.R",
        "archivo_compra_pdf": "",
        "ficha_tecnica_pdf": "",
        "manual_pdf": "",
        "otros_documentos_pdf": "",
        "imagen_equipo": "",
        "version_formato": "3",
        "fecha_version_formato": "1900-02-28",
        "codificacion_formato": "5",
        "fecha_ultima_calibracion": "2021-08-11",
        "proxima_calibracion": "2026-08-11",
        "frecuencia_calibracion_meses": "60.90",
        "fecha_ultimo_mantenimiento": "2025-05-27",
        "proximo_mantenimiento": "2025-11-27",
        "frecuencia_mantenimiento_meses": "6.00",
        "fecha_ultima_comprobacion": "2025-05-27",
        "proxima_comprobacion": "2025-11-27",
        "frecuencia_comprobacion_meses": "6.00"
      }
    },
    {
      "model": "core.equipo",
      "pk": 2727,
      "fields": {
        "codigo_interno": "CC-0102",
        "nombre": "Calibrador Pie de Rey",
        "empresa": 113,
        "tipo_equipo": "Equipo de Medición",
        "marca": "WIN",
        "modelo": "NA",
        "numero_serie": "CC-0102",
        "ubicacion": "CERTICAPITAL",
        "responsable": "Técnico Responsable",
        "estado": "Activo",
        "fecha_adquisicion": "2021-08-11",
        "fecha_registro": "2025-09-28T18:38:39.148Z",
        "rango_medida": "0 - 150 mm",
        "resolucion": "0.1mg",
        "error_maximo_permisible": "=+/- 1.5%",
        "observaciones": "N.R",
        "archivo_compra_pdf": "",
        "ficha_tecnica_pdf": "",
        "manual_pdf": "",
        "otros_documentos_pdf": "",
        "imagen_equipo": "",
        "version_formato": "3",
        "fecha_version_formato": "1900-02-28",
        "codificacion_formato": "5",
        "fecha_ultima_calibracion": "2021-08-11",
        "proxima_calibracion": "2026-08-11",
        "frecuencia_calibracion_meses": "60.90",
        "fecha_ultimo_mantenimiento": "2025-05-27",
        "proximo_mantenimiento": "2025-11-27",
        "frecuencia_mantenimiento_meses": "6.00",
        "fecha_ultima_comprobacion": "2025-05-27",
        "proxima_comprobacion": "2025-11-27",
        "frecuencia_comprobacion_meses": "6.00"
      }
    },
    {
      "model": "core.equipo",
      "pk": 2728,
      "fields": {
        "codigo_interno": "CC-0103",
        "nombre": "Cinta Metrica - 50 m",
        "empresa": 113,
        "tipo_equipo": "Equipo de Medición",
        "marca": "STANLEY",
        "modelo": "34-263",
        "numero_serie": "CC-0103",
        "ubicacion": "CERTICAPITAL",
        "responsable": "Técnico Responsable",
        "estado": "Activo",
        "fecha_adquisicion": "2021-09-08",
        "fecha_registro": "2025-09-28T18:38:39.158Z",
        "rango_medida": "0 - 50 m",
        "resolucion": "0.1mg",
        "error_maximo_permisible": "=+/- 0,5%",
        "observaciones": "N.R",
        "archivo_compra_pdf": "",
        "ficha_tecnica_pdf": "",
        "manual_pdf": "",
        "otros_documentos_pdf": "",
        "imagen_equipo": "",
        "version_formato": "3",
        "fecha_version_formato": "1900-02-28",
        "codificacion_formato": "5",
        "fecha_ultima_calibracion": "2021-09-08",
        "proxima_calibracion": "2026-09-08",
        "frecuencia_calibracion_meses": "60.90",
        "fecha_ultimo_mantenimiento": "2025-04-15",
        "proximo_mantenimiento": "2025-10-15",
        "frecuencia_mantenimiento_meses": "6.00",
        "fecha_ultima_comprobacion": "2025-04-15",
        "proxima_comprobacion": "2025-10-15",
        "frecuencia_comprobacion_meses": "6.00"
      }
    },
    {
      "model": "core.equipo",
      "pk": 2729,
      "fields": {
        "codigo_interno": "CC-0104",
        "nombre": "Cinta Metrica - 50 m",
        "empresa": 113,
        "tipo_equipo": "Equipo de Medición",
        "marca": "STANLEY",
        "modelo": "34-263",
        "numero_serie": "CC-0104",
        "ubicacion": "CERTICAPITAL",
        "responsable": "Técnico Responsable",
        "estado": "Activo",
        "fecha_adquisicion": "2021-08-19",
        "fecha_registro": "2025-09-28T18:38:39.173Z",
        "rango_medida": "0 - 50 m",
        "resolucion": "0.1mg",
        "error_maximo_permisible": "=+/- 0,5%",
        "observaciones": "N.R",
        "archivo_compra_pdf": "",
        "ficha_tecnica_pdf": "",
        "manual_pdf": "",
        "otros_documentos_pdf": "",
        "imagen_equipo": "",
        "version_formato": "3",
        "fecha_version_formato": "1900-02-28",
        "codificacion_formato": "5",
        "fecha_ultima_calibracion": "2021-08-19",
        "proxima_calibracion": "2026-08-19",
        "frecuencia_calibracion_meses": "60.90",
        "fecha_ultimo_mantenimiento": "2025-04-15",
        "proximo_mantenimiento": "2025-10-15",
        "frecuencia_mantenimiento_meses": "6.00",
        "fecha_ultima_comprobacion": "2025-04-15",
        "proxima_comprobacion": "2025-10-15",
        "frecuencia_comprobacion_meses": "6.00"
      }
    },
    {
      "model": "core.equipo",
      "pk": 2730,
      "fields": {
        "codigo_interno": "CC-0105",
        "nombre": "Cinta Metrica - 50 m",
        "empresa": 113,
        "tipo_equipo": "Equipo de Medición",
        "marca": "STANLEY",
        "modelo": "34-263",
        "numero_serie": "CC-0105",
        "ubicacion": "CERTICAPITAL",
        "responsable": "Técnico Responsable",
        "estado": "Activo",
        "fecha_adquisicion": "2021-08-19",
        "fecha_registro": "2025-09-28T18:38:39.183Z",
        "rango_medida": "0 - 50 m",
        "resolucion": "0.1mg",
        "error_maximo_permisible": "=+/- 0,5%",
        "observaciones": "N.R",
        "archivo_compra_pdf": "",
        "ficha_tecnica_pdf": "",
        "manual_pdf": "",
        "otros_documentos_pdf": "",
        "imagen_equipo": "",
        "version_formato": "3",
        "fecha_version_formato": "1900-02-28",
        "codificacion_formato": "5",
        "fecha_ultima_calibracion": "2021-08-19",
        "proxima_calibracion": "2026-08-19",
        "frecuencia_calibracion_meses": "60.90",
        "fecha_ultimo_mantenimiento": "2025-04-15",
        "proximo_mantenimiento": "2025-10-15",
        "frecuencia_mantenimiento_meses": "6.00",
        "fecha_ultima_comprobacion": "2025-04-15",
        "proxima_comprobacion": "2025-10-15",
        "frecuencia_comprobacion_meses": "6.00"
      }
    },
    {
      "model": "core.equipo",
      "pk": 2731,
      "fields": {
        "codigo_interno": "CC-0106",
        "nombre": "Cinta Metrica - 50 m",
        "empresa": 113,
        "tipo_equipo": "Equipo de Medición",
        "marca": "STANLEY",
        "modelo": "34-263",
        "numero_serie": "CC-0106",
        "ubicacion": "CERTICAPITAL",
        "responsable": "Técnico Responsable",
        "estado": "Activo",
        "fecha_adquisicion": "2021-08-20",
        "fecha_registro": "2025-09-28T18:38:39.194Z",
        "rango_medida": "0 - 50 m",
        "resolucion": "0.1mg",
        "error_maximo_permisible": "=+/- 0,5%",
        "observaciones": "N.R",
        "archivo_compra_pdf": "",
        "ficha_tecnica_pdf": "",
        "manual_pdf": "",
        "otros_documentos_pdf": "",
        "imagen_equipo": "",
        "version_formato": "3",
        "fecha_version_formato": "1900-02-28",
        "codificacion_formato": "5",
        "fecha_ultima_calibracion": "2021-08-20",
        "proxima_calibracion": "2026-08-20",
        "frecuencia_calibracion_meses": "60.90",
        "fecha_ultimo_mantenimiento": "2025-04-22",
        "proximo_mantenimiento": "2025-10-22",
        "frecuencia_mantenimiento_meses": "6.00",
        "fecha_ultima_comprobacion": "2025-04-22",
        "proxima_comprobacion": "2025-10-22",
        "frecuencia_comprobacion_meses": "6.00"
      }
    },
    {
      "model": "core.equipo",
      "pk": 2732,
      "fields": {
        "codigo_interno": "CC-0107",
        "nombre": "Cinta Metrica - 50 m",
        "empresa": 113,
        "tipo_equipo": "Equipo de Medición",
        "marca": "STANLEY",
        "modelo": "34-263",
        "numero_serie": "CC-0107",
        "ubicacion": "CERTICAPITAL",
        "responsable": "Técnico Responsable",
        "estado": "Activo",
        "fecha_adquisicion": "2021-08-20",
        "fecha_registro": "2025-09-28T18:38:39.205Z",
        "rango_medida": "0 - 50 m",
        "resolucion": "0.1mg",
        "error_maximo_permisible": "=+/- 0,5%",
        "observaciones": "N.R",
        "archivo_compra_pdf": "",
        "ficha_tecnica_pdf": "",
        "manual_pdf": "",
        "otros_documentos_pdf": "",
        "imagen_equipo": "",
        "version_formato": "3",
        "fecha_version_formato": "1900-02-28",
        "codificacion_formato": "5",
        "fecha_ultima_calibracion": "2021-08-20",
        "proxima_calibracion": "2026-08-20",
        "frecuencia_calibracion_meses": "60.90",
        "fecha_ultimo_mantenimiento": "2025-04-22",
        "proximo_mantenimiento": "2025-10-22",
        "frecuencia_mantenimiento_meses": "6.00",
        "fecha_ultima_comprobacion": "2025-04-22",
        "proxima_comprobacion": "2025-10-22",
        "frecuencia_comprobacion_meses": "6.00"
      }
    },
    {
      "model": "core.equipo",
      "pk": 2733,
      "fields": {
        "codigo_interno": "CC-0108",
        "nombre": "Cinta Métrica - 5 m",
        "empresa": 113,
        "tipo_equipo": "Equipo de Medición",
        "marca": "STANLEY",
        "modelo": "30-615",
        "numero_serie": "CC-0108",
        "ubicacion": "CERTICAPITAL",
        "responsable": "Técnico Responsable",
        "estado": "Activo",
        "fecha_adquisicion": "2021-09-08",
        "fecha_registro": "2025-09-28T18:38:39.215Z",
        "rango_medida": "0 - 5 m",
        "resolucion": "0.1mg",
        "error_maximo_permisible": "=+/- 0,5%",
        "observaciones": "N.R",
        "archivo_compra_pdf": "",
        "ficha_tecnica_pdf": "",
        "manual_pdf": "",
        "otros_documentos_pdf": "",
        "imagen_equipo": "",
        "version_formato": "3",
        "fecha_version_formato": "1900-02-28",
        "codificacion_formato": "5",
        "fecha_ultima_calibracion": "2021-09-08",
        "proxima_calibracion": "2026-09-08",
        "frecuencia_calibracion_meses": "60.90",
        "fecha_ultimo_mantenimiento": "2025-03-25",
        "proximo_mantenimiento": "2025-09-25",
        "frecuencia_mantenimiento_meses": "6.00",
        "fecha_ultima_comprobacion": "2025-03-25",
        "proxima_comprobacion": "2025-09-25",
        "frecuencia_comprobacion_meses": "6.00"
      }
    },
    {
      "model": "core.equipo",
      "pk": 2734,
      "fields": {
        "codigo_interno": "CC-0109",
        "nombre": "Cinta Métrica - 5 m",
        "empresa": 113,
        "tipo_equipo": "Equipo de Medición",
        "marca": "STANLEY",
        "modelo": "30-615",
        "numero_serie": "CC-0109",
        "ubicacion": "CERTICAPITAL",
        "responsable": "Técnico Responsable",
        "estado": "Activo",
        "fecha_adquisicion": "2021-09-09",
        "fecha_registro": "2025-09-28T18:38:39.226Z",
        "rango_medida": "0 - 5 m",
        "resolucion": "0.1mg",
        "error_maximo_permisible": "=+/- 0,5%",
        "observaciones": "N.R",
        "archivo_compra_pdf": "",
        "ficha_tecnica_pdf": "",
        "manual_pdf": "",
        "otros_documentos_pdf": "",
        "imagen_equipo": "",
        "version_formato": "3",
        "fecha_version_formato": "1900-02-28",
        "codificacion_formato": "5",
        "fecha_ultima_calibracion": "2021-09-09",
        "proxima_calibracion": "2026-09-09",
        "frecuencia_calibracion_meses": "60.90",
        "fecha_ultimo_mantenimiento": "2025-03-25",
        "proximo_mantenimiento": "2025-09-25",
        "frecuencia_mantenimiento_meses": "6.00",
        "fecha_ultima_comprobacion": "2025-03-25",
        "proxima_comprobacion": "2025-09-25",
        "frecuencia_comprobacion_meses": "6.00"
      }
    },
    {
      "model": "core.equipo",
      "pk": 2735,
      "fields": {
        "codigo_interno": "CC-0110",
        "nombre": "Cinta Métrica - 5 m",
        "empresa": 113,
        "tipo_equipo": "Equipo de Medición",
        "marca": "STANLEY",
        "modelo": "30-615",
        "numero_serie": "CC-0110",
        "ubicacion": "CERTICAPITAL",
        "responsable": "Técnico Responsable",
        "estado": "Activo",
        "fecha_adquisicion": "2021-09-09",
        "fecha_registro": "2025-09-28T18:38:39.238Z",
        "rango_medida": "0 - 5 m",
        "resolucion": "0.1mg",
        "error_maximo_permisible": "=+/- 0,5%",
        "observaciones": "N.R",
        "archivo_compra_pdf": "",
        "ficha_tecnica_pdf": "",
        "manual_pdf": "",
        "otros_documentos_pdf": "",
        "imagen_equipo": "",
        "version_formato": "3",
        "fecha_version_formato": "1900-02-28",
        "codificacion_formato": "5",
        "fecha_ultima_calibracion": "2021-09-09",
        "proxima_calibracion": "2026-09-09",
        "frecuencia_calibracion_meses": "60.90",
        "fecha_ultimo_mantenimiento": "2025-03-25",
        "proximo_mantenimiento": "2025-09-25",
        "frecuencia_mantenimiento_meses": "6.00",
        "fecha_ultima_comprobacion": "2025-03-25",
        "proxima_comprobacion": "2025-09-25",
        "frecuencia_comprobacion_meses": "6.00"
      }
    },
    {
      "model": "core.equipo",
      "pk": 2736,
      "fields": {
        "codigo_interno": "CC-0111",
        "nombre": "Cinta Métrica - 5 m",
        "empresa": 113,
        "tipo_equipo": "Equipo de Medición",
        "marca": "STANLEY",
        "modelo": "30-615",
        "numero_serie": "CC-0111",
        "ubicacion": "CERTICAPITAL",
        "responsable": "Técnico Responsable",
        "estado": "Activo",
        "fecha_adquisicion": "2021-09-09",
        "fecha_registro": "2025-09-28T18:38:39.247Z",
        "rango_medida": "0 - 5 m",
        "resolucion": "0.1mg",
        "error_maximo_permisible": "=+/- 0,5%",
        "observaciones": "N.R",
        "archivo_compra_pdf": "",
        "ficha_tecnica_pdf": "",
        "manual_pdf": "",
        "otros_documentos_pdf": "",
        "imagen_equipo": "",
        "version_formato": "3",
        "fecha_version_formato": "1900-02-28",
        "codificacion_formato": "5",
        "fecha_ultima_calibracion": "2021-09-09",
        "proxima_calibracion": "2026-09-09",
        "frecuencia_calibracion_meses": "60.90",
        "fecha_ultimo_mantenimiento": "2025-03-25",
        "proximo_mantenimiento": "2025-09-25",
        "frecuencia_mantenimiento_meses": "6.00",
        "fecha_ultima_comprobacion": "2025-03-25",
        "proxima_comprobacion": "2025-09-25",
        "frecuencia_comprobacion_meses": "6.00"
      }
    },
    {
      "model": "core.equipo",
      "pk": 2737,
      "fields": {
        "codigo_interno": "CC-0112",
        "nombre": "Cinta Métrica - 5 m",
        "empresa": 113,
        "tipo_equipo": "Equipo de Medición",
        "marca": "STANLEY",
        "modelo": "30-615",
        "numero_serie": "CC-0112",
        "ubicacion": "CERTICAPITAL",
        "responsable": "Técnico Responsable",
        "estado": "Activo",
        "fecha_adquisicion": "2021-09-08",
        "fecha_registro": "2025-09-28T18:38:39.263Z",
        "rango_medida": "0 - 5 m",
        "resolucion": "0.1mg",
        "error_maximo_permisible": "=+/- 0,5%",
        "observaciones": "N.R",
        "archivo_compra_pdf": "",
        "ficha_tecnica_pdf": "",
        "manual_pdf": "",
        "otros_documentos_pdf": "",
        "imagen_equipo": "",
        "version_formato": "3",
        "fecha_version_formato": "1900-02-28",
        "codificacion_formato": "5",
        "fecha_ultima_calibracion": "2021-09-08",
        "proxima_calibracion": "2026-09-08",
        "frecuencia_calibracion_meses": "60.90",
        "fecha_ultimo_mantenimiento": "2025-04-15",
        "proximo_mantenimiento": "2025-10-15",
        "frecuencia_mantenimiento_meses": "6.00",
        "fecha_ultima_comprobacion": "2025-04-15",
        "proxima_comprobacion": "2025-10-15",
        "frecuencia_comprobacion_meses": "6.00"
      }
    },
    {
      "model": "core.equipo",
      "pk": 2738,
      "fields": {
        "codigo_interno": "CC-0113",
        "nombre": "Cinta Métrica - 5 m",
        "empresa": 113,
        "tipo_equipo": "Equipo de Medición",
        "marca": "STANLEY",
        "modelo": "30-615",
        "numero_serie": "CC-0113",
        "ubicacion": "CERTICAPITAL",
        "responsable": "Técnico Responsable",
        "estado": "Activo",
        "fecha_adquisicion": "2021-09-08",
        "fecha_registro": "2025-09-28T18:38:39.275Z",
        "rango_medida": "0 - 5 m",
        "resolucion": "0.1mg",
        "error_maximo_permisible": "=+/- 0,5%",
        "observaciones": "N.R",
        "archivo_compra_pdf": "",
        "ficha_tecnica_pdf": "",
        "manual_pdf": "",
        "otros_documentos_pdf": "",
        "imagen_equipo": "",
        "version_formato": "3",
        "fecha_version_formato": "1900-02-28",
        "codificacion_formato": "5",
        "fecha_ultima_calibracion": "2021-09-08",
        "proxima_calibracion": "2026-09-08",
        "frecuencia_calibracion_meses": "60.90",
        "fecha_ultimo_mantenimiento": "2025-04-15",
        "proximo_mantenimiento": "2025-10-15",
        "frecuencia_mantenimiento_meses": "6.00",
        "fecha_ultima_comprobacion": "2025-04-15",
        "proxima_comprobacion": "2025-10-15",
        "frecuencia_comprobacion_meses": "6.00"
      }
    },
    {
      "model": "core.equipo",
      "pk": 2739,
      "fields": {
        "codigo_interno": "CC-0114",
        "nombre": "Cinta Métrica - 5 m",
        "empresa": 113,
        "tipo_equipo": "Equipo de Medición",
        "marca": "STANLEY",
        "modelo": "30-615",
        "numero_serie": "CC-0114",
        "ubicacion": "CERTICAPITAL",
        "responsable": "Técnico Responsable",
        "estado": "Activo",
        "fecha_adquisicion": "2021-09-08",
        "fecha_registro": "2025-09-28T18:38:39.287Z",
        "rango_medida": "0 - 5 m",
        "resolucion": "0.1mg",
        "error_maximo_permisible": "=+/- 0,5%",
        "observaciones": "N.R",
        "archivo_compra_pdf": "",
        "ficha_tecnica_pdf": "",
        "manual_pdf": "",
        "otros_documentos_pdf": "",
        "imagen_equipo": "",
        "version_formato": "3",
        "fecha_version_formato": "1900-02-28",
        "codificacion_formato": "5",
        "fecha_ultima_calibracion": "2021-09-08",
        "proxima_calibracion": "2026-09-08",
        "frecuencia_calibracion_meses": "60.90",
        "fecha_ultimo_mantenimiento": "2025-04-15",
        "proximo_mantenimiento": "2025-10-15",
        "frecuencia_mantenimiento_meses": "6.00",
        "fecha_ultima_comprobacion": "2025-04-15",
        "proxima_comprobacion": "2025-10-15",
        "frecuencia_comprobacion_meses": "6.00"
      }
    },
    {
      "model": "core.equipo",
      "pk": 2740,
      "fields": {
        "codigo_interno": "CC-0115",
        "nombre": "Cinta Métrica - 5 m",
        "empresa": 113,
        "tipo_equipo": "Equipo de Medición",
        "marca": "STANLEY",
        "modelo": "30-615",
        "numero_serie": "CC-0115",
        "ubicacion": "CERTICAPITAL",
        "responsable": "Técnico Responsable",
        "estado": "Activo",
        "fecha_adquisicion": "2021-09-08",
        "fecha_registro": "2025-09-28T18:38:39.299Z",
        "rango_medida": "0 - 5 m",
        "resolucion": "0.1mg",
        "error_maximo_permisible": "=+/- 0,5%",
        "observaciones": "N.R",
        "archivo_compra_pdf": "",
        "ficha_tecnica_pdf": "",
        "manual_pdf": "",
        "otros_documentos_pdf": "",
        "imagen_equipo": "",
        "version_formato": "3",
        "fecha_version_formato": "1900-02-28",
        "codificacion_formato": "5",
        "fecha_ultima_calibracion": "2021-09-08",
        "proxima_calibracion": "2026-09-08",
        "frecuencia_calibracion_meses": "60.90",
        "fecha_ultimo_mantenimiento": "2025-04-23",
        "proximo_mantenimiento": "2025-10-23",
        "frecuencia_mantenimiento_meses": "6.00",
        "fecha_ultima_comprobacion": "2025-04-23",
        "proxima_comprobacion": "2025-10-23",
        "frecuencia_comprobacion_meses": "6.00"
      }
    },
    {
      "model": "core.equipo",
      "pk": 2741,
      "fields": {
        "codigo_interno": "CC-0116",
        "nombre": "Cinta Métrica - 5 m",
        "empresa": 113,
        "tipo_equipo": "Equipo de Medición",
        "marca": "STANLEY",
        "modelo": "30-615",
        "numero_serie": "CC-0116",
        "ubicacion": "CERTICAPITAL",
        "responsable": "Técnico Responsable",
        "estado": "Activo",
        "fecha_adquisicion": "2021-09-09",
        "fecha_registro": "2025-09-28T18:38:39.309Z",
        "rango_medida": "0 - 5 m",
        "resolucion": "0.1mg",
        "error_maximo_permisible": "=+/- 0,5%",
        "observaciones": "N.R",
        "archivo_compra_pdf": "",
        "ficha_tecnica_pdf": "",
        "manual_pdf": "",
        "otros_documentos_pdf": "",
        "imagen_equipo": "",
        "version_formato": "3",
        "fecha_version_formato": "1900-02-28",
        "codificacion_formato": "5",
        "fecha_ultima_calibracion": "2021-09-09",
        "proxima_calibracion": "2026-09-09",
        "frecuencia_calibracion_meses": "60.90",
        "fecha_ultimo_mantenimiento": "2025-04-08",
        "proximo_mantenimiento": "2025-10-08",
        "frecuencia_mantenimiento_meses": "6.00",
        "fecha_ultima_comprobacion": "2025-04-08",
        "proxima_comprobacion": "2025-10-08",
        "frecuencia_comprobacion_meses": "6.00"
      }
    },
    {
      "model": "core.equipo",
      "pk": 2742,
      "fields": {
        "codigo_interno": "CC-0117",
        "nombre": "Cinta Métrica - 5 m",
        "empresa": 113,
        "tipo_equipo": "Equipo de Medición",
        "marca": "STANLEY",
        "modelo": "30-615",
        "numero_serie": "CC-0117",
        "ubicacion": "CERTICAPITAL",
        "responsable": "Técnico Responsable",
        "estado": "Activo",
        "fecha_adquisicion": "2021-09-10",
        "fecha_registro": "2025-09-28T18:38:39.320Z",
        "rango_medida": "0 - 5 m",
        "resolucion": "0.1mg",
        "error_maximo_permisible": "=+/- 0,5%",
        "observaciones": "N.R",
        "archivo_compra_pdf": "",
        "ficha_tecnica_pdf": "",
        "manual_pdf": "",
        "otros_documentos_pdf": "",
        "imagen_equipo": "",
        "version_formato": "3",
        "fecha_version_formato": "1900-02-28",
        "codificacion_formato": "5",
        "fecha_ultima_calibracion": "2021-09-10",
        "proxima_calibracion": "2026-09-10",
        "frecuencia_calibracion_meses": "60.90",
        "fecha_ultimo_mantenimiento": "2025-04-08",
        "proximo_mantenimiento": "2025-10-08",
        "frecuencia_mantenimiento_meses": "6.00",
        "fecha_ultima_comprobacion": "2025-04-08",
        "proxima_comprobacion": "2025-10-08",
        "frecuencia_comprobacion_meses": "6.00"
      }
    },
    {
      "model": "core.equipo",
      "pk": 2743,
      "fields": {
        "codigo_interno": "CC-0118",
        "nombre": "Cinta Métrica - 5 m",
        "empresa": 113,
        "tipo_equipo": "Equipo de Medición",
        "marca": "STANLEY",
        "modelo": "30-615",
        "numero_serie": "CC-0118",
        "ubicacion": "CERTICAPITAL",
        "responsable": "Técnico Responsable",
        "estado": "Activo",
        "fecha_adquisicion": "2021-09-10",
        "fecha_registro": "2025-09-28T18:38:39.329Z",
        "rango_medida": "0 - 5 m",
        "resolucion": "0.1mg",
        "error_maximo_permisible": "=+/- 0,5%",
        "observaciones": "N.R",
        "archivo_compra_pdf": "",
        "ficha_tecnica_pdf": "",
        "manual_pdf": "",
        "otros_documentos_pdf": "",
        "imagen_equipo": "",
        "version_formato": "3",
        "fecha_version_formato": "1900-02-28",
        "codificacion_formato": "5",
        "fecha_ultima_calibracion": "2021-09-10",
        "proxima_calibracion": "2026-09-10",
        "frecuencia_calibracion_meses": "60.90",
        "fecha_ultimo_mantenimiento": "2025-04-08",
        "proximo_mantenimiento": "2025-10-08",
        "frecuencia_mantenimiento_meses": "6.00",
        "fecha_ultima_comprobacion": "2025-04-08",
        "proxima_comprobacion": "2025-10-08",
        "frecuencia_comprobacion_meses": "6.00"
      }
    },
    {
      "model": "core.equipo",
      "pk": 2744,
      "fields": {
        "codigo_interno": "CC-0119",
        "nombre": "Cinta Métrica - 5 m",
        "empresa": 113,
        "tipo_equipo": "Equipo de Medición",
        "marca": "STANLEY",
        "modelo": "30-615",
        "numero_serie": "CC-0119",
        "ubicacion": "CERTICAPITAL",
        "responsable": "Técnico Responsable",
        "estado": "Activo",
        "fecha_adquisicion": "2021-09-13",
        "fecha_registro": "2025-09-28T18:38:39.339Z",
        "rango_medida": "0 - 5 m",
        "resolucion": "0.1mg",
        "error_maximo_permisible": "=+/- 0,5%",
        "observaciones": "N.R",
        "archivo_compra_pdf": "",
        "ficha_tecnica_pdf": "",
        "manual_pdf": "",
        "otros_documentos_pdf": "",
        "imagen_equipo": "",
        "version_formato": "3",
        "fecha_version_formato": "1900-02-28",
        "codificacion_formato": "5",
        "fecha_ultima_calibracion": "2021-09-13",
        "proxima_calibracion": "2026-09-13",
        "frecuencia_calibracion_meses": "60.90",
        "fecha_ultimo_mantenimiento": "2025-04-08",
        "proximo_mantenimiento": "2025-10-08",
        "frecuencia_mantenimiento_meses": "6.00",
        "fecha_ultima_comprobacion": "2025-04-08",
        "proxima_comprobacion": "2025-10-08",
        "frecuencia_comprobacion_meses": "6.00"
      }
    },
    {
      "model": "core.equipo",
      "pk": 2745,
      "fields": {
        "codigo_interno": "CC-0120",
        "nombre": "Multímetro",
        "empresa": 113,
        "tipo_equipo": "Equipo de Medición",
        "marca": "UNI-T",
        "modelo": "UT33C+",
        "numero_serie": "C210259278",
        "ubicacion": "CERTICAPITAL",
        "responsable": "Técnico Responsable",
        "estado": "Activo",
        "fecha_adquisicion": "2025-03-19",
        "fecha_registro": "2025-09-28T18:38:39.348Z",
        "rango_medida": "0 - 600 v",
        "resolucion": "0.1mg",
        "error_maximo_permisible": "=+/- 6%",
        "observaciones": "N.R",
        "archivo_compra_pdf": "",
        "ficha_tecnica_pdf": "",
        "manual_pdf": "",
        "otros_documentos_pdf": "",
        "imagen_equipo": "",
        "version_formato": "3",
        "fecha_version_formato": "1900-02-28",
        "codificacion_formato": "5",
        "fecha_ultima_calibracion": "2025-03-19",
        "proxima_calibracion": "2030-03-19",
        "frecuencia_calibracion_meses": "60.50",
        "fecha_ultimo_mantenimiento": "2025-04-22",
        "proximo_mantenimiento": "2025-10-22",
        "frecuencia_mantenimiento_meses": "6.00",
        "fecha_ultima_comprobacion": "2025-04-22",
        "proxima_comprobacion": "2025-10-22",
        "frecuencia_comprobacion_meses": "6.00"
      }
    },
    {
      "model": "core.equipo",
      "pk": 2746,
      "fields": {
        "codigo_interno": "CC-0121",
        "nombre": "Multímetro",
        "empresa": 113,
        "tipo_equipo": "Equipo de Medición",
        "marca": "UNI-T",
        "modelo": "UT33C+",
        "numero_serie": "C210259266",
        "ubicacion": "CERTICAPITAL",
        "responsable": "Técnico Responsable",
        "estado": "Activo",
        "fecha_adquisicion": "2025-03-07",
        "fecha_registro": "2025-09-28T18:38:39.359Z",
        "rango_medida": "0 - 600 v",
        "resolucion": "0.1mg",
        "error_maximo_permisible": "=+/- 6%",
        "observaciones": "N.R",
        "archivo_compra_pdf": "",
        "ficha_tecnica_pdf": "",
        "manual_pdf": "",
        "otros_documentos_pdf": "",
        "imagen_equipo": "",
        "version_formato": "3",
        "fecha_version_formato": "1900-02-28",
        "codificacion_formato": "5",
        "fecha_ultima_calibracion": "2025-03-07",
        "proxima_calibracion": "2030-03-07",
        "frecuencia_calibracion_meses": "60.90",
        "fecha_ultimo_mantenimiento": "2025-04-22",
        "proximo_mantenimiento": "2025-10-22",
        "frecuencia_mantenimiento_meses": "6.00",
        "fecha_ultima_comprobacion": "2025-04-22",
        "proxima_comprobacion": "2025-10-22",
        "frecuencia_comprobacion_meses": "6.00"
      }
    },
    {
      "model": "core.equipo",
      "pk": 2747,
      "fields": {
        "codigo_interno": "CC-0122",
        "nombre": "Multímetro",
        "empresa": 113,
        "tipo_equipo": "Equipo de Medición",
        "marca": "UNI-T",
        "modelo": "UT33C+",
        "numero_serie": "C210258813",
        "ubicacion": "CERTICAPITAL",
        "responsable": "Técnico Responsable",
        "estado": "Activo",
        "fecha_adquisicion": "2025-03-07",
        "fecha_registro": "2025-09-28T18:38:39.371Z",
        "rango_medida": "0 - 600 v",
        "resolucion": "0.1mg",
        "error_maximo_permisible": "=+/- 6%",
        "observaciones": "N.R",
        "archivo_compra_pdf": "",
        "ficha_tecnica_pdf": "",
        "manual_pdf": "",
        "otros_documentos_pdf": "",
        "imagen_equipo": "",
        "version_formato": "3",
        "fecha_version_formato": "1900-02-28",
        "codificacion_formato": "5",
        "fecha_ultima_calibracion": "2025-03-07",
        "proxima_calibracion": "2030-03-07",
        "frecuencia_calibracion_meses": "60.90",
        "fecha_ultimo_mantenimiento": "2025-04-22",
        "proximo_mantenimiento": "2025-10-22",
        "frecuencia_mantenimiento_meses": "6.00",
        "fecha_ultima_comprobacion": "2025-04-22",
        "proxima_comprobacion": "2025-10-22",
        "frecuencia_comprobacion_meses": "6.00"
      }
    },
    {
      "model": "core.equipo",
      "pk": 2748,
      "fields": {
        "codigo_interno": "CC-0123",
        "nombre": "Multímetro",
        "empresa": 113,
        "tipo_equipo": "Equipo de Medición",
        "marca": "UNI-T",
        "modelo": "UT33C+",
        "numero_serie": "C21058865",
        "ubicacion": "CERTICAPITAL",
        "responsable": "Técnico Responsable",
        "estado": "Activo",
        "fecha_adquisicion": "2025-03-07",
        "fecha_registro": "2025-09-28T18:38:39.380Z",
        "rango_medida": "0 - 600 v",
        "resolucion": "0.1mg",
        "error_maximo_permisible": "=+/- 6%",
        "observaciones": "N.R",
        "archivo_compra_pdf": "",
        "ficha_tecnica_pdf": "",
        "manual_pdf": "",
        "otros_documentos_pdf": "",
        "imagen_equipo": "",
        "version_formato": "3",
        "fecha_version_formato": "1900-02-28",
        "codificacion_formato": "5",
        "fecha_ultima_calibracion": "2025-03-07",
        "proxima_calibracion": "2030-03-07",
        "frecuencia_calibracion_meses": "60.90",
        "fecha_ultimo_mantenimiento": "2025-04-22",
        "proximo_mantenimiento": "2025-10-22",
        "frecuencia_mantenimiento_meses": "6.00",
        "fecha_ultima_comprobacion": "2025-04-22",
        "proxima_comprobacion": "2025-10-22",
        "frecuencia_comprobacion_meses": "6.00"
      }
    },
    {
      "model": "core.equipo",
      "pk": 2749,
      "fields": {
        "codigo_interno": "CC-0124",
        "nombre": "Multímetro",
        "empresa": 113,
        "tipo_equipo": "Equipo de Medición",
        "marca": "UNI-T",
        "modelo": "UT33C+",
        "numero_serie": "CC-0124",
        "ubicacion": "CERTICAPITAL",
        "responsable": "Técnico Responsable",
        "estado": "Activo",
        "fecha_adquisicion": "2025-03-07",
        "fecha_registro": "2025-09-28T18:38:39.391Z",
        "rango_medida": "0 - 600 v",
        "resolucion": "0.1mg",
        "error_maximo_permisible": "=+/- 6%",
        "observaciones": "N.R",
        "archivo_compra_pdf": "",
        "ficha_tecnica_pdf": "",
        "manual_pdf": "",
        "otros_documentos_pdf": "",
        "imagen_equipo": "",
        "version_formato": "3",
        "fecha_version_formato": "1900-02-04",
        "codificacion_formato": "5",
        "fecha_ultima_calibracion": "2025-03-07",
        "proxima_calibracion": "2028-03-07",
        "frecuencia_calibracion_meses": "36.50",
        "fecha_ultimo_mantenimiento": "2025-04-22",
        "proximo_mantenimiento": "2025-10-22",
        "frecuencia_mantenimiento_meses": "6.00",
        "fecha_ultima_comprobacion": "2025-04-22",
        "proxima_comprobacion": "2025-10-22",
        "frecuencia_comprobacion_meses": "6.00"
      }
    },
    {
      "model": "core.equipo",
      "pk": 2750,
      "fields": {
        "codigo_interno": "CC-0125",
        "nombre": "Luxómetro (RETILAP)",
        "empresa": 113,
        "tipo_equipo": "Equipo de Medición",
        "marca": "SONEL",
        "modelo": "LXP-10",
        "numero_serie": "BM2372",
        "ubicacion": "CERTICAPITAL",
        "responsable": "Técnico Responsable",
        "estado": "Activo",
        "fecha_adquisicion": "2022-08-04",
        "fecha_registro": "2025-09-28T18:38:39.400Z",
        "rango_medida": "0 - 19990 lx",
        "resolucion": "0.1mg",
        "error_maximo_permisible": "=+/- 10%",
        "observaciones": "N.R",
        "archivo_compra_pdf": "",
        "ficha_tecnica_pdf": "",
        "manual_pdf": "",
        "otros_documentos_pdf": "",
        "imagen_equipo": "",
        "version_formato": "3",
        "fecha_version_formato": "1900-02-04",
        "codificacion_formato": "5",
        "fecha_ultima_calibracion": "2022-08-04",
        "proxima_calibracion": "2025-08-04",
        "frecuencia_calibracion_meses": "36.50",
        "fecha_ultimo_mantenimiento": "2025-08-26",
        "proximo_mantenimiento": "2026-02-26",
        "frecuencia_mantenimiento_meses": "6.00",
        "fecha_ultima_comprobacion": "2025-08-26",
        "proxima_comprobacion": "2026-02-26",
        "frecuencia_comprobacion_meses": "6.00"
      }
    },
    {
      "model": "core.equipo",
      "pk": 2751,
      "fields": {
        "codigo_interno": "CC-0126",
        "nombre": "Luxómetro (RETILAP)",
        "empresa": 113,
        "tipo_equipo": "Equipo de Referencia",
        "marca": "SONEL",
        "modelo": "LXP-10",
        "numero_serie": "BM2189",
        "ubicacion": "CERTICAPITAL",
        "responsable": "Técnico Responsable",
        "estado": "Activo",
        "fecha_adquisicion": "2025-08-29",
        "fecha_registro": "2025-09-28T18:38:39.410Z",
        "rango_medida": "0 - 19990 lx",
        "resolucion": "0.1mg",
        "error_maximo_permisible": "=+/- 10%",
        "observaciones": "N.R",
        "archivo_compra_pdf": "",
        "ficha_tecnica_pdf": "",
        "manual_pdf": "",
        "otros_documentos_pdf": "",
        "imagen_equipo": "",
        "version_formato": "3",
        "fecha_version_formato": "1900-02-28",
        "codificacion_formato": "5",
        "fecha_ultima_calibracion": "2025-08-29",
        "proxima_calibracion": "2030-08-29",
        "frecuencia_calibracion_meses": "60.90",
        "fecha_ultimo_mantenimiento": "2025-08-29",
        "proximo_mantenimiento": "2030-08-29",
        "frecuencia_mantenimiento_meses": "60.90",
        "fecha_ultima_comprobacion": "2025-08-29",
        "proxima_comprobacion": "2030-08-29",
        "frecuencia_comprobacion_meses": "60.90"
      }
    },
    {
      "model": "core.equipo",
      "pk": 2752,
      "fields": {
        "codigo_interno": "CC-0127",
        "nombre": "Teluro metro de baja frecuencia",
        "empresa": 113,
        "tipo_equipo": "Equipo de Medición",
        "marca": "Metrel",
        "modelo": "MI 2088",
        "numero_serie": "22011827",
        "ubicacion": "CERTICAPITAL",
        "responsable": "Técnico Responsable",
        "estado": "Activo",
        "fecha_adquisicion": "2024-03-07",
        "fecha_registro": "2025-09-28T18:38:39.420Z",
        "rango_medida": "0-20 KΩ\n0-20000 MΩ\n0 - 600 v",
        "resolucion": "0.1mg",
        "error_maximo_permisible": "=+/- 8%",
        "observaciones": "N.R",
        "archivo_compra_pdf": "",
        "ficha_tecnica_pdf": "",
        "manual_pdf": "",
        "otros_documentos_pdf": "",
        "imagen_equipo": "",
        "version_formato": "3",
        "fecha_version_formato": "1900-01-23",
        "codificacion_formato": "5",
        "fecha_ultima_calibracion": "2024-03-07",
        "proxima_calibracion": "2026-03-07",
        "frecuencia_calibracion_meses": "24.30",
        "fecha_ultimo_mantenimiento": "2025-04-24",
        "proximo_mantenimiento": "2025-10-24",
        "frecuencia_mantenimiento_meses": "6.00",
        "fecha_ultima_comprobacion": "2025-04-24",
        "proxima_comprobacion": "2025-10-24",
        "frecuencia_comprobacion_meses": "6.00"
      }
    },
    {
      "model": "core.equipo",
      "pk": 2753,
      "fields": {
        "codigo_interno": "CC-0128",
        "nombre": "Analizador de Radiodifusión",
        "empresa": 113,
        "tipo_equipo": "Equipo de Referencia",
        "marca": "PROMAX",
        "modelo": "Ranger Mini",
        "numero_serie": "211129000000",
        "ubicacion": "CERTICAPITAL",
        "responsable": "Técnico Responsable",
        "estado": "Activo",
        "fecha_adquisicion": "2025-09-05",
        "fecha_registro": "2025-09-28T18:38:39.430Z",
        "rango_medida": "47 - 70 dBuV",
        "resolucion": "0.1mg",
        "error_maximo_permisible": "=+/- 6%",
        "observaciones": "N.R",
        "archivo_compra_pdf": "",
        "ficha_tecnica_pdf": "",
        "manual_pdf": "",
        "otros_documentos_pdf": "",
        "imagen_equipo": "",
        "version_formato": "3",
        "fecha_version_formato": "1900-02-28",
        "codificacion_formato": "5",
        "fecha_ultima_calibracion": "2025-09-05",
        "proxima_calibracion": "2030-09-05",
        "frecuencia_calibracion_meses": "60.90",
        "fecha_ultimo_mantenimiento": "2025-09-05",
        "proximo_mantenimiento": "2030-09-05",
        "frecuencia_mantenimiento_meses": "60.90",
        "fecha_ultima_comprobacion": "2025-09-05",
        "proxima_comprobacion": "2030-09-05",
        "frecuencia_comprobacion_meses": "60.90"
      }
    },
    {
      "model": "core.equipo",
      "pk": 2754,
      "fields": {
        "codigo_interno": "CC-0129",
        "nombre": "Luxómetro (RETIE)",
        "empresa": 113,
        "tipo_equipo": "Equipo de Medición",
        "marca": "Erasmus",
        "modelo": "EL 200",
        "numero_serie": "220700047",
        "ubicacion": "CERTICAPITAL",
        "responsable": "Técnico Responsable",
        "estado": "Activo",
        "fecha_adquisicion": "2025-04-29",
        "fecha_registro": "2025-09-28T18:38:39.441Z",
        "rango_medida": "0,5-4000 lx",
        "resolucion": "0.1mg",
        "error_maximo_permisible": "=+/- 10%",
        "observaciones": "N.R",
        "archivo_compra_pdf": "",
        "ficha_tecnica_pdf": "",
        "manual_pdf": "",
        "otros_documentos_pdf": "",
        "imagen_equipo": "",
        "version_formato": "3",
        "fecha_version_formato": "1900-02-19",
        "codificacion_formato": "5",
        "fecha_ultima_calibracion": "2025-04-29",
        "proxima_calibracion": "2029-07-29",
        "frecuencia_calibracion_meses": "51.40",
        "fecha_ultimo_mantenimiento": "2025-04-22",
        "proximo_mantenimiento": "2025-10-22",
        "frecuencia_mantenimiento_meses": "6.00",
        "fecha_ultima_comprobacion": "2025-04-22",
        "proxima_comprobacion": "2025-10-22",
        "frecuencia_comprobacion_meses": "6.00"
      }
    },
    {
      "model": "core.equipo",
      "pk": 2755,
      "fields": {
        "codigo_interno": "CC-0130",
        "nombre": "Luxómetro (RETIE)",
        "empresa": 113,
        "tipo_equipo": "Equipo de Medición",
        "marca": "Erasmus",
        "modelo": "EL 200",
        "numero_serie": "220700064",
        "ubicacion": "CERTICAPITAL",
        "responsable": "Técnico Responsable",
        "estado": "Activo",
        "fecha_adquisicion": "2025-04-29",
        "fecha_registro": "2025-09-28T18:38:39.452Z",
        "rango_medida": "0,5-4000 lx",
        "resolucion": "0.1mg",
        "error_maximo_permisible": "=+/- 10%",
        "observaciones": "N.R",
        "archivo_compra_pdf": "",
        "ficha_tecnica_pdf": "",
        "manual_pdf": "",
        "otros_documentos_pdf": "",
        "imagen_equipo": "",
        "version_formato": "3",
        "fecha_version_formato": "1900-02-04",
        "codificacion_formato": "5",
        "fecha_ultima_calibracion": "2025-04-29",
        "proxima_calibracion": "2028-04-29",
        "frecuencia_calibracion_meses": "36.10",
        "fecha_ultimo_mantenimiento": "2025-04-22",
        "proximo_mantenimiento": "2025-10-22",
        "frecuencia_mantenimiento_meses": "6.00",
        "fecha_ultima_comprobacion": "2025-04-22",
        "proxima_comprobacion": "2025-10-22",
        "frecuencia_comprobacion_meses": "6.00"
      }
    },
    {
      "model": "core.equipo",
      "pk": 2706,
      "fields": {
        "codigo_interno": "CC-0131",
        "nombre": "Luxómetro (RETIE)",
        "empresa": 113,
        "tipo_equipo": "Equipo de Referencia",
        "marca": "Erasmus",
        "modelo": "EL 200",
        "numero_serie": "220700095",
        "ubicacion": "CERTICAPITAL",
        "responsable": "Técnico Responsable",
        "estado": "Activo",
        "fecha_adquisicion": "2023-03-30",
        "fecha_registro": "2025-09-28T18:25:31.446Z",
        "rango_medida": "0,5-4000 lx",
        "resolucion": "0.1mg",
        "error_maximo_permisible": "=+/- 10%",
        "observaciones": "N.R",
        "archivo_compra_pdf": "",
        "ficha_tecnica_pdf": "",
        "manual_pdf": "",
        "otros_documentos_pdf": "",
        "imagen_equipo": "",
        "version_formato": "3",
        "fecha_version_formato": "1900-02-04",
        "codificacion_formato": "5",
        "fecha_ultima_calibracion": "2023-03-30",
        "proxima_calibracion": "2026-03-30",
        "frecuencia_calibracion_meses": "36.50",
        "fecha_ultimo_mantenimiento": "2025-04-22",
        "proximo_mantenimiento": "2025-10-22",
        "frecuencia_mantenimiento_meses": "6.00",
        "fecha_ultima_comprobacion": "2025-04-22",
        "proxima_comprobacion": "2025-10-22",
        "frecuencia_comprobacion_meses": "6.00"
      }
    },
    {
      "model": "core.equipo",
      "pk": 2756,
      "fields": {
        "codigo_interno": "CC-0132",
        "nombre": "Luxómetro (RETIE)",
        "empresa": 113,
        "tipo_equipo": "Equipo de Medición",
        "marca": "Erasmus",
        "modelo": "EL 200",
        "numero_serie": "220700071",
        "ubicacion": "CERTICAPITAL",
        "responsable": "Técnico Responsable",
        "estado": "Activo",
        "fecha_adquisicion": "2023-03-30",
        "fecha_registro": "2025-09-28T18:38:39.465Z",
        "rango_medida": "0,5-4000 lx",
        "resolucion": "0.1mg",
        "error_maximo_permisible": "=+/- 10%",
        "observaciones": "N.R",
        "archivo_compra_pdf": "",
        "ficha_tecnica_pdf": "",
        "manual_pdf": "",
        "otros_documentos_pdf": "",
        "imagen_equipo": "",
        "version_formato": "3",
        "fecha_version_formato": "1900-02-04",
        "codificacion_formato": "5",
        "fecha_ultima_calibracion": "2023-03-30",
        "proxima_calibracion": "2026-03-30",
        "frecuencia_calibracion_meses": "36.50",
        "fecha_ultimo_mantenimiento": "2025-04-22",
        "proximo_mantenimiento": "2025-10-22",
        "frecuencia_mantenimiento_meses": "6.00",
        "fecha_ultima_comprobacion": "2025-04-22",
        "proxima_comprobacion": "2025-10-22",
        "frecuencia_comprobacion_meses": "6.00"
      }
    },
    {
      "model": "core.equipo",
      "pk": 2757,
      "fields": {
        "codigo_interno": "CC-0133",
        "nombre": "Analizador de Radiodifusión",
        "empresa": 113,
        "tipo_equipo": "Equipo de Medición",
        "marca": "AMIKO",
        "modelo": "TSC 1270",
        "numero_serie": "20230101170",
        "ubicacion": "CERTICAPITAL",
        "responsable": "Técnico Responsable",
        "estado": "Activo",
        "fecha_adquisicion": "2023-12-05",
        "fecha_registro": "2025-09-28T18:38:39.477Z",
        "rango_medida": "47 - 70 dBuV",
        "resolucion": "0.1mg",
        "error_maximo_permisible": "=+/- 8%",
        "observaciones": "N.R",
        "archivo_compra_pdf": "",
        "ficha_tecnica_pdf": "",
        "manual_pdf": "",
        "otros_documentos_pdf": "",
        "imagen_equipo": "",
        "version_formato": "3",
        "fecha_version_formato": "1900-02-04",
        "codificacion_formato": "5",
        "fecha_ultima_calibracion": "2023-12-05",
        "proxima_calibracion": "2026-12-05",
        "frecuencia_calibracion_meses": "36.50",
        "fecha_ultimo_mantenimiento": "2025-06-17",
        "proximo_mantenimiento": "2025-12-17",
        "frecuencia_mantenimiento_meses": "6.00",
        "fecha_ultima_comprobacion": "2025-06-17",
        "proxima_comprobacion": "2025-12-17",
        "frecuencia_comprobacion_meses": "6.00"
      }
    },
    {
      "model": "core.equipo",
      "pk": 2758,
      "fields": {
        "codigo_interno": "CC-0134",
        "nombre": "Analizador de Radiodifusión",
        "empresa": 113,
        "tipo_equipo": "Equipo de Medición",
        "marca": "AMIKO",
        "modelo": "TSC 1270",
        "numero_serie": "20230101172",
        "ubicacion": "CERTICAPITAL",
        "responsable": "Técnico Responsable",
        "estado": "Activo",
        "fecha_adquisicion": "2023-12-05",
        "fecha_registro": "2025-09-28T18:38:39.487Z",
        "rango_medida": "47 - 70 dBuV",
        "resolucion": "0.1mg",
        "error_maximo_permisible": "=+/- 8%",
        "observaciones": "N.R",
        "archivo_compra_pdf": "",
        "ficha_tecnica_pdf": "",
        "manual_pdf": "",
        "otros_documentos_pdf": "",
        "imagen_equipo": "",
        "version_formato": "3",
        "fecha_version_formato": "1900-02-04",
        "codificacion_formato": "5",
        "fecha_ultima_calibracion": "2023-12-05",
        "proxima_calibracion": "2026-12-05",
        "frecuencia_calibracion_meses": "36.50",
        "fecha_ultimo_mantenimiento": "2025-06-17",
        "proximo_mantenimiento": "2025-12-17",
        "frecuencia_mantenimiento_meses": "6.00",
        "fecha_ultima_comprobacion": "2025-06-17",
        "proxima_comprobacion": "2025-12-17",
        "frecuencia_comprobacion_meses": "6.00"
      }
    },
    {
      "model": "core.equipo",
      "pk": 2759,
      "fields": {
        "codigo_interno": "CC-0135",
        "nombre": "Analizador de Radiodifusión",
        "empresa": 113,
        "tipo_equipo": "Equipo de Medición",
        "marca": "AMIKO",
        "modelo": "TSC 1270",
        "numero_serie": "20230101174",
        "ubicacion": "CERTICAPITAL",
        "responsable": "Técnico Responsable",
        "estado": "Activo",
        "fecha_adquisicion": "2023-12-11",
        "fecha_registro": "2025-09-28T18:38:39.496Z",
        "rango_medida": "47 - 70 dBuV",
        "resolucion": "0.1mg",
        "error_maximo_permisible": "=+/- 8%",
        "observaciones": "N.R",
        "archivo_compra_pdf": "",
        "ficha_tecnica_pdf": "",
        "manual_pdf": "",
        "otros_documentos_pdf": "",
        "imagen_equipo": "",
        "version_formato": "3",
        "fecha_version_formato": "1900-02-04",
        "codificacion_formato": "5",
        "fecha_ultima_calibracion": "2023-12-11",
        "proxima_calibracion": "2026-12-11",
        "frecuencia_calibracion_meses": "36.50",
        "fecha_ultimo_mantenimiento": "2025-06-23",
        "proximo_mantenimiento": "2025-12-23",
        "frecuencia_mantenimiento_meses": "6.00",
        "fecha_ultima_comprobacion": "2025-06-23",
        "proxima_comprobacion": "2025-12-23",
        "frecuencia_comprobacion_meses": "6.00"
      }
    },
    {
      "model": "core.equipo",
      "pk": 2760,
      "fields": {
        "codigo_interno": "CC-0136",
        "nombre": "Analizador de Radiodifusión",
        "empresa": 113,
        "tipo_equipo": "Equipo de Medición",
        "marca": "AMIKO",
        "modelo": "TSC 1270",
        "numero_serie": "20230101176",
        "ubicacion": "CERTICAPITAL",
        "responsable": "Técnico Responsable",
        "estado": "Activo",
        "fecha_adquisicion": "2023-12-05",
        "fecha_registro": "2025-09-28T18:38:39.507Z",
        "rango_medida": "47 - 70 dBuV",
        "resolucion": "0.1mg",
        "error_maximo_permisible": "=+/- 8%",
        "observaciones": "N.R",
        "archivo_compra_pdf": "",
        "ficha_tecnica_pdf": "",
        "manual_pdf": "",
        "otros_documentos_pdf": "",
        "imagen_equipo": "",
        "version_formato": "3",
        "fecha_version_formato": "1900-02-04",
        "codificacion_formato": "5",
        "fecha_ultima_calibracion": "2023-12-05",
        "proxima_calibracion": "2026-12-05",
        "frecuencia_calibracion_meses": "36.50",
        "fecha_ultimo_mantenimiento": "2025-06-23",
        "proximo_mantenimiento": "2025-12-23",
        "frecuencia_mantenimiento_meses": "6.00",
        "fecha_ultima_comprobacion": "2025-06-23",
        "proxima_comprobacion": "2025-12-23",
        "frecuencia_comprobacion_meses": "6.00"
      }
    },
    {
      "model": "core.equipo",
      "pk": 2761,
      "fields": {
        "codigo_interno": "CC-0137",
        "nombre": "Analizador de Radiodifusión",
        "empresa": 113,
        "tipo_equipo": "Equipo de Medición",
        "marca": "AMIKO",
        "modelo": "TSC 1270",
        "numero_serie": "20221201423",
        "ubicacion": "CERTICAPITAL",
        "responsable": "Técnico Responsable",
        "estado": "Activo",
        "fecha_adquisicion": "2023-12-11",
        "fecha_registro": "2025-09-28T18:38:39.519Z",
        "rango_medida": "47 - 70 dBuV",
        "resolucion": "0.1mg",
        "error_maximo_permisible": "=+/- 8%",
        "observaciones": "N.R",
        "archivo_compra_pdf": "",
        "ficha_tecnica_pdf": "",
        "manual_pdf": "",
        "otros_documentos_pdf": "",
        "imagen_equipo": "",
        "version_formato": "3",
        "fecha_version_formato": "1900-02-04",
        "codificacion_formato": "5",
        "fecha_ultima_calibracion": "2023-12-11",
        "proxima_calibracion": "2026-12-11",
        "frecuencia_calibracion_meses": "36.50",
        "fecha_ultimo_mantenimiento": "2025-06-23",
        "proximo_mantenimiento": "2025-12-23",
        "frecuencia_mantenimiento_meses": "6.00",
        "fecha_ultima_comprobacion": "2025-06-23",
        "proxima_comprobacion": "2025-12-23",
        "frecuencia_comprobacion_meses": "6.00"
      }
    },
    {
      "model": "core.equipo",
      "pk": 2707,
      "fields": {
        "codigo_interno": "CC-0138",
        "nombre": "Regla Graduada",
        "empresa": 113,
        "tipo_equipo": "Equipo de Referencia",
        "marca": "SHINWA",
        "modelo": "201F",
        "numero_serie": "0-153",
        "ubicacion": "CERTICAPITAL",
        "responsable": "Técnico Responsable",
        "estado": "Activo",
        "fecha_adquisicion": "2023-05-09",
        "fecha_registro": "2025-09-28T18:25:31.483Z",
        "rango_medida": "0 - 1000 mm",
        "resolucion": "0.1mg",
        "error_maximo_permisible": "=+/- 0,5%",
        "observaciones": "N.R",
        "archivo_compra_pdf": "",
        "ficha_tecnica_pdf": "",
        "manual_pdf": "",
        "otros_documentos_pdf": "",
        "imagen_equipo": "",
        "version_formato": "3",
        "fecha_version_formato": "1900-02-28",
        "codificacion_formato": "5",
        "fecha_ultima_calibracion": "2023-05-09",
        "proxima_calibracion": "2028-05-09",
        "frecuencia_calibracion_meses": "60.90",
        "fecha_ultimo_mantenimiento": "2023-05-09",
        "proximo_mantenimiento": "2028-05-09",
        "frecuencia_mantenimiento_meses": "60.90",
        "fecha_ultima_comprobacion": "2023-05-09",
        "proxima_comprobacion": "2028-05-09",
        "frecuencia_comprobacion_meses": "60.90"
      }
    },
    {
      "model": "core.equipo",
      "pk": 2762,
      "fields": {
        "codigo_interno": "CC-0139",
        "nombre": "PESA 20 Kg",
        "empresa": 113,
        "tipo_equipo": "Equipo de Medición",
        "marca": "FTR",
        "modelo": "PARALELEPÍPEDO RECTANGULAR",
        "numero_serie": "SN01",
        "ubicacion": "CERTICAPITAL",
        "responsable": "Técnico Responsable",
        "estado": "Activo",
        "fecha_adquisicion": "2025-07-28",
        "fecha_registro": "2025-09-28T18:38:39.539Z",
        "rango_medida": "20Kg",
        "resolucion": "0.1mg",
        "error_maximo_permisible": "0.03",
        "observaciones": "N.R",
        "archivo_compra_pdf": "",
        "ficha_tecnica_pdf": "",
        "manual_pdf": "",
        "otros_documentos_pdf": "",
        "imagen_equipo": "",
        "version_formato": "3",
        "fecha_version_formato": "1900-02-04",
        "codificacion_formato": "5",
        "fecha_ultima_calibracion": "2025-07-28",
        "proxima_calibracion": "2028-07-28",
        "frecuencia_calibracion_meses": "36.50",
        "fecha_ultimo_mantenimiento": "2025-07-28",
        "proximo_mantenimiento": "2026-01-28",
        "frecuencia_mantenimiento_meses": "6.00",
        "fecha_ultima_comprobacion": "2025-07-28",
        "proxima_comprobacion": "2026-01-28",
        "frecuencia_comprobacion_meses": "6.00"
      }
    }
  ],
  "calibraciones": [],
  "mantenimientos": [],
  "comprobaciones": []
}