{
  "metadata": {
    "empresa_id": 19,
    "empresa_nombre": "Instrumentos Precisión Ltda",
    "backup_date": "2025-09-23T15:22:29.846064+00:00",
    "version": "1.0"
  },
  "empresa": {
    "model": "core.empresa",
    "pk": 19,
    "fields": {
      "nombre": "Instrumentos Precisión Ltda",
      "nit": "800987654-3",
      "direccion": "Carrera 15 #85-20, Medellín",
      "telefono": "+57-4-2345678",
      "email": "contacto@precision.com.co",
      "logo_empresa": "",
      "fecha_registro": "2025-09-21T01:03:26.643Z",
      "formato_version_empresa": null,
      "formato_fecha_version_empresa": null,
      "formato_codificacion_empresa": null,
      "es_periodo_prueba": true,
      "duracion_prueba_dias": 15,
      "fecha_inicio_plan": "2025-09-21",
      "limite_equipos_empresa": 50,
      "duracion_suscripcion_meses": null,
      "limite_almacenamiento_mb": 2048,
      "acceso_manual_activo": false,
      "estado_suscripcion": "Activo"
    }
  },
  "usuarios": [
    {
      "model": "core.customuser",
      "pk": 17,
      "fields": {
        "password": "pbkdf2_sha256$1000000$CtD8lF7QOKlw3Up55stxXb$bYCbS210D/CkV5EEu6NCwhV3h/OOOwglnRfKdrllhpE=",
        "last_login": null,
        "is_superuser": false,
        "username": "usuario2",
        "first_name": "Usuario2",
        "last_name": "Prueba",
        "email": "usuario2@instrumentosprecisiónltda.com",
        "is_staff": false,
        "is_active": true,
        "date_joined": "2025-09-21T01:03:27.145Z",
        "empresa": 19,
        "groups": [],
        "user_permissions": []
      }
    }
  ],
  "equipos": [
    {
      "model": "core.equipo",
      "pk": 60,
      "fields": {
        "codigo_interno": "INS-001",
        "nombre": "Balanza analítica Omega 1",
        "empresa": 19,
        "tipo_equipo": "Balanza analítica",
        "marca": "Omega",
        "modelo": "M-7647",
        "numero_serie": "SN802597",
        "ubicacion": "Oficina Técnica",
        "responsable": "Técnico María",
        "estado": "Activo",
        "fecha_adquisicion": "2022-10-26",
        "fecha_registro": "2025-09-21T01:03:31.345Z",
        "rango_medida": "0-686 unidades",
        "resolucion": "0.2 unidades",
        "error_maximo_permisible": "1.6254896389189504",
        "observaciones": "Equipo generado para pruebas de calidad",
        "archivo_compra_pdf": "",
        "ficha_tecnica_pdf": "",
        "manual_pdf": "",
        "otros_documentos_pdf": "",
        "imagen_equipo": "",
        "version_formato": null,
        "fecha_version_formato": null,
        "codificacion_formato": null,
        "fecha_ultima_calibracion": "2025-09-29",
        "proxima_calibracion": "2026-09-29",
        "frecuencia_calibracion_meses": "12.00",
        "fecha_ultimo_mantenimiento": null,
        "proximo_mantenimiento": "2026-09-29",
        "frecuencia_mantenimiento_meses": "12.00",
        "fecha_ultima_comprobacion": null,
        "proxima_comprobacion": "2026-03-29",
        "frecuencia_comprobacion_meses": "6.00"
      }
    },
    {
      "model": "core.equipo",
      "pk": 61,
      "fields": {
        "codigo_interno": "INS-002",
        "nombre": "Balanza analítica Hanna Instruments 2",
        "empresa": 19,
        "tipo_equipo": "Balanza analítica",
        "marca": "Hanna Instruments",
        "modelo": "M-3916",
        "numero_serie": "SN457111",
        "ubicacion": "Laboratorio A",
        "responsable": "Técnico María",
        "estado": "Inactivo",
        "fecha_adquisicion": "2025-03-07",
        "fecha_registro": "2025-09-21T01:03:31.386Z",
        "rango_medida": "0-378 unidades",
        "resolucion": "0.1 unidades",
        "error_maximo_permisible": "0.2773546970669565",
        "observaciones": "Equipo generado para pruebas de calidad",
        "archivo_compra_pdf": "",
        "ficha_tecnica_pdf": "",
        "manual_pdf": "",
        "otros_documentos_pdf": "",
        "imagen_equipo": "",
        "version_formato": null,
        "fecha_version_formato": null,
        "codificacion_formato": null,
        "fecha_ultima_calibracion": null,
        "proxima_calibracion": null,
        "frecuencia_calibracion_meses": "6.00",
        "fecha_ultimo_mantenimiento": "2025-10-08",
        "proximo_mantenimiento": null,
        "frecuencia_mantenimiento_meses": "3.00",
        "fecha_ultima_comprobacion": null,
        "proxima_comprobacion": null,
        "frecuencia_comprobacion_meses": "1.00"
      }
    },
    {
      "model": "core.equipo",
      "pk": 62,
      "fields": {
        "codigo_interno": "INS-003",
        "nombre": "Multímetro digital Yokogawa 3",
        "empresa": 19,
        "tipo_equipo": "Multímetro digital",
        "marca": "Yokogawa",
        "modelo": "M-9872",
        "numero_serie": "SN848382",
        "ubicacion": "Laboratorio B",
        "responsable": "Técnico María",
        "estado": "Activo",
        "fecha_adquisicion": "2022-10-27",
        "fecha_registro": "2025-09-21T01:03:31.438Z",
        "rango_medida": "0-531 unidades",
        "resolucion": "0.2 unidades",
        "error_maximo_permisible": "0.9316804420157643",
        "observaciones": "Equipo generado para pruebas de calidad",
        "archivo_compra_pdf": "",
        "ficha_tecnica_pdf": "",
        "manual_pdf": "",
        "otros_documentos_pdf": "",
        "imagen_equipo": "",
        "version_formato": null,
        "fecha_version_formato": null,
        "codificacion_formato": null,
        "fecha_ultima_calibracion": null,
        "proxima_calibracion": "2023-10-27",
        "frecuencia_calibracion_meses": "12.00",
        "fecha_ultimo_mantenimiento": null,
        "proximo_mantenimiento": "2023-01-27",
        "frecuencia_mantenimiento_meses": "3.00",
        "fecha_ultima_comprobacion": "2025-09-25",
        "proxima_comprobacion": "2026-03-25",
        "frecuencia_comprobacion_meses": "6.00"
      }
    },
    {
      "model": "core.equipo",
      "pk": 63,
      "fields": {
        "codigo_interno": "INS-004",
        "nombre": "Multímetro digital Keysight 4",
        "empresa": 19,
        "tipo_equipo": "Multímetro digital",
        "marca": "Keysight",
        "modelo": "M-1372",
        "numero_serie": "SN134344",
        "ubicacion": "Laboratorio B",
        "responsable": "Técnico Carlos",
        "estado": "De Baja",
        "fecha_adquisicion": "2021-05-22",
        "fecha_registro": "2025-09-21T01:03:31.501Z",
        "rango_medida": "0-598 unidades",
        "resolucion": "0.1 unidades",
        "error_maximo_permisible": "0.9523477941216301",
        "observaciones": "Equipo generado para pruebas de calidad",
        "archivo_compra_pdf": "",
        "ficha_tecnica_pdf": "",
        "manual_pdf": "",
        "otros_documentos_pdf": "",
        "imagen_equipo": "",
        "version_formato": null,
        "fecha_version_formato": null,
        "codificacion_formato": null,
        "fecha_ultima_calibracion": null,
        "proxima_calibracion": null,
        "frecuencia_calibracion_meses": "12.00",
        "fecha_ultimo_mantenimiento": null,
        "proximo_mantenimiento": null,
        "frecuencia_mantenimiento_meses": "12.00",
        "fecha_ultima_comprobacion": null,
        "proxima_comprobacion": null,
        "frecuencia_comprobacion_meses": "3.00"
      }
    },
    {
      "model": "core.equipo",
      "pk": 64,
      "fields": {
        "codigo_interno": "INS-005",
        "nombre": "Balanza analítica Yokogawa 5",
        "empresa": 19,
        "tipo_equipo": "Balanza analítica",
        "marca": "Yokogawa",
        "modelo": "M-8838",
        "numero_serie": "SN424657",
        "ubicacion": "Oficina Técnica",
        "responsable": "Técnico Ana",
        "estado": "Activo",
        "fecha_adquisicion": "2025-08-13",
        "fecha_registro": "2025-09-21T01:03:31.516Z",
        "rango_medida": "0-982 unidades",
        "resolucion": "0.1 unidades",
        "error_maximo_permisible": "1.5031902870875842",
        "observaciones": "Equipo generado para pruebas de calidad",
        "archivo_compra_pdf": "",
        "ficha_tecnica_pdf": "",
        "manual_pdf": "",
        "otros_documentos_pdf": "",
        "imagen_equipo": "",
        "version_formato": null,
        "fecha_version_formato": null,
        "codificacion_formato": null,
        "fecha_ultima_calibracion": null,
        "proxima_calibracion": "2026-02-13",
        "frecuencia_calibracion_meses": "6.00",
        "fecha_ultimo_mantenimiento": "2025-10-18",
        "proximo_mantenimiento": "2026-01-18",
        "frecuencia_mantenimiento_meses": "3.00",
        "fecha_ultima_comprobacion": "2025-09-26",
        "proxima_comprobacion": "2025-10-26",
        "frecuencia_comprobacion_meses": "1.00"
      }
    },
    {
      "model": "core.equipo",
      "pk": 65,
      "fields": {
        "codigo_interno": "INS-006",
        "nombre": "Dinamómetro Fluke 6",
        "empresa": 19,
        "tipo_equipo": "Dinamómetro",
        "marca": "Fluke",
        "modelo": "M-6407",
        "numero_serie": "SN602355",
        "ubicacion": "Laboratorio B",
        "responsable": "Técnico Juan",
        "estado": "Activo",
        "fecha_adquisicion": "2024-12-08",
        "fecha_registro": "2025-09-21T01:03:31.623Z",
        "rango_medida": "0-865 unidades",
        "resolucion": "0.1 unidades",
        "error_maximo_permisible": "1.3149715332240297",
        "observaciones": "Equipo generado para pruebas de calidad",
        "archivo_compra_pdf": "",
        "ficha_tecnica_pdf": "",
        "manual_pdf": "",
        "otros_documentos_pdf": "",
        "imagen_equipo": "",
        "version_formato": null,
        "fecha_version_formato": null,
        "codificacion_formato": null,
        "fecha_ultima_calibracion": "2025-09-21",
        "proxima_calibracion": "2026-09-21",
        "frecuencia_calibracion_meses": "12.00",
        "fecha_ultimo_mantenimiento": null,
        "proximo_mantenimiento": "2026-09-21",
        "frecuencia_mantenimiento_meses": "12.00",
        "fecha_ultima_comprobacion": null,
        "proxima_comprobacion": "2025-10-21",
        "frecuencia_comprobacion_meses": "1.00"
      }
    },
    {
      "model": "core.equipo",
      "pk": 66,
      "fields": {
        "codigo_interno": "INS-007",
        "nombre": "Manómetro digital Omega 7",
        "empresa": 19,
        "tipo_equipo": "Manómetro digital",
        "marca": "Omega",
        "modelo": "M-7443",
        "numero_serie": "SN777014",
        "ubicacion": "Laboratorio A",
        "responsable": "Técnico Juan",
        "estado": "Inactivo",
        "fecha_adquisicion": "2025-07-29",
        "fecha_registro": "2025-09-21T01:03:31.667Z",
        "rango_medida": "0-451 unidades",
        "resolucion": "0.2 unidades",
        "error_maximo_permisible": "1.6930745344525764",
        "observaciones": "Equipo generado para pruebas de calidad",
        "archivo_compra_pdf": "",
        "ficha_tecnica_pdf": "",
        "manual_pdf": "",
        "otros_documentos_pdf": "",
        "imagen_equipo": "",
        "version_formato": null,
        "fecha_version_formato": null,
        "codificacion_formato": null,
        "fecha_ultima_calibracion": null,
        "proxima_calibracion": null,
        "frecuencia_calibracion_meses": "6.00",
        "fecha_ultimo_mantenimiento": "2025-10-03",
        "proximo_mantenimiento": null,
        "frecuencia_mantenimiento_meses": "3.00",
        "fecha_ultima_comprobacion": null,
        "proxima_comprobacion": null,
        "frecuencia_comprobacion_meses": "3.00"
      }
    },
    {
      "model": "core.equipo",
      "pk": 67,
      "fields": {
        "codigo_interno": "INS-008",
        "nombre": "Microscopio Sartorius 8",
        "empresa": 19,
        "tipo_equipo": "Microscopio",
        "marca": "Sartorius",
        "modelo": "M-8067",
        "numero_serie": "SN281060",
        "ubicacion": "Laboratorio B",
        "responsable": "Técnico María",
        "estado": "Activo",
        "fecha_adquisicion": "2023-01-04",
        "fecha_registro": "2025-09-21T01:03:31.705Z",
        "rango_medida": "0-650 unidades",
        "resolucion": "0.1 unidades",
        "error_maximo_permisible": "0.5200396063102586",
        "observaciones": "Equipo generado para pruebas de calidad",
        "archivo_compra_pdf": "",
        "ficha_tecnica_pdf": "",
        "manual_pdf": "",
        "otros_documentos_pdf": "",
        "imagen_equipo": "",
        "version_formato": null,
        "fecha_version_formato": null,
        "codificacion_formato": null,
        "fecha_ultima_calibracion": "2025-10-17",
        "proxima_calibracion": "2026-10-17",
        "frecuencia_calibracion_meses": "12.00",
        "fecha_ultimo_mantenimiento": null,
        "proximo_mantenimiento": "2026-10-17",
        "frecuencia_mantenimiento_meses": "12.00",
        "fecha_ultima_comprobacion": "2025-10-13",
        "proxima_comprobacion": "2025-11-13",
        "frecuencia_comprobacion_meses": "1.00"
      }
    },
    {
      "model": "core.equipo",
      "pk": 68,
      "fields": {
        "codigo_interno": "INS-009",
        "nombre": "Balanza analítica Sartorius 9",
        "empresa": 19,
        "tipo_equipo": "Balanza analítica",
        "marca": "Sartorius",
        "modelo": "M-2194",
        "numero_serie": "SN849070",
        "ubicacion": "Planta Principal",
        "responsable": "Técnico María",
        "estado": "Activo",
        "fecha_adquisicion": "2022-05-20",
        "fecha_registro": "2025-09-21T01:03:31.771Z",
        "rango_medida": "0-602 unidades",
        "resolucion": "0.4 unidades",
        "error_maximo_permisible": "0.12340642640586069",
        "observaciones": "Equipo generado para pruebas de calidad",
        "archivo_compra_pdf": "",
        "ficha_tecnica_pdf": "",
        "manual_pdf": "",
        "otros_documentos_pdf": "",
        "imagen_equipo": "",
        "version_formato": null,
        "fecha_version_formato": null,
        "codificacion_formato": null,
        "fecha_ultima_calibracion": null,
        "proxima_calibracion": "2023-05-20",
        "frecuencia_calibracion_meses": "12.00",
        "fecha_ultimo_mantenimiento": null,
        "proximo_mantenimiento": "2022-11-20",
        "frecuencia_mantenimiento_meses": "6.00",
        "fecha_ultima_comprobacion": "2025-10-15",
        "proxima_comprobacion": "2025-11-15",
        "frecuencia_comprobacion_meses": "1.00"
      }
    },
    {
      "model": "core.equipo",
      "pk": 69,
      "fields": {
        "codigo_interno": "INS-010",
        "nombre": "Balanza analítica Sartorius 10",
        "empresa": 19,
        "tipo_equipo": "Balanza analítica",
        "marca": "Sartorius",
        "modelo": "M-3168",
        "numero_serie": "SN248519",
        "ubicacion": "Laboratorio A",
        "responsable": "Técnico Juan",
        "estado": "De Baja",
        "fecha_adquisicion": "2021-02-22",
        "fecha_registro": "2025-09-21T01:03:31.813Z",
        "rango_medida": "0-927 unidades",
        "resolucion": "0.3 unidades",
        "error_maximo_permisible": "0.412239773372412",
        "observaciones": "Equipo generado para pruebas de calidad",
        "archivo_compra_pdf": "",
        "ficha_tecnica_pdf": "",
        "manual_pdf": "",
        "otros_documentos_pdf": "",
        "imagen_equipo": "",
        "version_formato": null,
        "fecha_version_formato": null,
        "codificacion_formato": null,
        "fecha_ultima_calibracion": null,
        "proxima_calibracion": null,
        "frecuencia_calibracion_meses": "24.00",
        "fecha_ultimo_mantenimiento": "2025-10-13",
        "proximo_mantenimiento": null,
        "frecuencia_mantenimiento_meses": "6.00",
        "fecha_ultima_comprobacion": "2025-10-18",
        "proxima_comprobacion": null,
        "frecuencia_comprobacion_meses": "3.00"
      }
    },
    {
      "model": "core.equipo",
      "pk": 70,
      "fields": {
        "codigo_interno": "INS-011",
        "nombre": "Dinamómetro Testo 11",
        "empresa": 19,
        "tipo_equipo": "Dinamómetro",
        "marca": "Testo",
        "modelo": "M-9573",
        "numero_serie": "SN186566",
        "ubicacion": "Planta Principal",
        "responsable": "Técnico Carlos",
        "estado": "Activo",
        "fecha_adquisicion": "2022-08-23",
        "fecha_registro": "2025-09-21T01:03:31.883Z",
        "rango_medida": "0-326 unidades",
        "resolucion": "0.1 unidades",
        "error_maximo_permisible": "0.4305658419593281",
        "observaciones": "Equipo generado para pruebas de calidad",
        "archivo_compra_pdf": "",
        "ficha_tecnica_pdf": "",
        "manual_pdf": "",
        "otros_documentos_pdf": "",
        "imagen_equipo": "",
        "version_formato": null,
        "fecha_version_formato": null,
        "codificacion_formato": null,
        "fecha_ultima_calibracion": null,
        "proxima_calibracion": "2023-08-23",
        "frecuencia_calibracion_meses": "12.00",
        "fecha_ultimo_mantenimiento": "2025-09-25",
        "proximo_mantenimiento": "2026-03-25",
        "frecuencia_mantenimiento_meses": "6.00",
        "fecha_ultima_comprobacion": null,
        "proxima_comprobacion": "2023-02-23",
        "frecuencia_comprobacion_meses": "6.00"
      }
    },
    {
      "model": "core.equipo",
      "pk": 71,
      "fields": {
        "codigo_interno": "INS-012",
        "nombre": "Calibrador de presión Hanna Instruments 12",
        "empresa": 19,
        "tipo_equipo": "Calibrador de presión",
        "marca": "Hanna Instruments",
        "modelo": "M-4158",
        "numero_serie": "SN352640",
        "ubicacion": "Laboratorio A",
        "responsable": "Técnico Carlos",
        "estado": "Activo",
        "fecha_adquisicion": "2021-10-26",
        "fecha_registro": "2025-09-21T01:03:31.920Z",
        "rango_medida": "0-642 unidades",
        "resolucion": "0.5 unidades",
        "error_maximo_permisible": "0.5664132019007163",
        "observaciones": "Equipo generado para pruebas de calidad",
        "archivo_compra_pdf": "",
        "ficha_tecnica_pdf": "",
        "manual_pdf": "",
        "otros_documentos_pdf": "",
        "imagen_equipo": "",
        "version_formato": null,
        "fecha_version_formato": null,
        "codificacion_formato": null,
        "fecha_ultima_calibracion": "2025-10-06",
        "proxima_calibracion": "2026-10-06",
        "frecuencia_calibracion_meses": "12.00",
        "fecha_ultimo_mantenimiento": null,
        "proximo_mantenimiento": "2026-10-06",
        "frecuencia_mantenimiento_meses": "12.00",
        "fecha_ultima_comprobacion": null,
        "proxima_comprobacion": "2026-01-06",
        "frecuencia_comprobacion_meses": "3.00"
      }
    },
    {
      "model": "core.equipo",
      "pk": 72,
      "fields": {
        "codigo_interno": "INS-013",
        "nombre": "Microscopio Keysight 13",
        "empresa": 19,
        "tipo_equipo": "Microscopio",
        "marca": "Keysight",
        "modelo": "M-1504",
        "numero_serie": "SN438481",
        "ubicacion": "Planta Principal",
        "responsable": "Técnico María",
        "estado": "Activo",
        "fecha_adquisicion": "2023-03-16",
        "fecha_registro": "2025-09-21T01:03:31.959Z",
        "rango_medida": "0-362 unidades",
        "resolucion": "0.5 unidades",
        "error_maximo_permisible": "1.7262224806717468",
        "observaciones": "Equipo generado para pruebas de calidad",
        "archivo_compra_pdf": "",
        "ficha_tecnica_pdf": "",
        "manual_pdf": "",
        "otros_documentos_pdf": "",
        "imagen_equipo": "",
        "version_formato": null,
        "fecha_version_formato": null,
        "codificacion_formato": null,
        "fecha_ultima_calibracion": null,
        "proxima_calibracion": "2024-03-16",
        "frecuencia_calibracion_meses": "12.00",
        "fecha_ultimo_mantenimiento": "2025-10-20",
        "proximo_mantenimiento": "2026-10-20",
        "frecuencia_mantenimiento_meses": "12.00",
        "fecha_ultima_comprobacion": null,
        "proxima_comprobacion": "2023-09-16",
        "frecuencia_comprobacion_meses": "6.00"
      }
    },
    {
      "model": "core.equipo",
      "pk": 73,
      "fields": {
        "codigo_interno": "INS-014",
        "nombre": "Calibrador de presión Cole-Parmer 14",
        "empresa": 19,
        "tipo_equipo": "Calibrador de presión",
        "marca": "Cole-Parmer",
        "modelo": "M-2465",
        "numero_serie": "SN437213",
        "ubicacion": "Planta Principal",
        "responsable": "Técnico Luis",
        "estado": "Inactivo",
        "fecha_adquisicion": "2023-05-14",
        "fecha_registro": "2025-09-21T01:03:32.000Z",
        "rango_medida": "0-336 unidades",
        "resolucion": "0.1 unidades",
        "error_maximo_permisible": "0.5083145810041411",
        "observaciones": "Equipo generado para pruebas de calidad",
        "archivo_compra_pdf": "",
        "ficha_tecnica_pdf": "",
        "manual_pdf": "",
        "otros_documentos_pdf": "",
        "imagen_equipo": "",
        "version_formato": null,
        "fecha_version_formato": null,
        "codificacion_formato": null,
        "fecha_ultima_calibracion": null,
        "proxima_calibracion": null,
        "frecuencia_calibracion_meses": "12.00",
        "fecha_ultimo_mantenimiento": "2025-10-01",
        "proximo_mantenimiento": null,
        "frecuencia_mantenimiento_meses": "12.00",
        "fecha_ultima_comprobacion": "2025-10-01",
        "proxima_comprobacion": null,
        "frecuencia_comprobacion_meses": "6.00"
      }
    },
    {
      "model": "core.equipo",
      "pk": 74,
      "fields": {
        "codigo_interno": "INS-015",
        "nombre": "Multímetro digital Omega 15",
        "empresa": 19,
        "tipo_equipo": "Multímetro digital",
        "marca": "Omega",
        "modelo": "M-5716",
        "numero_serie": "SN480217",
        "ubicacion": "Laboratorio B",
        "responsable": "Técnico Carlos",
        "estado": "Activo",
        "fecha_adquisicion": "2022-06-24",
        "fecha_registro": "2025-09-21T01:03:32.085Z",
        "rango_medida": "0-892 unidades",
        "resolucion": "0.1 unidades",
        "error_maximo_permisible": "0.7750739562147846",
        "observaciones": "Equipo generado para pruebas de calidad",
        "archivo_compra_pdf": "",
        "ficha_tecnica_pdf": "",
        "manual_pdf": "",
        "otros_documentos_pdf": "",
        "imagen_equipo": "",
        "version_formato": null,
        "fecha_version_formato": null,
        "codificacion_formato": null,
        "fecha_ultima_calibracion": "2025-09-30",
        "proxima_calibracion": "2027-09-30",
        "frecuencia_calibracion_meses": "24.00",
        "fecha_ultimo_mantenimiento": null,
        "proximo_mantenimiento": "2026-03-30",
        "frecuencia_mantenimiento_meses": "6.00",
        "fecha_ultima_comprobacion": null,
        "proxima_comprobacion": "2025-12-30",
        "frecuencia_comprobacion_meses": "3.00"
      }
    },
    {
      "model": "core.equipo",
      "pk": 75,
      "fields": {
        "codigo_interno": "INS-016",
        "nombre": "Dinamómetro Omega 16",
        "empresa": 19,
        "tipo_equipo": "Dinamómetro",
        "marca": "Omega",
        "modelo": "M-4054",
        "numero_serie": "SN243269",
        "ubicacion": "Planta Principal",
        "responsable": "Técnico Luis",
        "estado": "Inactivo",
        "fecha_adquisicion": "2023-07-27",
        "fecha_registro": "2025-09-21T01:03:32.126Z",
        "rango_medida": "0-449 unidades",
        "resolucion": "0.1 unidades",
        "error_maximo_permisible": "0.8676035609718031",
        "observaciones": "Equipo generado para pruebas de calidad",
        "archivo_compra_pdf": "",
        "ficha_tecnica_pdf": "",
        "manual_pdf": "",
        "otros_documentos_pdf": "",
        "imagen_equipo": "",
        "version_formato": null,
        "fecha_version_formato": null,
        "codificacion_formato": null,
        "fecha_ultima_calibracion": "2025-10-04",
        "proxima_calibracion": null,
        "frecuencia_calibracion_meses": "6.00",
        "fecha_ultimo_mantenimiento": "2025-09-22",
        "proximo_mantenimiento": null,
        "frecuencia_mantenimiento_meses": "3.00",
        "fecha_ultima_comprobacion": null,
        "proxima_comprobacion": null,
        "frecuencia_comprobacion_meses": "3.00"
      }
    },
    {
      "model": "core.equipo",
      "pk": 76,
      "fields": {
        "codigo_interno": "INS-017",
        "nombre": "Balanza analítica Keysight 17",
        "empresa": 19,
        "tipo_equipo": "Balanza analítica",
        "marca": "Keysight",
        "modelo": "M-1953",
        "numero_serie": "SN884852",
        "ubicacion": "Laboratorio B",
        "responsable": "Técnico Luis",
        "estado": "Activo",
        "fecha_adquisicion": "2021-01-30",
        "fecha_registro": "2025-09-21T01:03:32.183Z",
        "rango_medida": "0-182 unidades",
        "resolucion": "0.4 unidades",
        "error_maximo_permisible": "1.438071900411716",
        "observaciones": "Equipo generado para pruebas de calidad",
        "archivo_compra_pdf": "",
        "ficha_tecnica_pdf": "",
        "manual_pdf": "",
        "otros_documentos_pdf": "",
        "imagen_equipo": "",
        "version_formato": null,
        "fecha_version_formato": null,
        "codificacion_formato": null,
        "fecha_ultima_calibracion": "2025-09-23",
        "proxima_calibracion": "2026-09-23",
        "frecuencia_calibracion_meses": "12.00",
        "fecha_ultimo_mantenimiento": "2025-10-04",
        "proximo_mantenimiento": "2026-04-04",
        "frecuencia_mantenimiento_meses": "6.00",
        "fecha_ultima_comprobacion": null,
        "proxima_comprobacion": "2025-12-23",
        "frecuencia_comprobacion_meses": "3.00"
      }
    },
    {
      "model": "core.equipo",
      "pk": 77,
      "fields": {
        "codigo_interno": "INS-018",
        "nombre": "pH-metro Yokogawa 18",
        "empresa": 19,
        "tipo_equipo": "pH-metro",
        "marca": "Yokogawa",
        "modelo": "M-4786",
        "numero_serie": "SN322842",
        "ubicacion": "Planta Principal",
        "responsable": "Técnico Carlos",
        "estado": "De Baja",
        "fecha_adquisicion": "2022-08-28",
        "fecha_registro": "2025-09-21T01:03:32.242Z",
        "rango_medida": "0-881 unidades",
        "resolucion": "0.2 unidades",
        "error_maximo_permisible": "1.6287654453106666",
        "observaciones": "Equipo generado para pruebas de calidad",
        "archivo_compra_pdf": "",
        "ficha_tecnica_pdf": "",
        "manual_pdf": "",
        "otros_documentos_pdf": "",
        "imagen_equipo": "",
        "version_formato": null,
        "fecha_version_formato": null,
        "codificacion_formato": null,
        "fecha_ultima_calibracion": null,
        "proxima_calibracion": null,
        "frecuencia_calibracion_meses": "24.00",
        "fecha_ultimo_mantenimiento": null,
        "proximo_mantenimiento": null,
        "frecuencia_mantenimiento_meses": "3.00",
        "fecha_ultima_comprobacion": null,
        "proxima_comprobacion": null,
        "frecuencia_comprobacion_meses": "1.00"
      }
    },
    {
      "model": "core.equipo",
      "pk": 78,
      "fields": {
        "codigo_interno": "INS-019",
        "nombre": "Espectrofotómetro Sartorius 19",
        "empresa": 19,
        "tipo_equipo": "Espectrofotómetro",
        "marca": "Sartorius",
        "modelo": "M-7709",
        "numero_serie": "SN426611",
        "ubicacion": "Laboratorio A",
        "responsable": "Técnico María",
        "estado": "Activo",
        "fecha_adquisicion": "2022-08-29",
        "fecha_registro": "2025-09-21T01:03:32.250Z",
        "rango_medida": "0-474 unidades",
        "resolucion": "0.4 unidades",
        "error_maximo_permisible": "0.24859189319092773",
        "observaciones": "Equipo generado para pruebas de calidad",
        "archivo_compra_pdf": "",
        "ficha_tecnica_pdf": "",
        "manual_pdf": "",
        "otros_documentos_pdf": "",
        "imagen_equipo": "",
        "version_formato": null,
        "fecha_version_formato": null,
        "codificacion_formato": null,
        "fecha_ultima_calibracion": "2025-10-04",
        "proxima_calibracion": "2026-04-04",
        "frecuencia_calibracion_meses": "6.00",
        "fecha_ultimo_mantenimiento": null,
        "proximo_mantenimiento": "2026-10-04",
        "frecuencia_mantenimiento_meses": "12.00",
        "fecha_ultima_comprobacion": "2025-10-07",
        "proxima_comprobacion": "2026-01-07",
        "frecuencia_comprobacion_meses": "3.00"
      }
    },
    {
      "model": "core.equipo",
      "pk": 79,
      "fields": {
        "codigo_interno": "INS-020",
        "nombre": "Espectrofotómetro Cole-Parmer 20",
        "empresa": 19,
        "tipo_equipo": "Espectrofotómetro",
        "marca": "Cole-Parmer",
        "modelo": "M-7067",
        "numero_serie": "SN632883",
        "ubicacion": "Oficina Técnica",
        "responsable": "Técnico Luis",
        "estado": "Activo",
        "fecha_adquisicion": "2021-01-29",
        "fecha_registro": "2025-09-21T01:03:32.312Z",
        "rango_medida": "0-675 unidades",
        "resolucion": "0.5 unidades",
        "error_maximo_permisible": "0.2613253873815327",
        "observaciones": "Equipo generado para pruebas de calidad",
        "archivo_compra_pdf": "",
        "ficha_tecnica_pdf": "",
        "manual_pdf": "",
        "otros_documentos_pdf": "",
        "imagen_equipo": "",
        "version_formato": null,
        "fecha_version_formato": null,
        "codificacion_formato": null,
        "fecha_ultima_calibracion": null,
        "proxima_calibracion": "2023-01-29",
        "frecuencia_calibracion_meses": "24.00",
        "fecha_ultimo_mantenimiento": "2025-10-09",
        "proximo_mantenimiento": "2026-01-09",
        "frecuencia_mantenimiento_meses": "3.00",
        "fecha_ultima_comprobacion": null,
        "proxima_comprobacion": "2021-07-29",
        "frecuencia_comprobacion_meses": "6.00"
      }
    },
    {
      "model": "core.equipo",
      "pk": 80,
      "fields": {
        "codigo_interno": "INS-021",
        "nombre": "Calibrador de presión Keysight 21",
        "empresa": 19,
        "tipo_equipo": "Calibrador de presión",
        "marca": "Keysight",
        "modelo": "M-1447",
        "numero_serie": "SN694338",
        "ubicacion": "Oficina Técnica",
        "responsable": "Técnico Carlos",
        "estado": "Activo",
        "fecha_adquisicion": "2023-02-21",
        "fecha_registro": "2025-09-21T01:03:32.349Z",
        "rango_medida": "0-901 unidades",
        "resolucion": "0.2 unidades",
        "error_maximo_permisible": "1.1049772242113007",
        "observaciones": "Equipo generado para pruebas de calidad",
        "archivo_compra_pdf": "",
        "ficha_tecnica_pdf": "",
        "manual_pdf": "",
        "otros_documentos_pdf": "",
        "imagen_equipo": "",
        "version_formato": null,
        "fecha_version_formato": null,
        "codificacion_formato": null,
        "fecha_ultima_calibracion": null,
        "proxima_calibracion": "2024-02-21",
        "frecuencia_calibracion_meses": "12.00",
        "fecha_ultimo_mantenimiento": null,
        "proximo_mantenimiento": "2023-05-21",
        "frecuencia_mantenimiento_meses": "3.00",
        "fecha_ultima_comprobacion": null,
        "proxima_comprobacion": "2023-05-21",
        "frecuencia_comprobacion_meses": "3.00"
      }
    },
    {
      "model": "core.equipo",
      "pk": 81,
      "fields": {
        "codigo_interno": "INS-022",
        "nombre": "Balanza analítica Hanna Instruments 22",
        "empresa": 19,
        "tipo_equipo": "Balanza analítica",
        "marca": "Hanna Instruments",
        "modelo": "M-1570",
        "numero_serie": "SN496614",
        "ubicacion": "Oficina Técnica",
        "responsable": "Técnico Juan",
        "estado": "Activo",
        "fecha_adquisicion": "2022-01-09",
        "fecha_registro": "2025-09-21T01:03:32.359Z",
        "rango_medida": "0-314 unidades",
        "resolucion": "0.2 unidades",
        "error_maximo_permisible": "0.604137554999476",
        "observaciones": "Equipo generado para pruebas de calidad",
        "archivo_compra_pdf": "",
        "ficha_tecnica_pdf": "",
        "manual_pdf": "",
        "otros_documentos_pdf": "",
        "imagen_equipo": "",
        "version_formato": null,
        "fecha_version_formato": null,
        "codificacion_formato": null,
        "fecha_ultima_calibracion": "2025-10-08",
        "proxima_calibracion": "2027-10-08",
        "frecuencia_calibracion_meses": "24.00",
        "fecha_ultimo_mantenimiento": null,
        "proximo_mantenimiento": "2026-04-08",
        "frecuencia_mantenimiento_meses": "6.00",
        "fecha_ultima_comprobacion": null,
        "proxima_comprobacion": "2026-01-08",
        "frecuencia_comprobacion_meses": "3.00"
      }
    },
    {
      "model": "core.equipo",
      "pk": 82,
      "fields": {
        "codigo_interno": "INS-023",
        "nombre": "Espectrofotómetro Cole-Parmer 23",
        "empresa": 19,
        "tipo_equipo": "Espectrofotómetro",
        "marca": "Cole-Parmer",
        "modelo": "M-5865",
        "numero_serie": "SN699387",
        "ubicacion": "Laboratorio B",
        "responsable": "Técnico Ana",
        "estado": "De Baja",
        "fecha_adquisicion": "2021-04-07",
        "fecha_registro": "2025-09-21T01:03:32.405Z",
        "rango_medida": "0-171 unidades",
        "resolucion": "0.1 unidades",
        "error_maximo_permisible": "0.7083630539580564",
        "observaciones": "Equipo generado para pruebas de calidad",
        "archivo_compra_pdf": "",
        "ficha_tecnica_pdf": "",
        "manual_pdf": "",
        "otros_documentos_pdf": "",
        "imagen_equipo": "",
        "version_formato": null,
        "fecha_version_formato": null,
        "codificacion_formato": null,
        "fecha_ultima_calibracion": "2025-09-28",
        "proxima_calibracion": null,
        "frecuencia_calibracion_meses": "6.00",
        "fecha_ultimo_mantenimiento": "2025-10-01",
        "proximo_mantenimiento": null,
        "frecuencia_mantenimiento_meses": "3.00",
        "fecha_ultima_comprobacion": null,
        "proxima_comprobacion": null,
        "frecuencia_comprobacion_meses": "6.00"
      }
    },
    {
      "model": "core.equipo",
      "pk": 83,
      "fields": {
        "codigo_interno": "INS-024",
        "nombre": "Cronómetro Cole-Parmer 24",
        "empresa": 19,
        "tipo_equipo": "Cronómetro",
        "marca": "Cole-Parmer",
        "modelo": "M-9960",
        "numero_serie": "SN150854",
        "ubicacion": "Laboratorio A",
        "responsable": "Técnico María",
        "estado": "Activo",
        "fecha_adquisicion": "2024-10-17",
        "fecha_registro": "2025-09-21T01:03:32.466Z",
        "rango_medida": "0-299 unidades",
        "resolucion": "0.1 unidades",
        "error_maximo_permisible": "0.5369511806133037",
        "observaciones": "Equipo generado para pruebas de calidad",
        "archivo_compra_pdf": "",
        "ficha_tecnica_pdf": "",
        "manual_pdf": "",
        "otros_documentos_pdf": "",
        "imagen_equipo": "",
        "version_formato": null,
        "fecha_version_formato": null,
        "codificacion_formato": null,
        "fecha_ultima_calibracion": null,
        "proxima_calibracion": "2026-10-17",
        "frecuencia_calibracion_meses": "24.00",
        "fecha_ultimo_mantenimiento": "2025-10-16",
        "proximo_mantenimiento": "2026-04-16",
        "frecuencia_mantenimiento_meses": "6.00",
        "fecha_ultima_comprobacion": "2025-10-17",
        "proxima_comprobacion": "2026-04-17",
        "frecuencia_comprobacion_meses": "6.00"
      }
    },
    {
      "model": "core.equipo",
      "pk": 84,
      "fields": {
        "codigo_interno": "INS-025",
        "nombre": "Termómetro infrarrojo Hanna Instruments 25",
        "empresa": 19,
        "tipo_equipo": "Termómetro infrarrojo",
        "marca": "Hanna Instruments",
        "modelo": "M-3710",
        "numero_serie": "SN889292",
        "ubicacion": "Planta Principal",
        "responsable": "Técnico Carlos",
        "estado": "Activo",
        "fecha_adquisicion": "2025-07-16",
        "fecha_registro": "2025-09-21T01:03:32.572Z",
        "rango_medida": "0-597 unidades",
        "resolucion": "0.1 unidades",
        "error_maximo_permisible": "1.57017118575968",
        "observaciones": "Equipo generado para pruebas de calidad",
        "archivo_compra_pdf": "",
        "ficha_tecnica_pdf": "",
        "manual_pdf": "",
        "otros_documentos_pdf": "",
        "imagen_equipo": "",
        "version_formato": null,
        "fecha_version_formato": null,
        "codificacion_formato": null,
        "fecha_ultima_calibracion": null,
        "proxima_calibracion": "2026-01-16",
        "frecuencia_calibracion_meses": "6.00",
        "fecha_ultimo_mantenimiento": null,
        "proximo_mantenimiento": "2025-10-16",
        "frecuencia_mantenimiento_meses": "3.00",
        "fecha_ultima_comprobacion": "2025-09-22",
        "proxima_comprobacion": "2026-03-22",
        "frecuencia_comprobacion_meses": "6.00"
      }
    },
    {
      "model": "core.equipo",
      "pk": 85,
      "fields": {
        "codigo_interno": "INS-026",
        "nombre": "Dinamómetro Testo 26",
        "empresa": 19,
        "tipo_equipo": "Dinamómetro",
        "marca": "Testo",
        "modelo": "M-4473",
        "numero_serie": "SN328532",
        "ubicacion": "Planta Principal",
        "responsable": "Técnico Carlos",
        "estado": "Inactivo",
        "fecha_adquisicion": "2022-01-04",
        "fecha_registro": "2025-09-21T01:03:32.627Z",
        "rango_medida": "0-426 unidades",
        "resolucion": "0.1 unidades",
        "error_maximo_permisible": "0.3136615249702219",
        "observaciones": "Equipo generado para pruebas de calidad",
        "archivo_compra_pdf": "",
        "ficha_tecnica_pdf": "",
        "manual_pdf": "",
        "otros_documentos_pdf": "",
        "imagen_equipo": "",
        "version_formato": null,
        "fecha_version_formato": null,
        "codificacion_formato": null,
        "fecha_ultima_calibracion": "2025-09-20",
        "proxima_calibracion": null,
        "frecuencia_calibracion_meses": "12.00",
        "fecha_ultimo_mantenimiento": null,
        "proximo_mantenimiento": null,
        "frecuencia_mantenimiento_meses": "6.00",
        "fecha_ultima_comprobacion": null,
        "proxima_comprobacion": null,
        "frecuencia_comprobacion_meses": "6.00"
      }
    },
    {
      "model": "core.equipo",
      "pk": 86,
      "fields": {
        "codigo_interno": "INS-027",
        "nombre": "pH-metro Omega 27",
        "empresa": 19,
        "tipo_equipo": "pH-metro",
        "marca": "Omega",
        "modelo": "M-5400",
        "numero_serie": "SN821816",
        "ubicacion": "Laboratorio A",
        "responsable": "Técnico Luis",
        "estado": "Activo",
        "fecha_adquisicion": "2021-06-13",
        "fecha_registro": "2025-09-21T01:03:32.670Z",
        "rango_medida": "0-797 unidades",
        "resolucion": "0.3 unidades",
        "error_maximo_permisible": "0.12037127709396465",
        "observaciones": "Equipo generado para pruebas de calidad",
        "archivo_compra_pdf": "",
        "ficha_tecnica_pdf": "",
        "manual_pdf": "",
        "otros_documentos_pdf": "",
        "imagen_equipo": "",
        "version_formato": null,
        "fecha_version_formato": null,
        "codificacion_formato": null,
        "fecha_ultima_calibracion": "2025-10-15",
        "proxima_calibracion": "2026-10-15",
        "frecuencia_calibracion_meses": "12.00",
        "fecha_ultimo_mantenimiento": "2025-09-29",
        "proximo_mantenimiento": "2025-12-29",
        "frecuencia_mantenimiento_meses": "3.00",
        "fecha_ultima_comprobacion": "2025-09-24",
        "proxima_comprobacion": "2025-10-24",
        "frecuencia_comprobacion_meses": "1.00"
      }
    },
    {
      "model": "core.equipo",
      "pk": 87,
      "fields": {
        "codigo_interno": "INS-028",
        "nombre": "Cronómetro Keysight 28",
        "empresa": 19,
        "tipo_equipo": "Cronómetro",
        "marca": "Keysight",
        "modelo": "M-5442",
        "numero_serie": "SN852200",
        "ubicacion": "Planta Principal",
        "responsable": "Técnico Luis",
        "estado": "Activo",
        "fecha_adquisicion": "2021-11-18",
        "fecha_registro": "2025-09-21T01:03:32.774Z",
        "rango_medida": "0-361 unidades",
        "resolucion": "0.1 unidades",
        "error_maximo_permisible": "0.4849138066199581",
        "observaciones": "Equipo generado para pruebas de calidad",
        "archivo_compra_pdf": "",
        "ficha_tecnica_pdf": "",
        "manual_pdf": "",
        "otros_documentos_pdf": "",
        "imagen_equipo": "",
        "version_formato": null,
        "fecha_version_formato": null,
        "codificacion_formato": null,
        "fecha_ultima_calibracion": "2025-10-04",
        "proxima_calibracion": "2026-10-04",
        "frecuencia_calibracion_meses": "12.00",
        "fecha_ultimo_mantenimiento": "2025-10-14",
        "proximo_mantenimiento": "2026-04-14",
        "frecuencia_mantenimiento_meses": "6.00",
        "fecha_ultima_comprobacion": null,
        "proxima_comprobacion": "2026-01-04",
        "frecuencia_comprobacion_meses": "3.00"
      }
    },
    {
      "model": "core.equipo",
      "pk": 88,
      "fields": {
        "codigo_interno": "INS-029",
        "nombre": "Espectrofotómetro Cole-Parmer 29",
        "empresa": 19,
        "tipo_equipo": "Espectrofotómetro",
        "marca": "Cole-Parmer",
        "modelo": "M-1269",
        "numero_serie": "SN308420",
        "ubicacion": "Laboratorio B",
        "responsable": "Técnico Ana",
        "estado": "Activo",
        "fecha_adquisicion": "2022-07-26",
        "fecha_registro": "2025-09-21T01:03:32.870Z",
        "rango_medida": "0-896 unidades",
        "resolucion": "0.1 unidades",
        "error_maximo_permisible": "1.7889730600318479",
        "observaciones": "Equipo generado para pruebas de calidad",
        "archivo_compra_pdf": "",
        "ficha_tecnica_pdf": "",
        "manual_pdf": "",
        "otros_documentos_pdf": "",
        "imagen_equipo": "",
        "version_formato": null,
        "fecha_version_formato": null,
        "codificacion_formato": null,
        "fecha_ultima_calibracion": "2025-10-17",
        "proxima_calibracion": "2026-10-17",
        "frecuencia_calibracion_meses": "12.00",
        "fecha_ultimo_mantenimiento": "2025-10-07",
        "proximo_mantenimiento": "2026-01-07",
        "frecuencia_mantenimiento_meses": "3.00",
        "fecha_ultima_comprobacion": "2025-10-10",
        "proxima_comprobacion": "2026-01-10",
        "frecuencia_comprobacion_meses": "3.00"
      }
    },
    {
      "model": "core.equipo",
      "pk": 89,
      "fields": {
        "codigo_interno": "INS-030",
        "nombre": "Calibrador de presión Fluke 30",
        "empresa": 19,
        "tipo_equipo": "Calibrador de presión",
        "marca": "Fluke",
        "modelo": "M-6655",
        "numero_serie": "SN734939",
        "ubicacion": "Laboratorio B",
        "responsable": "Técnico Juan",
        "estado": "Activo",
        "fecha_adquisicion": "2022-10-22",
        "fecha_registro": "2025-09-21T01:03:32.991Z",
        "rango_medida": "0-424 unidades",
        "resolucion": "0.2 unidades",
        "error_maximo_permisible": "1.7550015871412934",
        "observaciones": "Equipo generado para pruebas de calidad",
        "archivo_compra_pdf": "",
        "ficha_tecnica_pdf": "",
        "manual_pdf": "",
        "otros_documentos_pdf": "",
        "imagen_equipo": "",
        "version_formato": null,
        "fecha_version_formato": null,
        "codificacion_formato": null,
        "fecha_ultima_calibracion": "2025-09-26",
        "proxima_calibracion": "2027-09-26",
        "frecuencia_calibracion_meses": "24.00",
        "fecha_ultimo_mantenimiento": "2025-10-16",
        "proximo_mantenimiento": "2026-01-16",
        "frecuencia_mantenimiento_meses": "3.00",
        "fecha_ultima_comprobacion": "2025-10-15",
        "proxima_comprobacion": "2026-04-15",
        "frecuencia_comprobacion_meses": "6.00"
      }
    },
    {
      "model": "core.equipo",
      "pk": 90,
      "fields": {
        "codigo_interno": "INS-031",
        "nombre": "Multímetro digital Yokogawa 31",
        "empresa": 19,
        "tipo_equipo": "Multímetro digital",
        "marca": "Yokogawa",
        "modelo": "M-7972",
        "numero_serie": "SN596971",
        "ubicacion": "Planta Principal",
        "responsable": "Técnico Juan",
        "estado": "Activo",
        "fecha_adquisicion": "2021-05-17",
        "fecha_registro": "2025-09-21T01:03:33.107Z",
        "rango_medida": "0-374 unidades",
        "resolucion": "0.2 unidades",
        "error_maximo_permisible": "1.5197001968342705",
        "observaciones": "Equipo generado para pruebas de calidad",
        "archivo_compra_pdf": "",
        "ficha_tecnica_pdf": "",
        "manual_pdf": "",
        "otros_documentos_pdf": "",
        "imagen_equipo": "",
        "version_formato": null,
        "fecha_version_formato": null,
        "codificacion_formato": null,
        "fecha_ultima_calibracion": null,
        "proxima_calibracion": "2021-11-17",
        "frecuencia_calibracion_meses": "6.00",
        "fecha_ultimo_mantenimiento": null,
        "proximo_mantenimiento": "2021-08-17",
        "frecuencia_mantenimiento_meses": "3.00",
        "fecha_ultima_comprobacion": "2025-09-29",
        "proxima_comprobacion": "2025-10-29",
        "frecuencia_comprobacion_meses": "1.00"
      }
    },
    {
      "model": "core.equipo",
      "pk": 91,
      "fields": {
        "codigo_interno": "INS-032",
        "nombre": "Cronómetro Druck 32",
        "empresa": 19,
        "tipo_equipo": "Cronómetro",
        "marca": "Druck",
        "modelo": "M-1983",
        "numero_serie": "SN929690",
        "ubicacion": "Laboratorio A",
        "responsable": "Técnico María",
        "estado": "Activo",
        "fecha_adquisicion": "2020-12-29",
        "fecha_registro": "2025-09-21T01:03:33.162Z",
        "rango_medida": "0-412 unidades",
        "resolucion": "0.2 unidades",
        "error_maximo_permisible": "1.0662508359003326",
        "observaciones": "Equipo generado para pruebas de calidad",
        "archivo_compra_pdf": "",
        "ficha_tecnica_pdf": "",
        "manual_pdf": "",
        "otros_documentos_pdf": "",
        "imagen_equipo": "",
        "version_formato": null,
        "fecha_version_formato": null,
        "codificacion_formato": null,
        "fecha_ultima_calibracion": "2025-09-25",
        "proxima_calibracion": "2026-09-25",
        "frecuencia_calibracion_meses": "12.00",
        "fecha_ultimo_mantenimiento": null,
        "proximo_mantenimiento": "2025-12-25",
        "frecuencia_mantenimiento_meses": "3.00",
        "fecha_ultima_comprobacion": "2025-09-30",
        "proxima_comprobacion": "2025-10-30",
        "frecuencia_comprobacion_meses": "1.00"
      }
    },
    {
      "model": "core.equipo",
      "pk": 92,
      "fields": {
        "codigo_interno": "INS-033",
        "nombre": "Termómetro infrarrojo Yokogawa 33",
        "empresa": 19,
        "tipo_equipo": "Termómetro infrarrojo",
        "marca": "Yokogawa",
        "modelo": "M-2799",
        "numero_serie": "SN612629",
        "ubicacion": "Oficina Técnica",
        "responsable": "Técnico María",
        "estado": "Activo",
        "fecha_adquisicion": "2024-01-23",
        "fecha_registro": "2025-09-21T01:03:33.260Z",
        "rango_medida": "0-789 unidades",
        "resolucion": "0.2 unidades",
        "error_maximo_permisible": "0.297550287551228",
        "observaciones": "Equipo generado para pruebas de calidad",
        "archivo_compra_pdf": "",
        "ficha_tecnica_pdf": "",
        "manual_pdf": "",
        "otros_documentos_pdf": "",
        "imagen_equipo": "",
        "version_formato": null,
        "fecha_version_formato": null,
        "codificacion_formato": null,
        "fecha_ultima_calibracion": null,
        "proxima_calibracion": "2024-07-23",
        "frecuencia_calibracion_meses": "6.00",
        "fecha_ultimo_mantenimiento": "2025-09-23",
        "proximo_mantenimiento": "2025-12-23",
        "frecuencia_mantenimiento_meses": "3.00",
        "fecha_ultima_comprobacion": "2025-09-26",
        "proxima_comprobacion": "2025-12-26",
        "frecuencia_comprobacion_meses": "3.00"
      }
    },
    {
      "model": "core.equipo",
      "pk": 93,
      "fields": {
        "codigo_interno": "INS-034",
        "nombre": "Balanza analítica Testo 34",
        "empresa": 19,
        "tipo_equipo": "Balanza analítica",
        "marca": "Testo",
        "modelo": "M-6593",
        "numero_serie": "SN475792",
        "ubicacion": "Planta Principal",
        "responsable": "Técnico Juan",
        "estado": "Activo",
        "fecha_adquisicion": "2025-08-11",
        "fecha_registro": "2025-09-21T01:03:33.340Z",
        "rango_medida": "0-276 unidades",
        "resolucion": "0.3 unidades",
        "error_maximo_permisible": "0.8647087173781305",
        "observaciones": "Equipo generado para pruebas de calidad",
        "archivo_compra_pdf": "",
        "ficha_tecnica_pdf": "",
        "manual_pdf": "",
        "otros_documentos_pdf": "",
        "imagen_equipo": "",
        "version_formato": null,
        "fecha_version_formato": null,
        "codificacion_formato": null,
        "fecha_ultima_calibracion": "2025-10-03",
        "proxima_calibracion": "2026-04-03",
        "frecuencia_calibracion_meses": "6.00",
        "fecha_ultimo_mantenimiento": null,
        "proximo_mantenimiento": "2026-01-03",
        "frecuencia_mantenimiento_meses": "3.00",
        "fecha_ultima_comprobacion": null,
        "proxima_comprobacion": "2026-01-03",
        "frecuencia_comprobacion_meses": "3.00"
      }
    },
    {
      "model": "core.equipo",
      "pk": 94,
      "fields": {
        "codigo_interno": "INS-035",
        "nombre": "Dinamómetro Omega 35",
        "empresa": 19,
        "tipo_equipo": "Dinamómetro",
        "marca": "Omega",
        "modelo": "M-5284",
        "numero_serie": "SN422552",
        "ubicacion": "Oficina Técnica",
        "responsable": "Técnico Carlos",
        "estado": "Activo",
        "fecha_adquisicion": "2021-12-03",
        "fecha_registro": "2025-09-21T01:03:33.374Z",
        "rango_medida": "0-837 unidades",
        "resolucion": "0.5 unidades",
        "error_maximo_permisible": "0.7271414559079402",
        "observaciones": "Equipo generado para pruebas de calidad",
        "archivo_compra_pdf": "",
        "ficha_tecnica_pdf": "",
        "manual_pdf": "",
        "otros_documentos_pdf": "",
        "imagen_equipo": "",
        "version_formato": null,
        "fecha_version_formato": null,
        "codificacion_formato": null,
        "fecha_ultima_calibracion": "2025-10-03",
        "proxima_calibracion": "2026-10-03",
        "frecuencia_calibracion_meses": "12.00",
        "fecha_ultimo_mantenimiento": "2025-09-27",
        "proximo_mantenimiento": "2026-03-27",
        "frecuencia_mantenimiento_meses": "6.00",
        "fecha_ultima_comprobacion": null,
        "proxima_comprobacion": "2025-11-03",
        "frecuencia_comprobacion_meses": "1.00"
      }
    },
    {
      "model": "core.equipo",
      "pk": 95,
      "fields": {
        "codigo_interno": "INS-036",
        "nombre": "Espectrofotómetro Sartorius 36",
        "empresa": 19,
        "tipo_equipo": "Espectrofotómetro",
        "marca": "Sartorius",
        "modelo": "M-4879",
        "numero_serie": "SN113893",
        "ubicacion": "Laboratorio A",
        "responsable": "Técnico Luis",
        "estado": "De Baja",
        "fecha_adquisicion": "2021-12-15",
        "fecha_registro": "2025-09-21T01:03:33.452Z",
        "rango_medida": "0-804 unidades",
        "resolucion": "0.4 unidades",
        "error_maximo_permisible": "0.7254100800539267",
        "observaciones": "Equipo generado para pruebas de calidad",
        "archivo_compra_pdf": "",
        "ficha_tecnica_pdf": "",
        "manual_pdf": "",
        "otros_documentos_pdf": "",
        "imagen_equipo": "",
        "version_formato": null,
        "fecha_version_formato": null,
        "codificacion_formato": null,
        "fecha_ultima_calibracion": null,
        "proxima_calibracion": null,
        "frecuencia_calibracion_meses": "6.00",
        "fecha_ultimo_mantenimiento": "2025-10-20",
        "proximo_mantenimiento": null,
        "frecuencia_mantenimiento_meses": "12.00",
        "fecha_ultima_comprobacion": null,
        "proxima_comprobacion": null,
        "frecuencia_comprobacion_meses": "3.00"
      }
    },
    {
      "model": "core.equipo",
      "pk": 96,
      "fields": {
        "codigo_interno": "INS-037",
        "nombre": "Termómetro infrarrojo Yokogawa 37",
        "empresa": 19,
        "tipo_equipo": "Termómetro infrarrojo",
        "marca": "Yokogawa",
        "modelo": "M-4913",
        "numero_serie": "SN728752",
        "ubicacion": "Oficina Técnica",
        "responsable": "Técnico Juan",
        "estado": "Activo",
        "fecha_adquisicion": "2024-07-14",
        "fecha_registro": "2025-09-21T01:03:33.491Z",
        "rango_medida": "0-925 unidades",
        "resolucion": "0.3 unidades",
        "error_maximo_permisible": "1.0936134253484886",
        "observaciones": "Equipo generado para pruebas de calidad",
        "archivo_compra_pdf": "",
        "ficha_tecnica_pdf": "",
        "manual_pdf": "",
        "otros_documentos_pdf": "",
        "imagen_equipo": "",
        "version_formato": null,
        "fecha_version_formato": null,
        "codificacion_formato": null,
        "fecha_ultima_calibracion": "2025-10-11",
        "proxima_calibracion": "2027-10-11",
        "frecuencia_calibracion_meses": "24.00",
        "fecha_ultimo_mantenimiento": "2025-09-30",
        "proximo_mantenimiento": "2026-09-30",
        "frecuencia_mantenimiento_meses": "12.00",
        "fecha_ultima_comprobacion": "2025-09-20",
        "proxima_comprobacion": "2025-12-20",
        "frecuencia_comprobacion_meses": "3.00"
      }
    },
    {
      "model": "core.equipo",
      "pk": 97,
      "fields": {
        "codigo_interno": "INS-038",
        "nombre": "Microscopio Druck 38",
        "empresa": 19,
        "tipo_equipo": "Microscopio",
        "marca": "Druck",
        "modelo": "M-5891",
        "numero_serie": "SN130654",
        "ubicacion": "Laboratorio B",
        "responsable": "Técnico Luis",
        "estado": "Activo",
        "fecha_adquisicion": "2021-10-03",
        "fecha_registro": "2025-09-21T01:03:33.626Z",
        "rango_medida": "0-953 unidades",
        "resolucion": "0.3 unidades",
        "error_maximo_permisible": "0.44302498459799444",
        "observaciones": "Equipo generado para pruebas de calidad",
        "archivo_compra_pdf": "",
        "ficha_tecnica_pdf": "",
        "manual_pdf": "",
        "otros_documentos_pdf": "",
        "imagen_equipo": "",
        "version_formato": null,
        "fecha_version_formato": null,
        "codificacion_formato": null,
        "fecha_ultima_calibracion": null,
        "proxima_calibracion": "2022-10-03",
        "frecuencia_calibracion_meses": "12.00",
        "fecha_ultimo_mantenimiento": "2025-10-14",
        "proximo_mantenimiento": "2026-01-14",
        "frecuencia_mantenimiento_meses": "3.00",
        "fecha_ultima_comprobacion": "2025-09-27",
        "proxima_comprobacion": "2026-03-27",
        "frecuencia_comprobacion_meses": "6.00"
      }
    },
    {
      "model": "core.equipo",
      "pk": 98,
      "fields": {
        "codigo_interno": "INS-039",
        "nombre": "Balanza analítica Sartorius 39",
        "empresa": 19,
        "tipo_equipo": "Balanza analítica",
        "marca": "Sartorius",
        "modelo": "M-8372",
        "numero_serie": "SN793044",
        "ubicacion": "Oficina Técnica",
        "responsable": "Técnico Luis",
        "estado": "Activo",
        "fecha_adquisicion": "2024-11-17",
        "fecha_registro": "2025-09-21T01:03:33.715Z",
        "rango_medida": "0-241 unidades",
        "resolucion": "0.3 unidades",
        "error_maximo_permisible": "1.0011490562690124",
        "observaciones": "Equipo generado para pruebas de calidad",
        "archivo_compra_pdf": "",
        "ficha_tecnica_pdf": "",
        "manual_pdf": "",
        "otros_documentos_pdf": "",
        "imagen_equipo": "",
        "version_formato": null,
        "fecha_version_formato": null,
        "codificacion_formato": null,
        "fecha_ultima_calibracion": null,
        "proxima_calibracion": "2025-05-17",
        "frecuencia_calibracion_meses": "6.00",
        "fecha_ultimo_mantenimiento": null,
        "proximo_mantenimiento": "2025-02-17",
        "frecuencia_mantenimiento_meses": "3.00",
        "fecha_ultima_comprobacion": null,
        "proxima_comprobacion": "2025-02-17",
        "frecuencia_comprobacion_meses": "3.00"
      }
    },
    {
      "model": "core.equipo",
      "pk": 99,
      "fields": {
        "codigo_interno": "INS-040",
        "nombre": "Manómetro digital Cole-Parmer 40",
        "empresa": 19,
        "tipo_equipo": "Manómetro digital",
        "marca": "Cole-Parmer",
        "modelo": "M-5278",
        "numero_serie": "SN501167",
        "ubicacion": "Planta Principal",
        "responsable": "Técnico Luis",
        "estado": "Activo",
        "fecha_adquisicion": "2022-02-19",
        "fecha_registro": "2025-09-21T01:03:33.725Z",
        "rango_medida": "0-958 unidades",
        "resolucion": "0.1 unidades",
        "error_maximo_permisible": "0.6166981073141892",
        "observaciones": "Equipo generado para pruebas de calidad",
        "archivo_compra_pdf": "",
        "ficha_tecnica_pdf": "",
        "manual_pdf": "",
        "otros_documentos_pdf": "",
        "imagen_equipo": "",
        "version_formato": null,
        "fecha_version_formato": null,
        "codificacion_formato": null,
        "fecha_ultima_calibracion": null,
        "proxima_calibracion": "2024-02-19",
        "frecuencia_calibracion_meses": "24.00",
        "fecha_ultimo_mantenimiento": null,
        "proximo_mantenimiento": "2022-08-19",
        "frecuencia_mantenimiento_meses": "6.00",
        "fecha_ultima_comprobacion": "2025-10-20",
        "proxima_comprobacion": "2026-04-20",
        "frecuencia_comprobacion_meses": "6.00"
      }
    }
  ],
  "calibraciones": [
    {
      "model": "core.calibracion",
      "pk": 19,
      "fields": {
        "equipo": 60,
        "fecha_calibracion": "2025-09-29",
        "proveedor": null,
        "nombre_proveedor": "Laboratorio de Calibración Certificado",
        "resultado": "Aprobado",
        "numero_certificado": null,
        "documento_calibracion": "",
        "confirmacion_metrologica_pdf": "",
        "intervalos_calibracion_pdf": "",
        "observaciones": "Calibración programada para 29/09/2025",
        "fecha_registro": "2025-09-21T01:03:31.354Z"
      }
    },
    {
      "model": "core.calibracion",
      "pk": 20,
      "fields": {
        "equipo": 65,
        "fecha_calibracion": "2025-09-21",
        "proveedor": null,
        "nombre_proveedor": "Laboratorio de Calibración Certificado",
        "resultado": "Aprobado",
        "numero_certificado": null,
        "documento_calibracion": "",
        "confirmacion_metrologica_pdf": "",
        "intervalos_calibracion_pdf": "",
        "observaciones": "Calibración programada para 21/09/2025",
        "fecha_registro": "2025-09-21T01:03:31.633Z"
      }
    },
    {
      "model": "core.calibracion",
      "pk": 21,
      "fields": {
        "equipo": 67,
        "fecha_calibracion": "2025-10-17",
        "proveedor": null,
        "nombre_proveedor": "Laboratorio de Calibración Certificado",
        "resultado": "Aprobado",
        "numero_certificado": null,
        "documento_calibracion": "",
        "confirmacion_metrologica_pdf": "",
        "intervalos_calibracion_pdf": "",
        "observaciones": "Calibración programada para 17/10/2025",
        "fecha_registro": "2025-09-21T01:03:31.715Z"
      }
    },
    {
      "model": "core.calibracion",
      "pk": 22,
      "fields": {
        "equipo": 71,
        "fecha_calibracion": "2025-10-06",
        "proveedor": null,
        "nombre_proveedor": "Laboratorio de Calibración Certificado",
        "resultado": "Aprobado",
        "numero_certificado": null,
        "documento_calibracion": "",
        "confirmacion_metrologica_pdf": "",
        "intervalos_calibracion_pdf": "",
        "observaciones": "Calibración programada para 06/10/2025",
        "fecha_registro": "2025-09-21T01:03:31.930Z"
      }
    },
    {
      "model": "core.calibracion",
      "pk": 23,
      "fields": {
        "equipo": 74,
        "fecha_calibracion": "2025-09-30",
        "proveedor": null,
        "nombre_proveedor": "Laboratorio de Calibración Certificado",
        "resultado": "Aprobado",
        "numero_certificado": null,
        "documento_calibracion": "",
        "confirmacion_metrologica_pdf": "",
        "intervalos_calibracion_pdf": "",
        "observaciones": "Calibración programada para 30/09/2025",
        "fecha_registro": "2025-09-21T01:03:32.095Z"
      }
    },
    {
      "model": "core.calibracion",
      "pk": 24,
      "fields": {
        "equipo": 75,
        "fecha_calibracion": "2025-10-04",
        "proveedor": null,
        "nombre_proveedor": "Laboratorio de Calibración Certificado",
        "resultado": "Aprobado",
        "numero_certificado": null,
        "documento_calibracion": "",
        "confirmacion_metrologica_pdf": "",
        "intervalos_calibracion_pdf": "",
        "observaciones": "Calibración programada para 04/10/2025",
        "fecha_registro": "2025-09-21T01:03:32.135Z"
      }
    },
    {
      "model": "core.calibracion",
      "pk": 25,
      "fields": {
        "equipo": 76,
        "fecha_calibracion": "2025-09-23",
        "proveedor": null,
        "nombre_proveedor": "Laboratorio de Calibración Certificado",
        "resultado": "Aprobado",
        "numero_certificado": null,
        "documento_calibracion": "",
        "confirmacion_metrologica_pdf": "",
        "intervalos_calibracion_pdf": "",
        "observaciones": "Calibración programada para 23/09/2025",
        "fecha_registro": "2025-09-21T01:03:32.192Z"
      }
    },
    {
      "model": "core.calibracion",
      "pk": 26,
      "fields": {
        "equipo": 78,
        "fecha_calibracion": "2025-10-04",
        "proveedor": null,
        "nombre_proveedor": "Laboratorio de Calibración Certificado",
        "resultado": "Aprobado",
        "numero_certificado": null,
        "documento_calibracion": "",
        "confirmacion_metrologica_pdf": "",
        "intervalos_calibracion_pdf": "",
        "observaciones": "Calibración programada para 04/10/2025",
        "fecha_registro": "2025-09-21T01:03:32.258Z"
      }
    },
    {
      "model": "core.calibracion",
      "pk": 27,
      "fields": {
        "equipo": 81,
        "fecha_calibracion": "2025-10-08",
        "proveedor": null,
        "nombre_proveedor": "Laboratorio de Calibración Certificado",
        "resultado": "Aprobado",
        "numero_certificado": null,
        "documento_calibracion": "",
        "confirmacion_metrologica_pdf": "",
        "intervalos_calibracion_pdf": "",
        "observaciones": "Calibración programada para 08/10/2025",
        "fecha_registro": "2025-09-21T01:03:32.370Z"
      }
    },
    {
      "model": "core.calibracion",
      "pk": 28,
      "fields": {
        "equipo": 82,
        "fecha_calibracion": "2025-09-28",
        "proveedor": null,
        "nombre_proveedor": "Laboratorio de Calibración Certificado",
        "resultado": "Aprobado",
        "numero_certificado": null,
        "documento_calibracion": "",
        "confirmacion_metrologica_pdf": "",
        "intervalos_calibracion_pdf": "",
        "observaciones": "Calibración programada para 28/09/2025",
        "fecha_registro": "2025-09-21T01:03:32.417Z"
      }
    },
    {
      "model": "core.calibracion",
      "pk": 29,
      "fields": {
        "equipo": 85,
        "fecha_calibracion": "2025-09-20",
        "proveedor": null,
        "nombre_proveedor": "Laboratorio de Calibración Certificado",
        "resultado": "Aprobado",
        "numero_certificado": null,
        "documento_calibracion": "",
        "confirmacion_metrologica_pdf": "",
        "intervalos_calibracion_pdf": "",
        "observaciones": "Calibración programada para 20/09/2025",
        "fecha_registro": "2025-09-21T01:03:32.639Z"
      }
    },
    {
      "model": "core.calibracion",
      "pk": 30,
      "fields": {
        "equipo": 86,
        "fecha_calibracion": "2025-10-15",
        "proveedor": null,
        "nombre_proveedor": "Laboratorio de Calibración Certificado",
        "resultado": "Aprobado",
        "numero_certificado": null,
        "documento_calibracion": "",
        "confirmacion_metrologica_pdf": "",
        "intervalos_calibracion_pdf": "",
        "observaciones": "Calibración programada para 15/10/2025",
        "fecha_registro": "2025-09-21T01:03:32.681Z"
      }
    },
    {
      "model": "core.calibracion",
      "pk": 31,
      "fields": {
        "equipo": 87,
        "fecha_calibracion": "2025-10-04",
        "proveedor": null,
        "nombre_proveedor": "Laboratorio de Calibración Certificado",
        "resultado": "Aprobado",
        "numero_certificado": null,
        "documento_calibracion": "",
        "confirmacion_metrologica_pdf": "",
        "intervalos_calibracion_pdf": "",
        "observaciones": "Calibración programada para 04/10/2025",
        "fecha_registro": "2025-09-21T01:03:32.785Z"
      }
    },
    {
      "model": "core.calibracion",
      "pk": 32,
      "fields": {
        "equipo": 88,
        "fecha_calibracion": "2025-10-17",
        "proveedor": null,
        "nombre_proveedor": "Laboratorio de Calibración Certificado",
        "resultado": "Aprobado",
        "numero_certificado": null,
        "documento_calibracion": "",
        "confirmacion_metrologica_pdf": "",
        "intervalos_calibracion_pdf": "",
        "observaciones": "Calibración programada para 17/10/2025",
        "fecha_registro": "2025-09-21T01:03:32.882Z"
      }
    },
    {
      "model": "core.calibracion",
      "pk": 33,
      "fields": {
        "equipo": 89,
        "fecha_calibracion": "2025-09-26",
        "proveedor": null,
        "nombre_proveedor": "Laboratorio de Calibración Certificado",
        "resultado": "Aprobado",
        "numero_certificado": null,
        "documento_calibracion": "",
        "confirmacion_metrologica_pdf": "",
        "intervalos_calibracion_pdf": "",
        "observaciones": "Calibración programada para 26/09/2025",
        "fecha_registro": "2025-09-21T01:03:33.001Z"
      }
    },
    {
      "model": "core.calibracion",
      "pk": 34,
      "fields": {
        "equipo": 91,
        "fecha_calibracion": "2025-09-25",
        "proveedor": null,
        "nombre_proveedor": "Laboratorio de Calibración Certificado",
        "resultado": "Aprobado",
        "numero_certificado": null,
        "documento_calibracion": "",
        "confirmacion_metrologica_pdf": "",
        "intervalos_calibracion_pdf": "",
        "observaciones": "Calibración programada para 25/09/2025",
        "fecha_registro": "2025-09-21T01:03:33.179Z"
      }
    },
    {
      "model": "core.calibracion",
      "pk": 35,
      "fields": {
        "equipo": 93,
        "fecha_calibracion": "2025-10-03",
        "proveedor": null,
        "nombre_proveedor": "Laboratorio de Calibración Certificado",
        "resultado": "Aprobado",
        "numero_certificado": null,
        "documento_calibracion": "",
        "confirmacion_metrologica_pdf": "",
        "intervalos_calibracion_pdf": "",
        "observaciones": "Calibración programada para 03/10/2025",
        "fecha_registro": "2025-09-21T01:03:33.349Z"
      }
    },
    {
      "model": "core.calibracion",
      "pk": 36,
      "fields": {
        "equipo": 94,
        "fecha_calibracion": "2025-10-03",
        "proveedor": null,
        "nombre_proveedor": "Laboratorio de Calibración Certificado",
        "resultado": "Aprobado",
        "numero_certificado": null,
        "documento_calibracion": "",
        "confirmacion_metrologica_pdf": "",
        "intervalos_calibracion_pdf": "",
        "observaciones": "Calibración programada para 03/10/2025",
        "fecha_registro": "2025-09-21T01:03:33.384Z"
      }
    },
    {
      "model": "core.calibracion",
      "pk": 37,
      "fields": {
        "equipo": 96,
        "fecha_calibracion": "2025-10-11",
        "proveedor": null,
        "nombre_proveedor": "Laboratorio de Calibración Certificado",
        "resultado": "Aprobado",
        "numero_certificado": null,
        "documento_calibracion": "",
        "confirmacion_metrologica_pdf": "",
        "intervalos_calibracion_pdf": "",
        "observaciones": "Calibración programada para 11/10/2025",
        "fecha_registro": "2025-09-21T01:03:33.508Z"
      }
    }
  ],
  "mantenimientos": [
    {
      "model": "core.mantenimiento",
      "pk": 22,
      "fields": {
        "equipo": 61,
        "fecha_mantenimiento": "2025-10-08",
        "tipo_mantenimiento": "Preventivo",
        "proveedor": null,
        "nombre_proveedor": null,
        "responsable": "Técnico de Mantenimiento",
        "costo": null,
        "descripcion": "Mantenimiento programado de rutina",
        "documento_mantenimiento": "",
        "observaciones": "Mantenimiento generado para pruebas",
        "fecha_registro": "2025-09-21T01:03:31.398Z"
      }
    },
    {
      "model": "core.mantenimiento",
      "pk": 23,
      "fields": {
        "equipo": 64,
        "fecha_mantenimiento": "2025-10-18",
        "tipo_mantenimiento": "Correctivo",
        "proveedor": null,
        "nombre_proveedor": null,
        "responsable": "Técnico de Mantenimiento",
        "costo": null,
        "descripcion": "Mantenimiento programado de rutina",
        "documento_mantenimiento": "",
        "observaciones": "Mantenimiento generado para pruebas",
        "fecha_registro": "2025-09-21T01:03:31.536Z"
      }
    },
    {
      "model": "core.mantenimiento",
      "pk": 24,
      "fields": {
        "equipo": 66,
        "fecha_mantenimiento": "2025-10-03",
        "tipo_mantenimiento": "Preventivo",
        "proveedor": null,
        "nombre_proveedor": null,
        "responsable": "Técnico de Mantenimiento",
        "costo": null,
        "descripcion": "Mantenimiento programado de rutina",
        "documento_mantenimiento": "",
        "observaciones": "Mantenimiento generado para pruebas",
        "fecha_registro": "2025-09-21T01:03:31.677Z"
      }
    },
    {
      "model": "core.mantenimiento",
      "pk": 25,
      "fields": {
        "equipo": 69,
        "fecha_mantenimiento": "2025-10-13",
        "tipo_mantenimiento": "Preventivo",
        "proveedor": null,
        "nombre_proveedor": null,
        "responsable": "Técnico de Mantenimiento",
        "costo": null,
        "descripcion": "Mantenimiento programado de rutina",
        "documento_mantenimiento": "",
        "observaciones": "Mantenimiento generado para pruebas",
        "fecha_registro": "2025-09-21T01:03:31.828Z"
      }
    },
    {
      "model": "core.mantenimiento",
      "pk": 26,
      "fields": {
        "equipo": 70,
        "fecha_mantenimiento": "2025-09-25",
        "tipo_mantenimiento": "Correctivo",
        "proveedor": null,
        "nombre_proveedor": null,
        "responsable": "Técnico de Mantenimiento",
        "costo": null,
        "descripcion": "Mantenimiento programado de rutina",
        "documento_mantenimiento": "",
        "observaciones": "Mantenimiento generado para pruebas",
        "fecha_registro": "2025-09-21T01:03:31.894Z"
      }
    },
    {
      "model": "core.mantenimiento",
      "pk": 27,
      "fields": {
        "equipo": 72,
        "fecha_mantenimiento": "2025-10-20",
        "tipo_mantenimiento": "Correctivo",
        "proveedor": null,
        "nombre_proveedor": null,
        "responsable": "Técnico de Mantenimiento",
        "costo": null,
        "descripcion": "Mantenimiento programado de rutina",
        "documento_mantenimiento": "",
        "observaciones": "Mantenimiento generado para pruebas",
        "fecha_registro": "2025-09-21T01:03:31.968Z"
      }
    },
    {
      "model": "core.mantenimiento",
      "pk": 28,
      "fields": {
        "equipo": 73,
        "fecha_mantenimiento": "2025-10-01",
        "tipo_mantenimiento": "Correctivo",
        "proveedor": null,
        "nombre_proveedor": null,
        "responsable": "Técnico de Mantenimiento",
        "costo": null,
        "descripcion": "Mantenimiento programado de rutina",
        "documento_mantenimiento": "",
        "observaciones": "Mantenimiento generado para pruebas",
        "fecha_registro": "2025-09-21T01:03:32.013Z"
      }
    },
    {
      "model": "core.mantenimiento",
      "pk": 29,
      "fields": {
        "equipo": 75,
        "fecha_mantenimiento": "2025-09-22",
        "tipo_mantenimiento": "Preventivo",
        "proveedor": null,
        "nombre_proveedor": null,
        "responsable": "Técnico de Mantenimiento",
        "costo": null,
        "descripcion": "Mantenimiento programado de rutina",
        "documento_mantenimiento": "",
        "observaciones": "Mantenimiento generado para pruebas",
        "fecha_registro": "2025-09-21T01:03:32.160Z"
      }
    },
    {
      "model": "core.mantenimiento",
      "pk": 30,
      "fields": {
        "equipo": 76,
        "fecha_mantenimiento": "2025-10-04",
        "tipo_mantenimiento": "Correctivo",
        "proveedor": null,
        "nombre_proveedor": null,
        "responsable": "Técnico de Mantenimiento",
        "costo": null,
        "descripcion": "Mantenimiento programado de rutina",
        "documento_mantenimiento": "",
        "observaciones": "Mantenimiento generado para pruebas",
        "fecha_registro": "2025-09-21T01:03:32.217Z"
      }
    },
    {
      "model": "core.mantenimiento",
      "pk": 31,
      "fields": {
        "equipo": 79,
        "fecha_mantenimiento": "2025-10-09",
        "tipo_mantenimiento": "Preventivo",
        "proveedor": null,
        "nombre_proveedor": null,
        "responsable": "Técnico de Mantenimiento",
        "costo": null,
        "descripcion": "Mantenimiento programado de rutina",
        "documento_mantenimiento": "",
        "observaciones": "Mantenimiento generado para pruebas",
        "fecha_registro": "2025-09-21T01:03:32.321Z"
      }
    },
    {
      "model": "core.mantenimiento",
      "pk": 32,
      "fields": {
        "equipo": 82,
        "fecha_mantenimiento": "2025-10-01",
        "tipo_mantenimiento": "Correctivo",
        "proveedor": null,
        "nombre_proveedor": null,
        "responsable": "Técnico de Mantenimiento",
        "costo": null,
        "descripcion": "Mantenimiento programado de rutina",
        "documento_mantenimiento": "",
        "observaciones": "Mantenimiento generado para pruebas",
        "fecha_registro": "2025-09-21T01:03:32.441Z"
      }
    },
    {
      "model": "core.mantenimiento",
      "pk": 33,
      "fields": {
        "equipo": 83,
        "fecha_mantenimiento": "2025-10-16",
        "tipo_mantenimiento": "Correctivo",
        "proveedor": null,
        "nombre_proveedor": null,
        "responsable": "Técnico de Mantenimiento",
        "costo": null,
        "descripcion": "Mantenimiento programado de rutina",
        "documento_mantenimiento": "",
        "observaciones": "Mantenimiento generado para pruebas",
        "fecha_registro": "2025-09-21T01:03:32.476Z"
      }
    },
    {
      "model": "core.mantenimiento",
      "pk": 34,
      "fields": {
        "equipo": 86,
        "fecha_mantenimiento": "2025-09-29",
        "tipo_mantenimiento": "Preventivo",
        "proveedor": null,
        "nombre_proveedor": null,
        "responsable": "Técnico de Mantenimiento",
        "costo": null,
        "descripcion": "Mantenimiento programado de rutina",
        "documento_mantenimiento": "",
        "observaciones": "Mantenimiento generado para pruebas",
        "fecha_registro": "2025-09-21T01:03:32.712Z"
      }
    },
    {
      "model": "core.mantenimiento",
      "pk": 35,
      "fields": {
        "equipo": 87,
        "fecha_mantenimiento": "2025-10-14",
        "tipo_mantenimiento": "Preventivo",
        "proveedor": null,
        "nombre_proveedor": null,
        "responsable": "Técnico de Mantenimiento",
        "costo": null,
        "descripcion": "Mantenimiento programado de rutina",
        "documento_mantenimiento": "",
        "observaciones": "Mantenimiento generado para pruebas",
        "fecha_registro": "2025-09-21T01:03:32.836Z"
      }
    },
    {
      "model": "core.mantenimiento",
      "pk": 36,
      "fields": {
        "equipo": 88,
        "fecha_mantenimiento": "2025-10-07",
        "tipo_mantenimiento": "Preventivo",
        "proveedor": null,
        "nombre_proveedor": null,
        "responsable": "Técnico de Mantenimiento",
        "costo": null,
        "descripcion": "Mantenimiento programado de rutina",
        "documento_mantenimiento": "",
        "observaciones": "Mantenimiento generado para pruebas",
        "fecha_registro": "2025-09-21T01:03:32.921Z"
      }
    },
    {
      "model": "core.mantenimiento",
      "pk": 37,
      "fields": {
        "equipo": 89,
        "fecha_mantenimiento": "2025-10-16",
        "tipo_mantenimiento": "Correctivo",
        "proveedor": null,
        "nombre_proveedor": null,
        "responsable": "Técnico de Mantenimiento",
        "costo": null,
        "descripcion": "Mantenimiento programado de rutina",
        "documento_mantenimiento": "",
        "observaciones": "Mantenimiento generado para pruebas",
        "fecha_registro": "2025-09-21T01:03:33.034Z"
      }
    },
    {
      "model": "core.mantenimiento",
      "pk": 38,
      "fields": {
        "equipo": 92,
        "fecha_mantenimiento": "2025-09-23",
        "tipo_mantenimiento": "Preventivo",
        "proveedor": null,
        "nombre_proveedor": null,
        "responsable": "Técnico de Mantenimiento",
        "costo": null,
        "descripcion": "Mantenimiento programado de rutina",
        "documento_mantenimiento": "",
        "observaciones": "Mantenimiento generado para pruebas",
        "fecha_registro": "2025-09-21T01:03:33.269Z"
      }
    },
    {
      "model": "core.mantenimiento",
      "pk": 39,
      "fields": {
        "equipo": 94,
        "fecha_mantenimiento": "2025-09-27",
        "tipo_mantenimiento": "Correctivo",
        "proveedor": null,
        "nombre_proveedor": null,
        "responsable": "Técnico de Mantenimiento",
        "costo": null,
        "descripcion": "Mantenimiento programado de rutina",
        "documento_mantenimiento": "",
        "observaciones": "Mantenimiento generado para pruebas",
        "fecha_registro": "2025-09-21T01:03:33.420Z"
      }
    },
    {
      "model": "core.mantenimiento",
      "pk": 40,
      "fields": {
        "equipo": 95,
        "fecha_mantenimiento": "2025-10-20",
        "tipo_mantenimiento": "Preventivo",
        "proveedor": null,
        "nombre_proveedor": null,
        "responsable": "Técnico de Mantenimiento",
        "costo": null,
        "descripcion": "Mantenimiento programado de rutina",
        "documento_mantenimiento": "",
        "observaciones": "Mantenimiento generado para pruebas",
        "fecha_registro": "2025-09-21T01:03:33.465Z"
      }
    },
    {
      "model": "core.mantenimiento",
      "pk": 41,
      "fields": {
        "equipo": 96,
        "fecha_mantenimiento": "2025-09-30",
        "tipo_mantenimiento": "Preventivo",
        "proveedor": null,
        "nombre_proveedor": null,
        "responsable": "Técnico de Mantenimiento",
        "costo": null,
        "descripcion": "Mantenimiento programado de rutina",
        "documento_mantenimiento": "",
        "observaciones": "Mantenimiento generado para pruebas",
        "fecha_registro": "2025-09-21T01:03:33.543Z"
      }
    },
    {
      "model": "core.mantenimiento",
      "pk": 42,
      "fields": {
        "equipo": 97,
        "fecha_mantenimiento": "2025-10-14",
        "tipo_mantenimiento": "Correctivo",
        "proveedor": null,
        "nombre_proveedor": null,
        "responsable": "Técnico de Mantenimiento",
        "costo": null,
        "descripcion": "Mantenimiento programado de rutina",
        "documento_mantenimiento": "",
        "observaciones": "Mantenimiento generado para pruebas",
        "fecha_registro": "2025-09-21T01:03:33.635Z"
      }
    }
  ],
  "comprobaciones": [
    {
      "model": "core.comprobacion",
      "pk": 23,
      "fields": {
        "equipo": 62,
        "fecha_comprobacion": "2025-09-25",
        "proveedor": null,
        "nombre_proveedor": null,
        "responsable": "Técnico de Calidad",
        "resultado": "Aprobado",
        "observaciones": "Verificación de funcionamiento básico programada",
        "documento_comprobacion": "",
        "fecha_registro": "2025-09-21T01:03:31.454Z"
      }
    },
    {
      "model": "core.comprobacion",
      "pk": 24,
      "fields": {
        "equipo": 64,
        "fecha_comprobacion": "2025-09-26",
        "proveedor": null,
        "nombre_proveedor": null,
        "responsable": "Técnico de Calidad",
        "resultado": "Aprobado",
        "observaciones": "Verificación de funcionamiento básico programada",
        "documento_comprobacion": "",
        "fecha_registro": "2025-09-21T01:03:31.587Z"
      }
    },
    {
      "model": "core.comprobacion",
      "pk": 25,
      "fields": {
        "equipo": 67,
        "fecha_comprobacion": "2025-10-13",
        "proveedor": null,
        "nombre_proveedor": null,
        "responsable": "Técnico de Calidad",
        "resultado": "Aprobado",
        "observaciones": "Verificación de funcionamiento básico programada",
        "documento_comprobacion": "",
        "fecha_registro": "2025-09-21T01:03:31.745Z"
      }
    },
    {
      "model": "core.comprobacion",
      "pk": 26,
      "fields": {
        "equipo": 68,
        "fecha_comprobacion": "2025-10-15",
        "proveedor": null,
        "nombre_proveedor": null,
        "responsable": "Técnico de Calidad",
        "resultado": "Aprobado",
        "observaciones": "Verificación de funcionamiento básico programada",
        "documento_comprobacion": "",
        "fecha_registro": "2025-09-21T01:03:31.778Z"
      }
    },
    {
      "model": "core.comprobacion",
      "pk": 27,
      "fields": {
        "equipo": 69,
        "fecha_comprobacion": "2025-10-18",
        "proveedor": null,
        "nombre_proveedor": null,
        "responsable": "Técnico de Calidad",
        "resultado": "Aprobado",
        "observaciones": "Verificación de funcionamiento básico programada",
        "documento_comprobacion": "",
        "fecha_registro": "2025-09-21T01:03:31.857Z"
      }
    },
    {
      "model": "core.comprobacion",
      "pk": 28,
      "fields": {
        "equipo": 73,
        "fecha_comprobacion": "2025-10-01",
        "proveedor": null,
        "nombre_proveedor": null,
        "responsable": "Técnico de Calidad",
        "resultado": "Aprobado",
        "observaciones": "Verificación de funcionamiento básico programada",
        "documento_comprobacion": "",
        "fecha_registro": "2025-09-21T01:03:32.052Z"
      }
    },
    {
      "model": "core.comprobacion",
      "pk": 29,
      "fields": {
        "equipo": 78,
        "fecha_comprobacion": "2025-10-07",
        "proveedor": null,
        "nombre_proveedor": null,
        "responsable": "Técnico de Calidad",
        "resultado": "Aprobado",
        "observaciones": "Verificación de funcionamiento básico programada",
        "documento_comprobacion": "",
        "fecha_registro": "2025-09-21T01:03:32.284Z"
      }
    },
    {
      "model": "core.comprobacion",
      "pk": 30,
      "fields": {
        "equipo": 83,
        "fecha_comprobacion": "2025-10-17",
        "proveedor": null,
        "nombre_proveedor": null,
        "responsable": "Técnico de Calidad",
        "resultado": "Aprobado",
        "observaciones": "Verificación de funcionamiento básico programada",
        "documento_comprobacion": "",
        "fecha_registro": "2025-09-21T01:03:32.509Z"
      }
    },
    {
      "model": "core.comprobacion",
      "pk": 31,
      "fields": {
        "equipo": 84,
        "fecha_comprobacion": "2025-09-22",
        "proveedor": null,
        "nombre_proveedor": null,
        "responsable": "Técnico de Calidad",
        "resultado": "Aprobado",
        "observaciones": "Verificación de funcionamiento básico programada",
        "documento_comprobacion": "",
        "fecha_registro": "2025-09-21T01:03:32.584Z"
      }
    },
    {
      "model": "core.comprobacion",
      "pk": 32,
      "fields": {
        "equipo": 86,
        "fecha_comprobacion": "2025-09-24",
        "proveedor": null,
        "nombre_proveedor": null,
        "responsable": "Técnico de Calidad",
        "resultado": "Aprobado",
        "observaciones": "Verificación de funcionamiento básico programada",
        "documento_comprobacion": "",
        "fecha_registro": "2025-09-21T01:03:32.742Z"
      }
    },
    {
      "model": "core.comprobacion",
      "pk": 33,
      "fields": {
        "equipo": 88,
        "fecha_comprobacion": "2025-10-10",
        "proveedor": null,
        "nombre_proveedor": null,
        "responsable": "Técnico de Calidad",
        "resultado": "Aprobado",
        "observaciones": "Verificación de funcionamiento básico programada",
        "documento_comprobacion": "",
        "fecha_registro": "2025-09-21T01:03:32.957Z"
      }
    },
    {
      "model": "core.comprobacion",
      "pk": 34,
      "fields": {
        "equipo": 89,
        "fecha_comprobacion": "2025-10-15",
        "proveedor": null,
        "nombre_proveedor": null,
        "responsable": "Técnico de Calidad",
        "resultado": "Aprobado",
        "observaciones": "Verificación de funcionamiento básico programada",
        "documento_comprobacion": "",
        "fecha_registro": "2025-09-21T01:03:33.071Z"
      }
    },
    {
      "model": "core.comprobacion",
      "pk": 35,
      "fields": {
        "equipo": 90,
        "fecha_comprobacion": "2025-09-29",
        "proveedor": null,
        "nombre_proveedor": null,
        "responsable": "Técnico de Calidad",
        "resultado": "Aprobado",
        "observaciones": "Verificación de funcionamiento básico programada",
        "documento_comprobacion": "",
        "fecha_registro": "2025-09-21T01:03:33.118Z"
      }
    },
    {
      "model": "core.comprobacion",
      "pk": 36,
      "fields": {
        "equipo": 91,
        "fecha_comprobacion": "2025-09-30",
        "proveedor": null,
        "nombre_proveedor": null,
        "responsable": "Técnico de Calidad",
        "resultado": "Aprobado",
        "observaciones": "Verificación de funcionamiento básico programada",
        "documento_comprobacion": "",
        "fecha_registro": "2025-09-21T01:03:33.221Z"
      }
    },
    {
      "model": "core.comprobacion",
      "pk": 37,
      "fields": {
        "equipo": 92,
        "fecha_comprobacion": "2025-09-26",
        "proveedor": null,
        "nombre_proveedor": null,
        "responsable": "Técnico de Calidad",
        "resultado": "Aprobado",
        "observaciones": "Verificación de funcionamiento básico programada",
        "documento_comprobacion": "",
        "fecha_registro": "2025-09-21T01:03:33.307Z"
      }
    },
    {
      "model": "core.comprobacion",
      "pk": 38,
      "fields": {
        "equipo": 96,
        "fecha_comprobacion": "2025-09-20",
        "proveedor": null,
        "nombre_proveedor": null,
        "responsable": "Técnico de Calidad",
        "resultado": "Aprobado",
        "observaciones": "Verificación de funcionamiento básico programada",
        "documento_comprobacion": "",
        "fecha_registro": "2025-09-21T01:03:33.596Z"
      }
    },
    {
      "model": "core.comprobacion",
      "pk": 39,
      "fields": {
        "equipo": 97,
        "fecha_comprobacion": "2025-09-27",
        "proveedor": null,
        "nombre_proveedor": null,
        "responsable": "Técnico de Calidad",
        "resultado": "Aprobado",
        "observaciones": "Verificación de funcionamiento básico programada",
        "documento_comprobacion": "",
        "fecha_registro": "2025-09-21T01:03:33.681Z"
      }
    },
    {
      "model": "core.comprobacion",
      "pk": 40,
      "fields": {
        "equipo": 99,
        "fecha_comprobacion": "2025-10-20",
        "proveedor": null,
        "nombre_proveedor": null,
        "responsable": "Técnico de Calidad",
        "resultado": "Aprobado",
        "observaciones": "Verificación de funcionamiento básico programada",
        "documento_comprobacion": "",
        "fecha_registro": "2025-09-21T01:03:33.736Z"
      }
    }
  ]
}