{
  "metadata": {
    "empresa_id": 114,
    "empresa_nombre": "SAM Metrología",
    "backup_date": "2025-10-02T01:17:28.241633+00:00",
    "version": "1.0"
  },
  "empresa": {
    "model": "core.empresa",
    "pk": 114,
    "fields": {
      "nombre": "SAM Metrología",
      "nit": null,
      "direccion": "Test Address",
      "telefono": "123456789",
      "email": "test@example.com",
      "logo_empresa": "",
      "fecha_registro": "2025-09-28T18:49:12.415Z",
      "formato_version_empresa": null,
      "formato_fecha_version_empresa": null,
      "formato_codificacion_empresa": null,
      "es_periodo_prueba": false,
      "duracion_prueba_dias": 30,
      "fecha_inicio_plan": null,
      "limite_equipos_empresa": 50,
      "duracion_suscripcion_meses": null,
      "limite_almacenamiento_mb": 1024,
      "acceso_manual_activo": false,
      "estado_suscripcion": "Activo",
      "is_deleted": true,
      "deleted_at": "2025-10-01T01:33:08.620Z",
      "deleted_by": 1,
      "delete_reason": "Eliminación manual",
      "tarifa_mensual_sam": null,
      "fecha_inicio_contrato_sam": null,
      "nivel_servicio_sam": "Estándar",
      "modalidad_pago": "MENSUAL",
      "valor_pago_acordado": null,
      "fecha_ultimo_pago": null,
      "fecha_proximo_pago": null,
      "tipo_organismo": "Industrial",
      "normas_aplicables": null
    }
  },
  "usuarios": [],
  "equipos": [
    {
      "model": "core.equipo",
      "pk": 2764,
      "fields": {
        "codigo_interno": "CC05",
        "nombre": "ASASAS",
        "empresa": 114,
        "tipo_equipo": "Equipo de Medición",
        "marca": "DFDFDF",
        "modelo": "DFDFDS",
        "numero_serie": "DFSDF",
        "ubicacion": "SDFDSF",
        "responsable": "SDFDSF",
        "estado": "Activo",
        "fecha_adquisicion": "2025-08-09",
        "fecha_registro": "2025-09-28T19:10:59.079Z",
        "rango_medida": "EER",
        "resolucion": "1",
        "error_maximo_permisible": "5%",
        "observaciones": "",
        "archivo_compra_pdf": "pdfs/MI_3290_Earth_Analyser_Spa_Ver_1.1.2_20_752_690-2.pdf",
        "ficha_tecnica_pdf": "",
        "manual_pdf": "",
        "otros_documentos_pdf": "",
        "imagen_equipo": "imagenes_equipos/logo_trial.png",
        "version_formato": "DSD",
        "fecha_version_formato": "2025-09-08",
        "codificacion_formato": "ASASAS",
        "fecha_ultima_calibracion": "2025-09-28",
        "proxima_calibracion": "2027-08-09",
        "frecuencia_calibracion_meses": "24.00",
        "fecha_ultimo_mantenimiento": null,
        "proximo_mantenimiento": "2026-03-28",
        "frecuencia_mantenimiento_meses": "6.00",
        "fecha_ultima_comprobacion": null,
        "proxima_comprobacion": "2026-03-28",
        "frecuencia_comprobacion_meses": "6.00"
      }
    }
  ],
  "calibraciones": [],
  "mantenimientos": [],
  "comprobaciones": []
}