{
  "metadata": {
    "empresa_id": 111,
    "empresa_nombre": "234",
    "backup_date": "2025-09-26T00:59:04.084359+00:00",
    "version": "1.0"
  },
  "empresa": {
    "model": "core.empresa",
    "pk": 111,
    "fields": {
      "nombre": "234",
      "nit": "32456765676",
      "direccion": "2",
      "telefono": "2",
      "email": "234@gima.vom",
      "logo_empresa": "empresas_logos/logo_trial.png",
      "fecha_registro": "2025-09-25T09:52:40.734Z",
      "formato_version_empresa": null,
      "formato_fecha_version_empresa": null,
      "formato_codificacion_empresa": null,
      "es_periodo_prueba": false,
      "duracion_prueba_dias": 30,
      "fecha_inicio_plan": "2025-09-25",
      "limite_equipos_empresa": 1,
      "duracion_suscripcion_meses": 12,
      "limite_almacenamiento_mb": 100,
      "acceso_manual_activo": false,
      "estado_suscripcion": "Activo"
    }
  },
  "usuarios": [
    {
      "model": "core.customuser",
      "pk": 3,
      "fields": {
        "password": "pbkdf2_sha256$1000000$bMTPCv4Alnoy8YazjKnK0s$8k7GdkaO0ANfyOdG3ZU1k5CdOc3OxOiJI5GxJb9RzMg=",
        "last_login": "2025-09-26T00:55:52.098Z",
        "is_superuser": false,
        "username": "CERTI",
        "first_name": "234",
        "last_name": "3434",
        "email": "qwe@gmail.com",
        "is_staff": false,
        "is_active": true,
        "date_joined": "2025-09-25T09:59:32.554Z",
        "empresa": 111,
        "can_access_dashboard_decisiones": true,
        "groups": [
          4
        ],
        "user_permissions": []
      }
    }
  ],
  "equipos": [
    {
      "model": "core.equipo",
      "pk": 2642,
      "fields": {
        "codigo_interno": "2221",
        "nombre": "111",
        "empresa": 111,
        "tipo_equipo": "Equipo de Medición",
        "marca": "1",
        "modelo": "1",
        "numero_serie": "1",
        "ubicacion": "1",
        "responsable": "1",
        "estado": "De Baja",
        "fecha_adquisicion": "2025-09-08",
        "fecha_registro": "2025-09-25T11:00:56.969Z",
        "rango_medida": "1",
        "resolucion": "1",
        "error_maximo_permisible": "1",
        "observaciones": "1",
        "archivo_compra_pdf": "pdfs/11-09-02CL231399-FOT-TAC-2.pdf",
        "ficha_tecnica_pdf": "",
        "manual_pdf": "",
        "otros_documentos_pdf": "",
        "imagen_equipo": "imagenes_equipos/logo_trial-1.png",
        "version_formato": null,
        "fecha_version_formato": null,
        "codificacion_formato": null,
        "fecha_ultima_calibracion": "2025-09-25",
        "proxima_calibracion": null,
        "frecuencia_calibracion_meses": "4.00",
        "fecha_ultimo_mantenimiento": "2025-09-25",
        "proximo_mantenimiento": null,
        "frecuencia_mantenimiento_meses": "4.00",
        "fecha_ultima_comprobacion": "2025-06-09",
        "proxima_comprobacion": null,
        "frecuencia_comprobacion_meses": "4.00"
      }
    }
  ],
  "calibraciones": [
    {
      "model": "core.calibracion",
      "pk": 694,
      "fields": {
        "equipo": 2642,
        "fecha_calibracion": "2025-09-25",
        "proveedor": 115,
        "nombre_proveedor": null,
        "resultado": "Aprobado",
        "numero_certificado": "sdds52265",
        "documento_calibracion": "pdfs/hoja_vida_1__5_.pdf",
        "confirmacion_metrologica_pdf": "",
        "intervalos_calibracion_pdf": "",
        "observaciones": "",
        "fecha_registro": "2025-09-25T16:04:12.022Z"
      }
    },
    {
      "model": "core.calibracion",
      "pk": 687,
      "fields": {
        "equipo": 2642,
        "fecha_calibracion": "2025-06-09",
        "proveedor": null,
        "nombre_proveedor": "2255621",
        "resultado": "Aprobado",
        "numero_certificado": "2256225445",
        "documento_calibracion": "pdfs/hoja_vida_1__5_.pdf",
        "confirmacion_metrologica_pdf": "",
        "intervalos_calibracion_pdf": "",
        "observaciones": "",
        "fecha_registro": "2025-09-25T14:45:02.047Z"
      }
    }
  ],
  "mantenimientos": [
    {
      "model": "core.mantenimiento",
      "pk": 520,
      "fields": {
        "equipo": 2642,
        "fecha_mantenimiento": "2025-09-25",
        "tipo_mantenimiento": "Correctivo",
        "proveedor": null,
        "nombre_proveedor": "2025",
        "responsable": "sdsd",
        "costo": "20000.00",
        "descripcion": "",
        "documento_mantenimiento": "pdfs/CC-0125__1_.pdf",
        "observaciones": "sdsdsdsddasd",
        "fecha_registro": "2025-09-25T15:48:56.926Z"
      }
    },
    {
      "model": "core.mantenimiento",
      "pk": 515,
      "fields": {
        "equipo": 2642,
        "fecha_mantenimiento": "2025-06-09",
        "tipo_mantenimiento": "Preventivo",
        "proveedor": null,
        "nombre_proveedor": "rtrt",
        "responsable": "trrt",
        "costo": "1000000.00",
        "descripcion": "rtrtrtrt",
        "documento_mantenimiento": "pdfs/CC-0125__1_.pdf",
        "observaciones": "",
        "fecha_registro": "2025-09-25T14:28:03.102Z"
      }
    },
    {
      "model": "core.mantenimiento",
      "pk": 519,
      "fields": {
        "equipo": 2642,
        "fecha_mantenimiento": "2025-06-09",
        "tipo_mantenimiento": "Correctivo",
        "proveedor": null,
        "nombre_proveedor": "55555",
        "responsable": "sdfsdsd",
        "costo": "500000.00",
        "descripcion": "dfdfdfrtfggdgfgdf",
        "documento_mantenimiento": "pdfs/RC-51093-03I-CERTICAPITAL_S.A.S_pdf",
        "observaciones": "dsfddfsdfsdf",
        "fecha_registro": "2025-09-25T15:47:56.018Z"
      }
    },
    {
      "model": "core.mantenimiento",
      "pk": 521,
      "fields": {
        "equipo": 2642,
        "fecha_mantenimiento": "2025-06-09",
        "tipo_mantenimiento": "Preventivo",
        "proveedor": null,
        "nombre_proveedor": "dsdsdsd",
        "responsable": "sadasdsadasd",
        "costo": "100000.00",
        "descripcion": "asdasdasdsd",
        "documento_mantenimiento": "pdfs/hoja_vida_CC-0015.pdf",
        "observaciones": "",
        "fecha_registro": "2025-09-25T16:12:48.009Z"
      }
    }
  ],
  "comprobaciones": [
    {
      "model": "core.comprobacion",
      "pk": 354,
      "fields": {
        "equipo": 2642,
        "fecha_comprobacion": "2025-06-09",
        "proveedor": null,
        "nombre_proveedor": "sdsdsdsdsd",
        "responsable": "sdsdsdsd",
        "resultado": "Aprobado",
        "observaciones": "sdsdsdsdsddd",
        "documento_comprobacion": "pdfs/hoja_vida_1__5_.pdf",
        "fecha_registro": "2025-09-25T15:22:09.981Z"
      }
    }
  ]
}