{
  "metadata": {
    "empresa_id": 18,
    "empresa_nombre": "MetroTech Solutions",
    "backup_date": "2025-09-23T15:10:35.099206+00:00",
    "version": "1.0"
  },
  "empresa": {
    "model": "core.empresa",
    "pk": 18,
    "fields": {
      "nombre": "MetroTech Solutions",
      "nit": "900123456-1",
      "direccion": "Calle 72 #10-34, Bogotá",
      "telefono": "+57-1-3456789",
      "email": "info@metrotech.com.co",
      "logo_empresa": "",
      "fecha_registro": "2025-09-21T01:03:26.633Z",
      "formato_version_empresa": null,
      "formato_fecha_version_empresa": null,
      "formato_codificacion_empresa": null,
      "es_periodo_prueba": true,
      "duracion_prueba_dias": 15,
      "fecha_inicio_plan": "2025-09-21",
      "limite_equipos_empresa": 50,
      "duracion_suscripcion_meses": null,
      "limite_almacenamiento_mb": 2048,
      "acceso_manual_activo": false,
      "estado_suscripcion": "Activo"
    }
  },
  "usuarios": [
    {
      "model": "core.customuser",
      "pk": 16,
      "fields": {
        "password": "pbkdf2_sha256$1000000$muXM3vvl26Tblmmrc3hIbf$qfIbKunQry0hz6OUvnEmhAFVhKmsD7hFb6r+9ookGXY=",
        "last_login": null,
        "is_superuser": false,
        "username": "usuario1",
        "first_name": "Usuario1",
        "last_name": "Prueba",
        "email": "usuario1@metrotechsolutions.com",
        "is_staff": false,
        "is_active": true,
        "date_joined": "2025-09-21T01:03:26.682Z",
        "empresa": 18,
        "groups": [],
        "user_permissions": []
      }
    }
  ],
  "equipos": [
    {
      "model": "core.equipo",
      "pk": 20,
      "fields": {
        "codigo_interno": "MET-001",
        "nombre": "Calibrador de presión Sartorius 1",
        "empresa": 18,
        "tipo_equipo": "Calibrador de presión",
        "marca": "Sartorius",
        "modelo": "M-9651",
        "numero_serie": "SN255536",
        "ubicacion": "Laboratorio A",
        "responsable": "Técnico Luis",
        "estado": "Activo",
        "fecha_adquisicion": "2021-03-31",
        "fecha_registro": "2025-09-21T01:03:28.998Z",
        "rango_medida": "0-747 unidades",
        "resolucion": "0.3 unidades",
        "error_maximo_permisible": "0.3624399731843533",
        "observaciones": "Equipo generado para pruebas de calidad",
        "archivo_compra_pdf": "",
        "ficha_tecnica_pdf": "",
        "manual_pdf": "",
        "otros_documentos_pdf": "",
        "imagen_equipo": "",
        "version_formato": null,
        "fecha_version_formato": null,
        "codificacion_formato": null,
        "fecha_ultima_calibracion": "2025-10-10",
        "proxima_calibracion": "2027-10-10",
        "frecuencia_calibracion_meses": "24.00",
        "fecha_ultimo_mantenimiento": null,
        "proximo_mantenimiento": "2026-01-10",
        "frecuencia_mantenimiento_meses": "3.00",
        "fecha_ultima_comprobacion": "2025-09-29",
        "proxima_comprobacion": "2026-03-29",
        "frecuencia_comprobacion_meses": "6.00"
      }
    },
    {
      "model": "core.equipo",
      "pk": 21,
      "fields": {
        "codigo_interno": "MET-002",
        "nombre": "Calibrador de presión Fluke 2",
        "empresa": 18,
        "tipo_equipo": "Calibrador de presión",
        "marca": "Fluke",
        "modelo": "M-8807",
        "numero_serie": "SN495198",
        "ubicacion": "Planta Principal",
        "responsable": "Técnico Carlos",
        "estado": "Activo",
        "fecha_adquisicion": "2024-12-23",
        "fecha_registro": "2025-09-21T01:03:29.066Z",
        "rango_medida": "0-232 unidades",
        "resolucion": "0.2 unidades",
        "error_maximo_permisible": "1.5873892400374623",
        "observaciones": "Equipo generado para pruebas de calidad",
        "archivo_compra_pdf": "",
        "ficha_tecnica_pdf": "",
        "manual_pdf": "",
        "otros_documentos_pdf": "",
        "imagen_equipo": "",
        "version_formato": null,
        "fecha_version_formato": null,
        "codificacion_formato": null,
        "fecha_ultima_calibracion": null,
        "proxima_calibracion": "2025-06-23",
        "frecuencia_calibracion_meses": "6.00",
        "fecha_ultimo_mantenimiento": null,
        "proximo_mantenimiento": "2025-12-23",
        "frecuencia_mantenimiento_meses": "12.00",
        "fecha_ultima_comprobacion": "2025-09-20",
        "proxima_comprobacion": "2026-03-20",
        "frecuencia_comprobacion_meses": "6.00"
      }
    },
    {
      "model": "core.equipo",
      "pk": 22,
      "fields": {
        "codigo_interno": "MET-003",
        "nombre": "Microscopio Keysight 3",
        "empresa": 18,
        "tipo_equipo": "Microscopio",
        "marca": "Keysight",
        "modelo": "M-9500",
        "numero_serie": "SN180919",
        "ubicacion": "Laboratorio B",
        "responsable": "Técnico Juan",
        "estado": "Activo",
        "fecha_adquisicion": "2024-10-13",
        "fecha_registro": "2025-09-21T01:03:29.104Z",
        "rango_medida": "0-807 unidades",
        "resolucion": "0.5 unidades",
        "error_maximo_permisible": "0.5152318578634114",
        "observaciones": "Equipo generado para pruebas de calidad",
        "archivo_compra_pdf": "",
        "ficha_tecnica_pdf": "",
        "manual_pdf": "",
        "otros_documentos_pdf": "",
        "imagen_equipo": "",
        "version_formato": null,
        "fecha_version_formato": null,
        "codificacion_formato": null,
        "fecha_ultima_calibracion": null,
        "proxima_calibracion": "2025-04-13",
        "frecuencia_calibracion_meses": "6.00",
        "fecha_ultimo_mantenimiento": null,
        "proximo_mantenimiento": "2025-10-13",
        "frecuencia_mantenimiento_meses": "12.00",
        "fecha_ultima_comprobacion": null,
        "proxima_comprobacion": "2025-01-13",
        "frecuencia_comprobacion_meses": "3.00"
      }
    },
    {
      "model": "core.equipo",
      "pk": 23,
      "fields": {
        "codigo_interno": "MET-004",
        "nombre": "Balanza analítica Druck 4",
        "empresa": 18,
        "tipo_equipo": "Balanza analítica",
        "marca": "Druck",
        "modelo": "M-8051",
        "numero_serie": "SN333349",
        "ubicacion": "Oficina Técnica",
        "responsable": "Técnico María",
        "estado": "Activo",
        "fecha_adquisicion": "2021-05-17",
        "fecha_registro": "2025-09-21T01:03:29.114Z",
        "rango_medida": "0-346 unidades",
        "resolucion": "0.4 unidades",
        "error_maximo_permisible": "0.8696641739802133",
        "observaciones": "Equipo generado para pruebas de calidad",
        "archivo_compra_pdf": "",
        "ficha_tecnica_pdf": "",
        "manual_pdf": "",
        "otros_documentos_pdf": "",
        "imagen_equipo": "",
        "version_formato": null,
        "fecha_version_formato": null,
        "codificacion_formato": null,
        "fecha_ultima_calibracion": null,
        "proxima_calibracion": "2023-05-17",
        "frecuencia_calibracion_meses": "24.00",
        "fecha_ultimo_mantenimiento": null,
        "proximo_mantenimiento": "2022-05-17",
        "frecuencia_mantenimiento_meses": "12.00",
        "fecha_ultima_comprobacion": "2025-10-09",
        "proxima_comprobacion": "2026-04-09",
        "frecuencia_comprobacion_meses": "6.00"
      }
    },
    {
      "model": "core.equipo",
      "pk": 24,
      "fields": {
        "codigo_interno": "MET-005",
        "nombre": "Cronómetro Druck 5",
        "empresa": 18,
        "tipo_equipo": "Cronómetro",
        "marca": "Druck",
        "modelo": "M-9297",
        "numero_serie": "SN843104",
        "ubicacion": "Laboratorio A",
        "responsable": "Técnico Luis",
        "estado": "Activo",
        "fecha_adquisicion": "2025-05-23",
        "fecha_registro": "2025-09-21T01:03:29.158Z",
        "rango_medida": "0-786 unidades",
        "resolucion": "0.1 unidades",
        "error_maximo_permisible": "0.7491015752564274",
        "observaciones": "Equipo generado para pruebas de calidad",
        "archivo_compra_pdf": "",
        "ficha_tecnica_pdf": "",
        "manual_pdf": "",
        "otros_documentos_pdf": "",
        "imagen_equipo": "",
        "version_formato": null,
        "fecha_version_formato": null,
        "codificacion_formato": null,
        "fecha_ultima_calibracion": null,
        "proxima_calibracion": "2026-05-23",
        "frecuencia_calibracion_meses": "12.00",
        "fecha_ultimo_mantenimiento": null,
        "proximo_mantenimiento": "2025-11-23",
        "frecuencia_mantenimiento_meses": "6.00",
        "fecha_ultima_comprobacion": "2025-10-17",
        "proxima_comprobacion": "2025-11-17",
        "frecuencia_comprobacion_meses": "1.00"
      }
    },
    {
      "model": "core.equipo",
      "pk": 25,
      "fields": {
        "codigo_interno": "MET-006",
        "nombre": "Manómetro digital Hanna Instruments 6",
        "empresa": 18,
        "tipo_equipo": "Manómetro digital",
        "marca": "Hanna Instruments",
        "modelo": "M-5508",
        "numero_serie": "SN413742",
        "ubicacion": "Oficina Técnica",
        "responsable": "Técnico Carlos",
        "estado": "Activo",
        "fecha_adquisicion": "2023-09-07",
        "fecha_registro": "2025-09-21T01:03:29.202Z",
        "rango_medida": "0-319 unidades",
        "resolucion": "0.2 unidades",
        "error_maximo_permisible": "0.12785806423407606",
        "observaciones": "Equipo generado para pruebas de calidad",
        "archivo_compra_pdf": "",
        "ficha_tecnica_pdf": "",
        "manual_pdf": "",
        "otros_documentos_pdf": "",
        "imagen_equipo": "",
        "version_formato": null,
        "fecha_version_formato": null,
        "codificacion_formato": null,
        "fecha_ultima_calibracion": "2025-10-19",
        "proxima_calibracion": "2026-04-19",
        "frecuencia_calibracion_meses": "6.00",
        "fecha_ultimo_mantenimiento": "2025-09-26",
        "proximo_mantenimiento": "2025-12-26",
        "frecuencia_mantenimiento_meses": "3.00",
        "fecha_ultima_comprobacion": "2025-09-23",
        "proxima_comprobacion": "2026-03-23",
        "frecuencia_comprobacion_meses": "6.00"
      }
    },
    {
      "model": "core.equipo",
      "pk": 26,
      "fields": {
        "codigo_interno": "MET-007",
        "nombre": "Calibrador de presión Sartorius 7",
        "empresa": 18,
        "tipo_equipo": "Calibrador de presión",
        "marca": "Sartorius",
        "modelo": "M-6748",
        "numero_serie": "SN421404",
        "ubicacion": "Laboratorio B",
        "responsable": "Técnico María",
        "estado": "De Baja",
        "fecha_adquisicion": "2023-04-11",
        "fecha_registro": "2025-09-21T01:03:29.300Z",
        "rango_medida": "0-301 unidades",
        "resolucion": "0.2 unidades",
        "error_maximo_permisible": "1.4162726850102916",
        "observaciones": "Equipo generado para pruebas de calidad",
        "archivo_compra_pdf": "",
        "ficha_tecnica_pdf": "",
        "manual_pdf": "",
        "otros_documentos_pdf": "",
        "imagen_equipo": "",
        "version_formato": null,
        "fecha_version_formato": null,
        "codificacion_formato": null,
        "fecha_ultima_calibracion": null,
        "proxima_calibracion": null,
        "frecuencia_calibracion_meses": "6.00",
        "fecha_ultimo_mantenimiento": null,
        "proximo_mantenimiento": null,
        "frecuencia_mantenimiento_meses": "6.00",
        "fecha_ultima_comprobacion": "2025-10-10",
        "proxima_comprobacion": null,
        "frecuencia_comprobacion_meses": "3.00"
      }
    },
    {
      "model": "core.equipo",
      "pk": 27,
      "fields": {
        "codigo_interno": "MET-008",
        "nombre": "Espectrofotómetro Mettler Toledo 8",
        "empresa": 18,
        "tipo_equipo": "Espectrofotómetro",
        "marca": "Mettler Toledo",
        "modelo": "M-8684",
        "numero_serie": "SN761289",
        "ubicacion": "Laboratorio A",
        "responsable": "Técnico Carlos",
        "estado": "Activo",
        "fecha_adquisicion": "2024-01-06",
        "fecha_registro": "2025-09-21T01:03:29.334Z",
        "rango_medida": "0-666 unidades",
        "resolucion": "0.4 unidades",
        "error_maximo_permisible": "1.276069905711996",
        "observaciones": "Equipo generado para pruebas de calidad",
        "archivo_compra_pdf": "",
        "ficha_tecnica_pdf": "",
        "manual_pdf": "",
        "otros_documentos_pdf": "",
        "imagen_equipo": "",
        "version_formato": null,
        "fecha_version_formato": null,
        "codificacion_formato": null,
        "fecha_ultima_calibracion": null,
        "proxima_calibracion": "2026-01-06",
        "frecuencia_calibracion_meses": "24.00",
        "fecha_ultimo_mantenimiento": "2025-10-14",
        "proximo_mantenimiento": "2026-10-14",
        "frecuencia_mantenimiento_meses": "12.00",
        "fecha_ultima_comprobacion": null,
        "proxima_comprobacion": "2024-07-06",
        "frecuencia_comprobacion_meses": "6.00"
      }
    },
    {
      "model": "core.equipo",
      "pk": 28,
      "fields": {
        "codigo_interno": "MET-009",
        "nombre": "Balanza analítica Omega 9",
        "empresa": 18,
        "tipo_equipo": "Balanza analítica",
        "marca": "Omega",
        "modelo": "M-7831",
        "numero_serie": "SN716057",
        "ubicacion": "Laboratorio A",
        "responsable": "Técnico Carlos",
        "estado": "Activo",
        "fecha_adquisicion": "2021-11-21",
        "fecha_registro": "2025-09-21T01:03:29.372Z",
        "rango_medida": "0-330 unidades",
        "resolucion": "0.3 unidades",
        "error_maximo_permisible": "0.7317129739408863",
        "observaciones": "Equipo generado para pruebas de calidad",
        "archivo_compra_pdf": "",
        "ficha_tecnica_pdf": "",
        "manual_pdf": "",
        "otros_documentos_pdf": "",
        "imagen_equipo": "",
        "version_formato": null,
        "fecha_version_formato": null,
        "codificacion_formato": null,
        "fecha_ultima_calibracion": "2025-10-16",
        "proxima_calibracion": "2027-10-16",
        "frecuencia_calibracion_meses": "24.00",
        "fecha_ultimo_mantenimiento": "2025-09-23",
        "proximo_mantenimiento": "2026-03-23",
        "frecuencia_mantenimiento_meses": "6.00",
        "fecha_ultima_comprobacion": "2025-10-13",
        "proxima_comprobacion": "2025-11-13",
        "frecuencia_comprobacion_meses": "1.00"
      }
    },
    {
      "model": "core.equipo",
      "pk": 29,
      "fields": {
        "codigo_interno": "MET-010",
        "nombre": "Calibrador de presión Cole-Parmer 10",
        "empresa": 18,
        "tipo_equipo": "Calibrador de presión",
        "marca": "Cole-Parmer",
        "modelo": "M-5166",
        "numero_serie": "SN452148",
        "ubicacion": "Laboratorio A",
        "responsable": "Técnico Ana",
        "estado": "Activo",
        "fecha_adquisicion": "2025-02-18",
        "fecha_registro": "2025-09-21T01:03:29.489Z",
        "rango_medida": "0-948 unidades",
        "resolucion": "0.4 unidades",
        "error_maximo_permisible": "0.5636531145437793",
        "observaciones": "Equipo generado para pruebas de calidad",
        "archivo_compra_pdf": "",
        "ficha_tecnica_pdf": "",
        "manual_pdf": "",
        "otros_documentos_pdf": "",
        "imagen_equipo": "",
        "version_formato": null,
        "fecha_version_formato": null,
        "codificacion_formato": null,
        "fecha_ultima_calibracion": null,
        "proxima_calibracion": "2026-02-18",
        "frecuencia_calibracion_meses": "12.00",
        "fecha_ultimo_mantenimiento": "2025-10-10",
        "proximo_mantenimiento": "2026-04-10",
        "frecuencia_mantenimiento_meses": "6.00",
        "fecha_ultima_comprobacion": "2025-10-20",
        "proxima_comprobacion": "2026-01-20",
        "frecuencia_comprobacion_meses": "3.00"
      }
    },
    {
      "model": "core.equipo",
      "pk": 30,
      "fields": {
        "codigo_interno": "MET-011",
        "nombre": "pH-metro Mettler Toledo 11",
        "empresa": 18,
        "tipo_equipo": "pH-metro",
        "marca": "Mettler Toledo",
        "modelo": "M-8942",
        "numero_serie": "SN227856",
        "ubicacion": "Laboratorio A",
        "responsable": "Técnico Luis",
        "estado": "Activo",
        "fecha_adquisicion": "2025-06-28",
        "fecha_registro": "2025-09-21T01:03:29.572Z",
        "rango_medida": "0-233 unidades",
        "resolucion": "0.4 unidades",
        "error_maximo_permisible": "1.7902949651287585",
        "observaciones": "Equipo generado para pruebas de calidad",
        "archivo_compra_pdf": "",
        "ficha_tecnica_pdf": "",
        "manual_pdf": "",
        "otros_documentos_pdf": "",
        "imagen_equipo": "",
        "version_formato": null,
        "fecha_version_formato": null,
        "codificacion_formato": null,
        "fecha_ultima_calibracion": "2025-10-18",
        "proxima_calibracion": "2026-10-18",
        "frecuencia_calibracion_meses": "12.00",
        "fecha_ultimo_mantenimiento": null,
        "proximo_mantenimiento": "2026-01-18",
        "frecuencia_mantenimiento_meses": "3.00",
        "fecha_ultima_comprobacion": null,
        "proxima_comprobacion": "2025-11-18",
        "frecuencia_comprobacion_meses": "1.00"
      }
    },
    {
      "model": "core.equipo",
      "pk": 31,
      "fields": {
        "codigo_interno": "MET-012",
        "nombre": "pH-metro Sartorius 12",
        "empresa": 18,
        "tipo_equipo": "pH-metro",
        "marca": "Sartorius",
        "modelo": "M-5428",
        "numero_serie": "SN677869",
        "ubicacion": "Planta Principal",
        "responsable": "Técnico Juan",
        "estado": "Activo",
        "fecha_adquisicion": "2025-02-27",
        "fecha_registro": "2025-09-21T01:03:29.612Z",
        "rango_medida": "0-1000 unidades",
        "resolucion": "0.5 unidades",
        "error_maximo_permisible": "1.3922063106617202",
        "observaciones": "Equipo generado para pruebas de calidad",
        "archivo_compra_pdf": "",
        "ficha_tecnica_pdf": "",
        "manual_pdf": "",
        "otros_documentos_pdf": "",
        "imagen_equipo": "",
        "version_formato": null,
        "fecha_version_formato": null,
        "codificacion_formato": null,
        "fecha_ultima_calibracion": "2025-09-22",
        "proxima_calibracion": "2026-03-22",
        "frecuencia_calibracion_meses": "6.00",
        "fecha_ultimo_mantenimiento": "2025-10-15",
        "proximo_mantenimiento": "2026-10-15",
        "frecuencia_mantenimiento_meses": "12.00",
        "fecha_ultima_comprobacion": null,
        "proxima_comprobacion": "2025-12-22",
        "frecuencia_comprobacion_meses": "3.00"
      }
    },
    {
      "model": "core.equipo",
      "pk": 32,
      "fields": {
        "codigo_interno": "MET-013",
        "nombre": "Calibrador de presión Omega 13",
        "empresa": 18,
        "tipo_equipo": "Calibrador de presión",
        "marca": "Omega",
        "modelo": "M-6477",
        "numero_serie": "SN110754",
        "ubicacion": "Planta Principal",
        "responsable": "Técnico María",
        "estado": "Activo",
        "fecha_adquisicion": "2025-05-29",
        "fecha_registro": "2025-09-21T01:03:29.711Z",
        "rango_medida": "0-713 unidades",
        "resolucion": "0.5 unidades",
        "error_maximo_permisible": "1.2956984685032624",
        "observaciones": "Equipo generado para pruebas de calidad",
        "archivo_compra_pdf": "",
        "ficha_tecnica_pdf": "",
        "manual_pdf": "",
        "otros_documentos_pdf": "",
        "imagen_equipo": "",
        "version_formato": null,
        "fecha_version_formato": null,
        "codificacion_formato": null,
        "fecha_ultima_calibracion": null,
        "proxima_calibracion": "2025-11-29",
        "frecuencia_calibracion_meses": "6.00",
        "fecha_ultimo_mantenimiento": null,
        "proximo_mantenimiento": "2025-11-29",
        "frecuencia_mantenimiento_meses": "6.00",
        "fecha_ultima_comprobacion": null,
        "proxima_comprobacion": "2025-06-29",
        "frecuencia_comprobacion_meses": "1.00"
      }
    },
    {
      "model": "core.equipo",
      "pk": 33,
      "fields": {
        "codigo_interno": "MET-014",
        "nombre": "Manómetro digital Hanna Instruments 14",
        "empresa": 18,
        "tipo_equipo": "Manómetro digital",
        "marca": "Hanna Instruments",
        "modelo": "M-8860",
        "numero_serie": "SN682668",
        "ubicacion": "Oficina Técnica",
        "responsable": "Técnico Carlos",
        "estado": "Activo",
        "fecha_adquisicion": "2022-09-14",
        "fecha_registro": "2025-09-21T01:03:29.719Z",
        "rango_medida": "0-254 unidades",
        "resolucion": "0.5 unidades",
        "error_maximo_permisible": "1.3876099375307602",
        "observaciones": "Equipo generado para pruebas de calidad",
        "archivo_compra_pdf": "",
        "ficha_tecnica_pdf": "",
        "manual_pdf": "",
        "otros_documentos_pdf": "",
        "imagen_equipo": "",
        "version_formato": null,
        "fecha_version_formato": null,
        "codificacion_formato": null,
        "fecha_ultima_calibracion": null,
        "proxima_calibracion": "2024-09-14",
        "frecuencia_calibracion_meses": "24.00",
        "fecha_ultimo_mantenimiento": "2025-09-29",
        "proximo_mantenimiento": "2025-12-29",
        "frecuencia_mantenimiento_meses": "3.00",
        "fecha_ultima_comprobacion": null,
        "proxima_comprobacion": "2022-10-14",
        "frecuencia_comprobacion_meses": "1.00"
      }
    },
    {
      "model": "core.equipo",
      "pk": 34,
      "fields": {
        "codigo_interno": "MET-015",
        "nombre": "Balanza analítica Omega 15",
        "empresa": 18,
        "tipo_equipo": "Balanza analítica",
        "marca": "Omega",
        "modelo": "M-7859",
        "numero_serie": "SN552550",
        "ubicacion": "Laboratorio A",
        "responsable": "Técnico Juan",
        "estado": "Activo",
        "fecha_adquisicion": "2024-07-19",
        "fecha_registro": "2025-09-21T01:03:29.766Z",
        "rango_medida": "0-521 unidades",
        "resolucion": "0.4 unidades",
        "error_maximo_permisible": "0.978859972719622",
        "observaciones": "Equipo generado para pruebas de calidad",
        "archivo_compra_pdf": "",
        "ficha_tecnica_pdf": "",
        "manual_pdf": "",
        "otros_documentos_pdf": "",
        "imagen_equipo": "",
        "version_formato": null,
        "fecha_version_formato": null,
        "codificacion_formato": null,
        "fecha_ultima_calibracion": null,
        "proxima_calibracion": "2025-01-19",
        "frecuencia_calibracion_meses": "6.00",
        "fecha_ultimo_mantenimiento": null,
        "proximo_mantenimiento": "2025-01-19",
        "frecuencia_mantenimiento_meses": "6.00",
        "fecha_ultima_comprobacion": null,
        "proxima_comprobacion": "2024-10-19",
        "frecuencia_comprobacion_meses": "3.00"
      }
    },
    {
      "model": "core.equipo",
      "pk": 35,
      "fields": {
        "codigo_interno": "MET-016",
        "nombre": "Espectrofotómetro Sartorius 16",
        "empresa": 18,
        "tipo_equipo": "Espectrofotómetro",
        "marca": "Sartorius",
        "modelo": "M-4003",
        "numero_serie": "SN927555",
        "ubicacion": "Laboratorio B",
        "responsable": "Técnico Ana",
        "estado": "Inactivo",
        "fecha_adquisicion": "2022-07-30",
        "fecha_registro": "2025-09-21T01:03:29.780Z",
        "rango_medida": "0-704 unidades",
        "resolucion": "0.3 unidades",
        "error_maximo_permisible": "1.8670849483896068",
        "observaciones": "Equipo generado para pruebas de calidad",
        "archivo_compra_pdf": "",
        "ficha_tecnica_pdf": "",
        "manual_pdf": "",
        "otros_documentos_pdf": "",
        "imagen_equipo": "",
        "version_formato": null,
        "fecha_version_formato": null,
        "codificacion_formato": null,
        "fecha_ultima_calibracion": null,
        "proxima_calibracion": null,
        "frecuencia_calibracion_meses": "12.00",
        "fecha_ultimo_mantenimiento": null,
        "proximo_mantenimiento": null,
        "frecuencia_mantenimiento_meses": "12.00",
        "fecha_ultima_comprobacion": null,
        "proxima_comprobacion": null,
        "frecuencia_comprobacion_meses": "6.00"
      }
    },
    {
      "model": "core.equipo",
      "pk": 36,
      "fields": {
        "codigo_interno": "MET-017",
        "nombre": "Manómetro digital Mettler Toledo 17",
        "empresa": 18,
        "tipo_equipo": "Manómetro digital",
        "marca": "Mettler Toledo",
        "modelo": "M-1714",
        "numero_serie": "SN499668",
        "ubicacion": "Oficina Técnica",
        "responsable": "Técnico Carlos",
        "estado": "Activo",
        "fecha_adquisicion": "2021-03-26",
        "fecha_registro": "2025-09-21T01:03:29.793Z",
        "rango_medida": "0-447 unidades",
        "resolucion": "0.4 unidades",
        "error_maximo_permisible": "1.4638225596870473",
        "observaciones": "Equipo generado para pruebas de calidad",
        "archivo_compra_pdf": "",
        "ficha_tecnica_pdf": "",
        "manual_pdf": "",
        "otros_documentos_pdf": "",
        "imagen_equipo": "",
        "version_formato": null,
        "fecha_version_formato": null,
        "codificacion_formato": null,
        "fecha_ultima_calibracion": "2025-10-20",
        "proxima_calibracion": "2027-10-20",
        "frecuencia_calibracion_meses": "24.00",
        "fecha_ultimo_mantenimiento": null,
        "proximo_mantenimiento": "2026-04-20",
        "frecuencia_mantenimiento_meses": "6.00",
        "fecha_ultima_comprobacion": "2025-10-02",
        "proxima_comprobacion": "2025-11-02",
        "frecuencia_comprobacion_meses": "1.00"
      }
    },
    {
      "model": "core.equipo",
      "pk": 37,
      "fields": {
        "codigo_interno": "MET-018",
        "nombre": "Calibrador de presión Fluke 18",
        "empresa": 18,
        "tipo_equipo": "Calibrador de presión",
        "marca": "Fluke",
        "modelo": "M-5641",
        "numero_serie": "SN851631",
        "ubicacion": "Oficina Técnica",
        "responsable": "Técnico Ana",
        "estado": "Activo",
        "fecha_adquisicion": "2022-12-27",
        "fecha_registro": "2025-09-21T01:03:29.886Z",
        "rango_medida": "0-806 unidades",
        "resolucion": "0.2 unidades",
        "error_maximo_permisible": "1.8294773170406657",
        "observaciones": "Equipo generado para pruebas de calidad",
        "archivo_compra_pdf": "",
        "ficha_tecnica_pdf": "",
        "manual_pdf": "",
        "otros_documentos_pdf": "",
        "imagen_equipo": "",
        "version_formato": null,
        "fecha_version_formato": null,
        "codificacion_formato": null,
        "fecha_ultima_calibracion": "2025-10-09",
        "proxima_calibracion": "2026-10-09",
        "frecuencia_calibracion_meses": "12.00",
        "fecha_ultimo_mantenimiento": null,
        "proximo_mantenimiento": "2026-04-09",
        "frecuencia_mantenimiento_meses": "6.00",
        "fecha_ultima_comprobacion": "2025-10-15",
        "proxima_comprobacion": "2026-04-15",
        "frecuencia_comprobacion_meses": "6.00"
      }
    },
    {
      "model": "core.equipo",
      "pk": 38,
      "fields": {
        "codigo_interno": "MET-019",
        "nombre": "pH-metro Cole-Parmer 19",
        "empresa": 18,
        "tipo_equipo": "pH-metro",
        "marca": "Cole-Parmer",
        "modelo": "M-6207",
        "numero_serie": "SN631976",
        "ubicacion": "Laboratorio B",
        "responsable": "Técnico Luis",
        "estado": "Activo",
        "fecha_adquisicion": "2024-04-30",
        "fecha_registro": "2025-09-21T01:03:29.959Z",
        "rango_medida": "0-872 unidades",
        "resolucion": "0.3 unidades",
        "error_maximo_permisible": "1.8575750469162582",
        "observaciones": "Equipo generado para pruebas de calidad",
        "archivo_compra_pdf": "",
        "ficha_tecnica_pdf": "",
        "manual_pdf": "",
        "otros_documentos_pdf": "",
        "imagen_equipo": "",
        "version_formato": null,
        "fecha_version_formato": null,
        "codificacion_formato": null,
        "fecha_ultima_calibracion": "2025-09-20",
        "proxima_calibracion": "2026-09-20",
        "frecuencia_calibracion_meses": "12.00",
        "fecha_ultimo_mantenimiento": null,
        "proximo_mantenimiento": "2026-09-20",
        "frecuencia_mantenimiento_meses": "12.00",
        "fecha_ultima_comprobacion": null,
        "proxima_comprobacion": "2025-10-20",
        "frecuencia_comprobacion_meses": "1.00"
      }
    },
    {
      "model": "core.equipo",
      "pk": 39,
      "fields": {
        "codigo_interno": "MET-020",
        "nombre": "Manómetro digital Mettler Toledo 20",
        "empresa": 18,
        "tipo_equipo": "Manómetro digital",
        "marca": "Mettler Toledo",
        "modelo": "M-7746",
        "numero_serie": "SN355786",
        "ubicacion": "Planta Principal",
        "responsable": "Técnico Luis",
        "estado": "Activo",
        "fecha_adquisicion": "2022-03-23",
        "fecha_registro": "2025-09-21T01:03:29.999Z",
        "rango_medida": "0-310 unidades",
        "resolucion": "0.5 unidades",
        "error_maximo_permisible": "1.3883147480389337",
        "observaciones": "Equipo generado para pruebas de calidad",
        "archivo_compra_pdf": "",
        "ficha_tecnica_pdf": "",
        "manual_pdf": "",
        "otros_documentos_pdf": "",
        "imagen_equipo": "",
        "version_formato": null,
        "fecha_version_formato": null,
        "codificacion_formato": null,
        "fecha_ultima_calibracion": "2025-09-29",
        "proxima_calibracion": "2027-09-29",
        "frecuencia_calibracion_meses": "24.00",
        "fecha_ultimo_mantenimiento": null,
        "proximo_mantenimiento": "2025-12-29",
        "frecuencia_mantenimiento_meses": "3.00",
        "fecha_ultima_comprobacion": null,
        "proxima_comprobacion": "2025-10-29",
        "frecuencia_comprobacion_meses": "1.00"
      }
    },
    {
      "model": "core.equipo",
      "pk": 40,
      "fields": {
        "codigo_interno": "MET-021",
        "nombre": "pH-metro Omega 21",
        "empresa": 18,
        "tipo_equipo": "pH-metro",
        "marca": "Omega",
        "modelo": "M-5702",
        "numero_serie": "SN875283",
        "ubicacion": "Laboratorio A",
        "responsable": "Técnico Carlos",
        "estado": "De Baja",
        "fecha_adquisicion": "2024-02-28",
        "fecha_registro": "2025-09-21T01:03:30.058Z",
        "rango_medida": "0-488 unidades",
        "resolucion": "0.4 unidades",
        "error_maximo_permisible": "1.216415730326757",
        "observaciones": "Equipo generado para pruebas de calidad",
        "archivo_compra_pdf": "",
        "ficha_tecnica_pdf": "",
        "manual_pdf": "",
        "otros_documentos_pdf": "",
        "imagen_equipo": "",
        "version_formato": null,
        "fecha_version_formato": null,
        "codificacion_formato": null,
        "fecha_ultima_calibracion": null,
        "proxima_calibracion": null,
        "frecuencia_calibracion_meses": "12.00",
        "fecha_ultimo_mantenimiento": null,
        "proximo_mantenimiento": null,
        "frecuencia_mantenimiento_meses": "12.00",
        "fecha_ultima_comprobacion": "2025-10-16",
        "proxima_comprobacion": null,
        "frecuencia_comprobacion_meses": "3.00"
      }
    },
    {
      "model": "core.equipo",
      "pk": 41,
      "fields": {
        "codigo_interno": "MET-022",
        "nombre": "Calibrador de presión Sartorius 22",
        "empresa": 18,
        "tipo_equipo": "Calibrador de presión",
        "marca": "Sartorius",
        "modelo": "M-4318",
        "numero_serie": "SN883109",
        "ubicacion": "Oficina Técnica",
        "responsable": "Técnico Ana",
        "estado": "Activo",
        "fecha_adquisicion": "2021-07-17",
        "fecha_registro": "2025-09-21T01:03:30.095Z",
        "rango_medida": "0-207 unidades",
        "resolucion": "0.4 unidades",
        "error_maximo_permisible": "1.6915478425266763",
        "observaciones": "Equipo generado para pruebas de calidad",
        "archivo_compra_pdf": "",
        "ficha_tecnica_pdf": "",
        "manual_pdf": "",
        "otros_documentos_pdf": "",
        "imagen_equipo": "",
        "version_formato": null,
        "fecha_version_formato": null,
        "codificacion_formato": null,
        "fecha_ultima_calibracion": "2025-10-17",
        "proxima_calibracion": "2026-10-17",
        "frecuencia_calibracion_meses": "12.00",
        "fecha_ultimo_mantenimiento": null,
        "proximo_mantenimiento": "2026-10-17",
        "frecuencia_mantenimiento_meses": "12.00",
        "fecha_ultima_comprobacion": "2025-09-22",
        "proxima_comprobacion": "2025-12-22",
        "frecuencia_comprobacion_meses": "3.00"
      }
    },
    {
      "model": "core.equipo",
      "pk": 42,
      "fields": {
        "codigo_interno": "MET-023",
        "nombre": "Termómetro infrarrojo Mettler Toledo 23",
        "empresa": 18,
        "tipo_equipo": "Termómetro infrarrojo",
        "marca": "Mettler Toledo",
        "modelo": "M-8689",
        "numero_serie": "SN703575",
        "ubicacion": "Laboratorio B",
        "responsable": "Técnico Juan",
        "estado": "Activo",
        "fecha_adquisicion": "2022-07-11",
        "fecha_registro": "2025-09-21T01:03:30.168Z",
        "rango_medida": "0-842 unidades",
        "resolucion": "0.5 unidades",
        "error_maximo_permisible": "1.8202861713617793",
        "observaciones": "Equipo generado para pruebas de calidad",
        "archivo_compra_pdf": "",
        "ficha_tecnica_pdf": "",
        "manual_pdf": "",
        "otros_documentos_pdf": "",
        "imagen_equipo": "",
        "version_formato": null,
        "fecha_version_formato": null,
        "codificacion_formato": null,
        "fecha_ultima_calibracion": null,
        "proxima_calibracion": "2024-07-11",
        "frecuencia_calibracion_meses": "24.00",
        "fecha_ultimo_mantenimiento": "2025-09-29",
        "proximo_mantenimiento": "2026-03-29",
        "frecuencia_mantenimiento_meses": "6.00",
        "fecha_ultima_comprobacion": null,
        "proxima_comprobacion": "2022-10-11",
        "frecuencia_comprobacion_meses": "3.00"
      }
    },
    {
      "model": "core.equipo",
      "pk": 43,
      "fields": {
        "codigo_interno": "MET-024",
        "nombre": "pH-metro Mettler Toledo 24",
        "empresa": 18,
        "tipo_equipo": "pH-metro",
        "marca": "Mettler Toledo",
        "modelo": "M-2840",
        "numero_serie": "SN501115",
        "ubicacion": "Laboratorio B",
        "responsable": "Técnico Luis",
        "estado": "Activo",
        "fecha_adquisicion": "2022-11-11",
        "fecha_registro": "2025-09-21T01:03:30.210Z",
        "rango_medida": "0-746 unidades",
        "resolucion": "0.1 unidades",
        "error_maximo_permisible": "0.35811939489764355",
        "observaciones": "Equipo generado para pruebas de calidad",
        "archivo_compra_pdf": "",
        "ficha_tecnica_pdf": "",
        "manual_pdf": "",
        "otros_documentos_pdf": "",
        "imagen_equipo": "",
        "version_formato": null,
        "fecha_version_formato": null,
        "codificacion_formato": null,
        "fecha_ultima_calibracion": "2025-10-18",
        "proxima_calibracion": "2026-10-18",
        "frecuencia_calibracion_meses": "12.00",
        "fecha_ultimo_mantenimiento": null,
        "proximo_mantenimiento": "2026-10-18",
        "frecuencia_mantenimiento_meses": "12.00",
        "fecha_ultima_comprobacion": "2025-10-01",
        "proxima_comprobacion": "2026-01-01",
        "frecuencia_comprobacion_meses": "3.00"
      }
    },
    {
      "model": "core.equipo",
      "pk": 44,
      "fields": {
        "codigo_interno": "MET-025",
        "nombre": "Balanza analítica Sartorius 25",
        "empresa": 18,
        "tipo_equipo": "Balanza analítica",
        "marca": "Sartorius",
        "modelo": "M-9885",
        "numero_serie": "SN360600",
        "ubicacion": "Laboratorio A",
        "responsable": "Técnico Luis",
        "estado": "Inactivo",
        "fecha_adquisicion": "2025-04-08",
        "fecha_registro": "2025-09-21T01:03:30.287Z",
        "rango_medida": "0-518 unidades",
        "resolucion": "0.5 unidades",
        "error_maximo_permisible": "0.30169015136683275",
        "observaciones": "Equipo generado para pruebas de calidad",
        "archivo_compra_pdf": "",
        "ficha_tecnica_pdf": "",
        "manual_pdf": "",
        "otros_documentos_pdf": "",
        "imagen_equipo": "",
        "version_formato": null,
        "fecha_version_formato": null,
        "codificacion_formato": null,
        "fecha_ultima_calibracion": "2025-10-18",
        "proxima_calibracion": null,
        "frecuencia_calibracion_meses": "24.00",
        "fecha_ultimo_mantenimiento": null,
        "proximo_mantenimiento": null,
        "frecuencia_mantenimiento_meses": "12.00",
        "fecha_ultima_comprobacion": "2025-09-25",
        "proxima_comprobacion": null,
        "frecuencia_comprobacion_meses": "6.00"
      }
    },
    {
      "model": "core.equipo",
      "pk": 45,
      "fields": {
        "codigo_interno": "MET-026",
        "nombre": "Manómetro digital Druck 26",
        "empresa": 18,
        "tipo_equipo": "Manómetro digital",
        "marca": "Druck",
        "modelo": "M-7645",
        "numero_serie": "SN543606",
        "ubicacion": "Laboratorio B",
        "responsable": "Técnico Carlos",
        "estado": "De Baja",
        "fecha_adquisicion": "2023-03-14",
        "fecha_registro": "2025-09-21T01:03:30.344Z",
        "rango_medida": "0-201 unidades",
        "resolucion": "0.3 unidades",
        "error_maximo_permisible": "0.6152168344486841",
        "observaciones": "Equipo generado para pruebas de calidad",
        "archivo_compra_pdf": "",
        "ficha_tecnica_pdf": "",
        "manual_pdf": "",
        "otros_documentos_pdf": "",
        "imagen_equipo": "",
        "version_formato": null,
        "fecha_version_formato": null,
        "codificacion_formato": null,
        "fecha_ultima_calibracion": null,
        "proxima_calibracion": null,
        "frecuencia_calibracion_meses": "6.00",
        "fecha_ultimo_mantenimiento": "2025-10-18",
        "proximo_mantenimiento": null,
        "frecuencia_mantenimiento_meses": "12.00",
        "fecha_ultima_comprobacion": null,
        "proxima_comprobacion": null,
        "frecuencia_comprobacion_meses": "1.00"
      }
    },
    {
      "model": "core.equipo",
      "pk": 46,
      "fields": {
        "codigo_interno": "MET-027",
        "nombre": "pH-metro Cole-Parmer 27",
        "empresa": 18,
        "tipo_equipo": "pH-metro",
        "marca": "Cole-Parmer",
        "modelo": "M-1840",
        "numero_serie": "SN309581",
        "ubicacion": "Laboratorio A",
        "responsable": "Técnico Carlos",
        "estado": "Activo",
        "fecha_adquisicion": "2025-08-13",
        "fecha_registro": "2025-09-21T01:03:30.379Z",
        "rango_medida": "0-262 unidades",
        "resolucion": "0.4 unidades",
        "error_maximo_permisible": "1.6212350220726954",
        "observaciones": "Equipo generado para pruebas de calidad",
        "archivo_compra_pdf": "",
        "ficha_tecnica_pdf": "",
        "manual_pdf": "",
        "otros_documentos_pdf": "",
        "imagen_equipo": "",
        "version_formato": null,
        "fecha_version_formato": null,
        "codificacion_formato": null,
        "fecha_ultima_calibracion": null,
        "proxima_calibracion": "2027-08-13",
        "frecuencia_calibracion_meses": "24.00",
        "fecha_ultimo_mantenimiento": "2025-10-09",
        "proximo_mantenimiento": "2026-01-09",
        "frecuencia_mantenimiento_meses": "3.00",
        "fecha_ultima_comprobacion": "2025-09-26",
        "proxima_comprobacion": "2026-03-26",
        "frecuencia_comprobacion_meses": "6.00"
      }
    },
    {
      "model": "core.equipo",
      "pk": 47,
      "fields": {
        "codigo_interno": "MET-028",
        "nombre": "Microscopio Cole-Parmer 28",
        "empresa": 18,
        "tipo_equipo": "Microscopio",
        "marca": "Cole-Parmer",
        "modelo": "M-6346",
        "numero_serie": "SN516882",
        "ubicacion": "Laboratorio A",
        "responsable": "Técnico Ana",
        "estado": "Activo",
        "fecha_adquisicion": "2022-07-12",
        "fecha_registro": "2025-09-21T01:03:30.478Z",
        "rango_medida": "0-510 unidades",
        "resolucion": "0.1 unidades",
        "error_maximo_permisible": "1.624701750076029",
        "observaciones": "Equipo generado para pruebas de calidad",
        "archivo_compra_pdf": "",
        "ficha_tecnica_pdf": "",
        "manual_pdf": "",
        "otros_documentos_pdf": "",
        "imagen_equipo": "",
        "version_formato": null,
        "fecha_version_formato": null,
        "codificacion_formato": null,
        "fecha_ultima_calibracion": null,
        "proxima_calibracion": "2023-01-12",
        "frecuencia_calibracion_meses": "6.00",
        "fecha_ultimo_mantenimiento": "2025-10-07",
        "proximo_mantenimiento": "2026-10-07",
        "frecuencia_mantenimiento_meses": "12.00",
        "fecha_ultima_comprobacion": "2025-10-16",
        "proxima_comprobacion": "2026-01-16",
        "frecuencia_comprobacion_meses": "3.00"
      }
    },
    {
      "model": "core.equipo",
      "pk": 48,
      "fields": {
        "codigo_interno": "MET-029",
        "nombre": "Calibrador de presión Hanna Instruments 29",
        "empresa": 18,
        "tipo_equipo": "Calibrador de presión",
        "marca": "Hanna Instruments",
        "modelo": "M-8502",
        "numero_serie": "SN563997",
        "ubicacion": "Laboratorio B",
        "responsable": "Técnico Luis",
        "estado": "Activo",
        "fecha_adquisicion": "2022-07-26",
        "fecha_registro": "2025-09-21T01:03:30.568Z",
        "rango_medida": "0-616 unidades",
        "resolucion": "0.4 unidades",
        "error_maximo_permisible": "0.3427883272420422",
        "observaciones": "Equipo generado para pruebas de calidad",
        "archivo_compra_pdf": "",
        "ficha_tecnica_pdf": "",
        "manual_pdf": "",
        "otros_documentos_pdf": "",
        "imagen_equipo": "",
        "version_formato": null,
        "fecha_version_formato": null,
        "codificacion_formato": null,
        "fecha_ultima_calibracion": null,
        "proxima_calibracion": "2024-07-26",
        "frecuencia_calibracion_meses": "24.00",
        "fecha_ultimo_mantenimiento": null,
        "proximo_mantenimiento": "2023-01-26",
        "frecuencia_mantenimiento_meses": "6.00",
        "fecha_ultima_comprobacion": "2025-09-25",
        "proxima_comprobacion": "2025-10-25",
        "frecuencia_comprobacion_meses": "1.00"
      }
    },
    {
      "model": "core.equipo",
      "pk": 49,
      "fields": {
        "codigo_interno": "MET-030",
        "nombre": "Manómetro digital Druck 30",
        "empresa": 18,
        "tipo_equipo": "Manómetro digital",
        "marca": "Druck",
        "modelo": "M-2855",
        "numero_serie": "SN188831",
        "ubicacion": "Laboratorio B",
        "responsable": "Técnico Juan",
        "estado": "Inactivo",
        "fecha_adquisicion": "2025-02-25",
        "fecha_registro": "2025-09-21T01:03:30.628Z",
        "rango_medida": "0-409 unidades",
        "resolucion": "0.1 unidades",
        "error_maximo_permisible": "1.6371444528297658",
        "observaciones": "Equipo generado para pruebas de calidad",
        "archivo_compra_pdf": "",
        "ficha_tecnica_pdf": "",
        "manual_pdf": "",
        "otros_documentos_pdf": "",
        "imagen_equipo": "",
        "version_formato": null,
        "fecha_version_formato": null,
        "codificacion_formato": null,
        "fecha_ultima_calibracion": "2025-09-28",
        "proxima_calibracion": null,
        "frecuencia_calibracion_meses": "6.00",
        "fecha_ultimo_mantenimiento": "2025-10-18",
        "proximo_mantenimiento": null,
        "frecuencia_mantenimiento_meses": "3.00",
        "fecha_ultima_comprobacion": "2025-10-05",
        "proxima_comprobacion": null,
        "frecuencia_comprobacion_meses": "3.00"
      }
    },
    {
      "model": "core.equipo",
      "pk": 50,
      "fields": {
        "codigo_interno": "MET-031",
        "nombre": "Calibrador de presión Omega 31",
        "empresa": 18,
        "tipo_equipo": "Calibrador de presión",
        "marca": "Omega",
        "modelo": "M-1394",
        "numero_serie": "SN908422",
        "ubicacion": "Planta Principal",
        "responsable": "Técnico Luis",
        "estado": "Inactivo",
        "fecha_adquisicion": "2024-05-28",
        "fecha_registro": "2025-09-21T01:03:30.831Z",
        "rango_medida": "0-708 unidades",
        "resolucion": "0.5 unidades",
        "error_maximo_permisible": "1.8152991097578046",
        "observaciones": "Equipo generado para pruebas de calidad",
        "archivo_compra_pdf": "",
        "ficha_tecnica_pdf": "",
        "manual_pdf": "",
        "otros_documentos_pdf": "",
        "imagen_equipo": "",
        "version_formato": null,
        "fecha_version_formato": null,
        "codificacion_formato": null,
        "fecha_ultima_calibracion": null,
        "proxima_calibracion": null,
        "frecuencia_calibracion_meses": "12.00",
        "fecha_ultimo_mantenimiento": "2025-10-17",
        "proximo_mantenimiento": null,
        "frecuencia_mantenimiento_meses": "3.00",
        "fecha_ultima_comprobacion": null,
        "proxima_comprobacion": null,
        "frecuencia_comprobacion_meses": "6.00"
      }
    },
    {
      "model": "core.equipo",
      "pk": 51,
      "fields": {
        "codigo_interno": "MET-032",
        "nombre": "Espectrofotómetro Testo 32",
        "empresa": 18,
        "tipo_equipo": "Espectrofotómetro",
        "marca": "Testo",
        "modelo": "M-1767",
        "numero_serie": "SN407145",
        "ubicacion": "Laboratorio B",
        "responsable": "Técnico Luis",
        "estado": "De Baja",
        "fecha_adquisicion": "2022-01-27",
        "fecha_registro": "2025-09-21T01:03:30.867Z",
        "rango_medida": "0-431 unidades",
        "resolucion": "0.5 unidades",
        "error_maximo_permisible": "1.7988993390008094",
        "observaciones": "Equipo generado para pruebas de calidad",
        "archivo_compra_pdf": "",
        "ficha_tecnica_pdf": "",
        "manual_pdf": "",
        "otros_documentos_pdf": "",
        "imagen_equipo": "",
        "version_formato": null,
        "fecha_version_formato": null,
        "codificacion_formato": null,
        "fecha_ultima_calibracion": null,
        "proxima_calibracion": null,
        "frecuencia_calibracion_meses": "12.00",
        "fecha_ultimo_mantenimiento": null,
        "proximo_mantenimiento": null,
        "frecuencia_mantenimiento_meses": "12.00",
        "fecha_ultima_comprobacion": null,
        "proxima_comprobacion": null,
        "frecuencia_comprobacion_meses": "3.00"
      }
    },
    {
      "model": "core.equipo",
      "pk": 52,
      "fields": {
        "codigo_interno": "MET-033",
        "nombre": "Cronómetro Omega 33",
        "empresa": 18,
        "tipo_equipo": "Cronómetro",
        "marca": "Omega",
        "modelo": "M-2625",
        "numero_serie": "SN367146",
        "ubicacion": "Laboratorio B",
        "responsable": "Técnico María",
        "estado": "Activo",
        "fecha_adquisicion": "2024-06-21",
        "fecha_registro": "2025-09-21T01:03:30.880Z",
        "rango_medida": "0-903 unidades",
        "resolucion": "0.3 unidades",
        "error_maximo_permisible": "1.085423820381687",
        "observaciones": "Equipo generado para pruebas de calidad",
        "archivo_compra_pdf": "",
        "ficha_tecnica_pdf": "",
        "manual_pdf": "",
        "otros_documentos_pdf": "",
        "imagen_equipo": "",
        "version_formato": null,
        "fecha_version_formato": null,
        "codificacion_formato": null,
        "fecha_ultima_calibracion": null,
        "proxima_calibracion": "2025-06-21",
        "frecuencia_calibracion_meses": "12.00",
        "fecha_ultimo_mantenimiento": "2025-10-05",
        "proximo_mantenimiento": "2026-10-05",
        "frecuencia_mantenimiento_meses": "12.00",
        "fecha_ultima_comprobacion": "2025-10-08",
        "proxima_comprobacion": "2026-01-08",
        "frecuencia_comprobacion_meses": "3.00"
      }
    },
    {
      "model": "core.equipo",
      "pk": 53,
      "fields": {
        "codigo_interno": "MET-034",
        "nombre": "pH-metro Omega 34",
        "empresa": 18,
        "tipo_equipo": "pH-metro",
        "marca": "Omega",
        "modelo": "M-6966",
        "numero_serie": "SN238881",
        "ubicacion": "Laboratorio A",
        "responsable": "Técnico Carlos",
        "estado": "Activo",
        "fecha_adquisicion": "2025-02-10",
        "fecha_registro": "2025-09-21T01:03:30.947Z",
        "rango_medida": "0-988 unidades",
        "resolucion": "0.3 unidades",
        "error_maximo_permisible": "0.16221110519898865",
        "observaciones": "Equipo generado para pruebas de calidad",
        "archivo_compra_pdf": "",
        "ficha_tecnica_pdf": "",
        "manual_pdf": "",
        "otros_documentos_pdf": "",
        "imagen_equipo": "",
        "version_formato": null,
        "fecha_version_formato": null,
        "codificacion_formato": null,
        "fecha_ultima_calibracion": null,
        "proxima_calibracion": "2027-02-10",
        "frecuencia_calibracion_meses": "24.00",
        "fecha_ultimo_mantenimiento": "2025-10-17",
        "proximo_mantenimiento": "2026-10-17",
        "frecuencia_mantenimiento_meses": "12.00",
        "fecha_ultima_comprobacion": null,
        "proxima_comprobacion": "2025-03-10",
        "frecuencia_comprobacion_meses": "1.00"
      }
    },
    {
      "model": "core.equipo",
      "pk": 54,
      "fields": {
        "codigo_interno": "MET-035",
        "nombre": "Microscopio Sartorius 35",
        "empresa": 18,
        "tipo_equipo": "Microscopio",
        "marca": "Sartorius",
        "modelo": "M-7631",
        "numero_serie": "SN277228",
        "ubicacion": "Laboratorio B",
        "responsable": "Técnico Ana",
        "estado": "Activo",
        "fecha_adquisicion": "2024-04-24",
        "fecha_registro": "2025-09-21T01:03:30.984Z",
        "rango_medida": "0-851 unidades",
        "resolucion": "0.3 unidades",
        "error_maximo_permisible": "1.795626814722437",
        "observaciones": "Equipo generado para pruebas de calidad",
        "archivo_compra_pdf": "",
        "ficha_tecnica_pdf": "",
        "manual_pdf": "",
        "otros_documentos_pdf": "",
        "imagen_equipo": "",
        "version_formato": null,
        "fecha_version_formato": null,
        "codificacion_formato": null,
        "fecha_ultima_calibracion": null,
        "proxima_calibracion": "2025-04-24",
        "frecuencia_calibracion_meses": "12.00",
        "fecha_ultimo_mantenimiento": "2025-10-18",
        "proximo_mantenimiento": "2026-10-18",
        "frecuencia_mantenimiento_meses": "12.00",
        "fecha_ultima_comprobacion": null,
        "proxima_comprobacion": "2024-07-24",
        "frecuencia_comprobacion_meses": "3.00"
      }
    },
    {
      "model": "core.equipo",
      "pk": 55,
      "fields": {
        "codigo_interno": "MET-036",
        "nombre": "Espectrofotómetro Sartorius 36",
        "empresa": 18,
        "tipo_equipo": "Espectrofotómetro",
        "marca": "Sartorius",
        "modelo": "M-6572",
        "numero_serie": "SN777184",
        "ubicacion": "Laboratorio B",
        "responsable": "Técnico Carlos",
        "estado": "De Baja",
        "fecha_adquisicion": "2025-03-15",
        "fecha_registro": "2025-09-21T01:03:31.030Z",
        "rango_medida": "0-490 unidades",
        "resolucion": "0.2 unidades",
        "error_maximo_permisible": "1.2538059274646807",
        "observaciones": "Equipo generado para pruebas de calidad",
        "archivo_compra_pdf": "",
        "ficha_tecnica_pdf": "",
        "manual_pdf": "",
        "otros_documentos_pdf": "",
        "imagen_equipo": "",
        "version_formato": null,
        "fecha_version_formato": null,
        "codificacion_formato": null,
        "fecha_ultima_calibracion": "2025-10-11",
        "proxima_calibracion": null,
        "frecuencia_calibracion_meses": "12.00",
        "fecha_ultimo_mantenimiento": "2025-10-07",
        "proximo_mantenimiento": null,
        "frecuencia_mantenimiento_meses": "3.00",
        "fecha_ultima_comprobacion": null,
        "proxima_comprobacion": null,
        "frecuencia_comprobacion_meses": "1.00"
      }
    },
    {
      "model": "core.equipo",
      "pk": 56,
      "fields": {
        "codigo_interno": "MET-037",
        "nombre": "Cronómetro Omega 37",
        "empresa": 18,
        "tipo_equipo": "Cronómetro",
        "marca": "Omega",
        "modelo": "M-9589",
        "numero_serie": "SN905952",
        "ubicacion": "Planta Principal",
        "responsable": "Técnico Luis",
        "estado": "Activo",
        "fecha_adquisicion": "2025-05-28",
        "fecha_registro": "2025-09-21T01:03:31.093Z",
        "rango_medida": "0-675 unidades",
        "resolucion": "0.3 unidades",
        "error_maximo_permisible": "1.2155390824363683",
        "observaciones": "Equipo generado para pruebas de calidad",
        "archivo_compra_pdf": "",
        "ficha_tecnica_pdf": "",
        "manual_pdf": "",
        "otros_documentos_pdf": "",
        "imagen_equipo": "",
        "version_formato": null,
        "fecha_version_formato": null,
        "codificacion_formato": null,
        "fecha_ultima_calibracion": "2025-10-05",
        "proxima_calibracion": "2026-04-05",
        "frecuencia_calibracion_meses": "6.00",
        "fecha_ultimo_mantenimiento": "2025-09-27",
        "proximo_mantenimiento": "2026-03-27",
        "frecuencia_mantenimiento_meses": "6.00",
        "fecha_ultima_comprobacion": "2025-10-16",
        "proxima_comprobacion": "2026-01-16",
        "frecuencia_comprobacion_meses": "3.00"
      }
    },
    {
      "model": "core.equipo",
      "pk": 57,
      "fields": {
        "codigo_interno": "MET-038",
        "nombre": "Manómetro digital Omega 38",
        "empresa": 18,
        "tipo_equipo": "Manómetro digital",
        "marca": "Omega",
        "modelo": "M-9946",
        "numero_serie": "SN989236",
        "ubicacion": "Planta Principal",
        "responsable": "Técnico María",
        "estado": "Activo",
        "fecha_adquisicion": "2025-06-29",
        "fecha_registro": "2025-09-21T01:03:31.194Z",
        "rango_medida": "0-921 unidades",
        "resolucion": "0.4 unidades",
        "error_maximo_permisible": "1.7628336302390735",
        "observaciones": "Equipo generado para pruebas de calidad",
        "archivo_compra_pdf": "",
        "ficha_tecnica_pdf": "",
        "manual_pdf": "",
        "otros_documentos_pdf": "",
        "imagen_equipo": "",
        "version_formato": null,
        "fecha_version_formato": null,
        "codificacion_formato": null,
        "fecha_ultima_calibracion": null,
        "proxima_calibracion": "2027-06-29",
        "frecuencia_calibracion_meses": "24.00",
        "fecha_ultimo_mantenimiento": null,
        "proximo_mantenimiento": "2025-09-29",
        "frecuencia_mantenimiento_meses": "3.00",
        "fecha_ultima_comprobacion": null,
        "proxima_comprobacion": "2025-09-29",
        "frecuencia_comprobacion_meses": "3.00"
      }
    },
    {
      "model": "core.equipo",
      "pk": 58,
      "fields": {
        "codigo_interno": "MET-039",
        "nombre": "Termómetro infrarrojo Hanna Instruments 39",
        "empresa": 18,
        "tipo_equipo": "Termómetro infrarrojo",
        "marca": "Hanna Instruments",
        "modelo": "M-6020",
        "numero_serie": "SN770973",
        "ubicacion": "Laboratorio B",
        "responsable": "Técnico María",
        "estado": "Activo",
        "fecha_adquisicion": "2021-01-30",
        "fecha_registro": "2025-09-21T01:03:31.202Z",
        "rango_medida": "0-265 unidades",
        "resolucion": "0.3 unidades",
        "error_maximo_permisible": "0.4802074707863505",
        "observaciones": "Equipo generado para pruebas de calidad",
        "archivo_compra_pdf": "",
        "ficha_tecnica_pdf": "",
        "manual_pdf": "",
        "otros_documentos_pdf": "",
        "imagen_equipo": "",
        "version_formato": null,
        "fecha_version_formato": null,
        "codificacion_formato": null,
        "fecha_ultima_calibracion": "2025-10-17",
        "proxima_calibracion": "2027-10-17",
        "frecuencia_calibracion_meses": "24.00",
        "fecha_ultimo_mantenimiento": "2025-09-25",
        "proximo_mantenimiento": "2026-03-25",
        "frecuencia_mantenimiento_meses": "6.00",
        "fecha_ultima_comprobacion": "2025-09-20",
        "proxima_comprobacion": "2025-12-20",
        "frecuencia_comprobacion_meses": "3.00"
      }
    },
    {
      "model": "core.equipo",
      "pk": 59,
      "fields": {
        "codigo_interno": "MET-040",
        "nombre": "Espectrofotómetro Omega 40",
        "empresa": 18,
        "tipo_equipo": "Espectrofotómetro",
        "marca": "Omega",
        "modelo": "M-8111",
        "numero_serie": "SN179916",
        "ubicacion": "Laboratorio A",
        "responsable": "Técnico María",
        "estado": "Activo",
        "fecha_adquisicion": "2025-08-21",
        "fecha_registro": "2025-09-21T01:03:31.301Z",
        "rango_medida": "0-816 unidades",
        "resolucion": "0.5 unidades",
        "error_maximo_permisible": "1.6095235859869554",
        "observaciones": "Equipo generado para pruebas de calidad",
        "archivo_compra_pdf": "",
        "ficha_tecnica_pdf": "",
        "manual_pdf": "",
        "otros_documentos_pdf": "",
        "imagen_equipo": "",
        "version_formato": null,
        "fecha_version_formato": null,
        "codificacion_formato": null,
        "fecha_ultima_calibracion": null,
        "proxima_calibracion": "2026-08-21",
        "frecuencia_calibracion_meses": "12.00",
        "fecha_ultimo_mantenimiento": "2025-10-11",
        "proximo_mantenimiento": "2026-10-11",
        "frecuencia_mantenimiento_meses": "12.00",
        "fecha_ultima_comprobacion": null,
        "proxima_comprobacion": "2026-02-21",
        "frecuencia_comprobacion_meses": "6.00"
      }
    }
  ],
  "calibraciones": [
    {
      "model": "core.calibracion",
      "pk": 3,
      "fields": {
        "equipo": 20,
        "fecha_calibracion": "2025-10-10",
        "proveedor": null,
        "nombre_proveedor": "Laboratorio de Calibración Certificado",
        "resultado": "Aprobado",
        "numero_certificado": null,
        "documento_calibracion": "",
        "confirmacion_metrologica_pdf": "",
        "intervalos_calibracion_pdf": "",
        "observaciones": "Calibración programada para 10/10/2025",
        "fecha_registro": "2025-09-21T01:03:29.007Z"
      }
    },
    {
      "model": "core.calibracion",
      "pk": 4,
      "fields": {
        "equipo": 25,
        "fecha_calibracion": "2025-10-19",
        "proveedor": null,
        "nombre_proveedor": "Laboratorio de Calibración Certificado",
        "resultado": "Aprobado",
        "numero_certificado": null,
        "documento_calibracion": "",
        "confirmacion_metrologica_pdf": "",
        "intervalos_calibracion_pdf": "",
        "observaciones": "Calibración programada para 19/10/2025",
        "fecha_registro": "2025-09-21T01:03:29.211Z"
      }
    },
    {
      "model": "core.calibracion",
      "pk": 5,
      "fields": {
        "equipo": 28,
        "fecha_calibracion": "2025-10-16",
        "proveedor": null,
        "nombre_proveedor": "Laboratorio de Calibración Certificado",
        "resultado": "Aprobado",
        "numero_certificado": null,
        "documento_calibracion": "",
        "confirmacion_metrologica_pdf": "",
        "intervalos_calibracion_pdf": "",
        "observaciones": "Calibración programada para 16/10/2025",
        "fecha_registro": "2025-09-21T01:03:29.383Z"
      }
    },
    {
      "model": "core.calibracion",
      "pk": 6,
      "fields": {
        "equipo": 30,
        "fecha_calibracion": "2025-10-18",
        "proveedor": null,
        "nombre_proveedor": "Laboratorio de Calibración Certificado",
        "resultado": "Aprobado",
        "numero_certificado": null,
        "documento_calibracion": "",
        "confirmacion_metrologica_pdf": "",
        "intervalos_calibracion_pdf": "",
        "observaciones": "Calibración programada para 18/10/2025",
        "fecha_registro": "2025-09-21T01:03:29.580Z"
      }
    },
    {
      "model": "core.calibracion",
      "pk": 7,
      "fields": {
        "equipo": 31,
        "fecha_calibracion": "2025-09-22",
        "proveedor": null,
        "nombre_proveedor": "Laboratorio de Calibración Certificado",
        "resultado": "Aprobado",
        "numero_certificado": null,
        "documento_calibracion": "",
        "confirmacion_metrologica_pdf": "",
        "intervalos_calibracion_pdf": "",
        "observaciones": "Calibración programada para 22/09/2025",
        "fecha_registro": "2025-09-21T01:03:29.624Z"
      }
    },
    {
      "model": "core.calibracion",
      "pk": 8,
      "fields": {
        "equipo": 36,
        "fecha_calibracion": "2025-10-20",
        "proveedor": null,
        "nombre_proveedor": "Laboratorio de Calibración Certificado",
        "resultado": "Aprobado",
        "numero_certificado": null,
        "documento_calibracion": "",
        "confirmacion_metrologica_pdf": "",
        "intervalos_calibracion_pdf": "",
        "observaciones": "Calibración programada para 20/10/2025",
        "fecha_registro": "2025-09-21T01:03:29.811Z"
      }
    },
    {
      "model": "core.calibracion",
      "pk": 9,
      "fields": {
        "equipo": 37,
        "fecha_calibracion": "2025-10-09",
        "proveedor": null,
        "nombre_proveedor": "Laboratorio de Calibración Certificado",
        "resultado": "Aprobado",
        "numero_certificado": null,
        "documento_calibracion": "",
        "confirmacion_metrologica_pdf": "",
        "intervalos_calibracion_pdf": "",
        "observaciones": "Calibración programada para 09/10/2025",
        "fecha_registro": "2025-09-21T01:03:29.897Z"
      }
    },
    {
      "model": "core.calibracion",
      "pk": 10,
      "fields": {
        "equipo": 38,
        "fecha_calibracion": "2025-09-20",
        "proveedor": null,
        "nombre_proveedor": "Laboratorio de Calibración Certificado",
        "resultado": "Aprobado",
        "numero_certificado": null,
        "documento_calibracion": "",
        "confirmacion_metrologica_pdf": "",
        "intervalos_calibracion_pdf": "",
        "observaciones": "Calibración programada para 20/09/2025",
        "fecha_registro": "2025-09-21T01:03:29.968Z"
      }
    },
    {
      "model": "core.calibracion",
      "pk": 11,
      "fields": {
        "equipo": 39,
        "fecha_calibracion": "2025-09-29",
        "proveedor": null,
        "nombre_proveedor": "Laboratorio de Calibración Certificado",
        "resultado": "Aprobado",
        "numero_certificado": null,
        "documento_calibracion": "",
        "confirmacion_metrologica_pdf": "",
        "intervalos_calibracion_pdf": "",
        "observaciones": "Calibración programada para 29/09/2025",
        "fecha_registro": "2025-09-21T01:03:30.020Z"
      }
    },
    {
      "model": "core.calibracion",
      "pk": 12,
      "fields": {
        "equipo": 41,
        "fecha_calibracion": "2025-10-17",
        "proveedor": null,
        "nombre_proveedor": "Laboratorio de Calibración Certificado",
        "resultado": "Aprobado",
        "numero_certificado": null,
        "documento_calibracion": "",
        "confirmacion_metrologica_pdf": "",
        "intervalos_calibracion_pdf": "",
        "observaciones": "Calibración programada para 17/10/2025",
        "fecha_registro": "2025-09-21T01:03:30.105Z"
      }
    },
    {
      "model": "core.calibracion",
      "pk": 13,
      "fields": {
        "equipo": 43,
        "fecha_calibracion": "2025-10-18",
        "proveedor": null,
        "nombre_proveedor": "Laboratorio de Calibración Certificado",
        "resultado": "Aprobado",
        "numero_certificado": null,
        "documento_calibracion": "",
        "confirmacion_metrologica_pdf": "",
        "intervalos_calibracion_pdf": "",
        "observaciones": "Calibración programada para 18/10/2025",
        "fecha_registro": "2025-09-21T01:03:30.222Z"
      }
    },
    {
      "model": "core.calibracion",
      "pk": 14,
      "fields": {
        "equipo": 44,
        "fecha_calibracion": "2025-10-18",
        "proveedor": null,
        "nombre_proveedor": "Laboratorio de Calibración Certificado",
        "resultado": "Aprobado",
        "numero_certificado": null,
        "documento_calibracion": "",
        "confirmacion_metrologica_pdf": "",
        "intervalos_calibracion_pdf": "",
        "observaciones": "Calibración programada para 18/10/2025",
        "fecha_registro": "2025-09-21T01:03:30.296Z"
      }
    },
    {
      "model": "core.calibracion",
      "pk": 15,
      "fields": {
        "equipo": 49,
        "fecha_calibracion": "2025-09-28",
        "proveedor": null,
        "nombre_proveedor": "Laboratorio de Calibración Certificado",
        "resultado": "Aprobado",
        "numero_certificado": null,
        "documento_calibracion": "",
        "confirmacion_metrologica_pdf": "",
        "intervalos_calibracion_pdf": "",
        "observaciones": "Calibración programada para 28/09/2025",
        "fecha_registro": "2025-09-21T01:03:30.643Z"
      }
    },
    {
      "model": "core.calibracion",
      "pk": 16,
      "fields": {
        "equipo": 55,
        "fecha_calibracion": "2025-10-11",
        "proveedor": null,
        "nombre_proveedor": "Laboratorio de Calibración Certificado",
        "resultado": "Aprobado",
        "numero_certificado": null,
        "documento_calibracion": "",
        "confirmacion_metrologica_pdf": "",
        "intervalos_calibracion_pdf": "",
        "observaciones": "Calibración programada para 11/10/2025",
        "fecha_registro": "2025-09-21T01:03:31.041Z"
      }
    },
    {
      "model": "core.calibracion",
      "pk": 17,
      "fields": {
        "equipo": 56,
        "fecha_calibracion": "2025-10-05",
        "proveedor": null,
        "nombre_proveedor": "Laboratorio de Calibración Certificado",
        "resultado": "Aprobado",
        "numero_certificado": null,
        "documento_calibracion": "",
        "confirmacion_metrologica_pdf": "",
        "intervalos_calibracion_pdf": "",
        "observaciones": "Calibración programada para 05/10/2025",
        "fecha_registro": "2025-09-21T01:03:31.106Z"
      }
    },
    {
      "model": "core.calibracion",
      "pk": 18,
      "fields": {
        "equipo": 58,
        "fecha_calibracion": "2025-10-17",
        "proveedor": null,
        "nombre_proveedor": "Laboratorio de Calibración Certificado",
        "resultado": "Aprobado",
        "numero_certificado": null,
        "documento_calibracion": "",
        "confirmacion_metrologica_pdf": "",
        "intervalos_calibracion_pdf": "",
        "observaciones": "Calibración programada para 17/10/2025",
        "fecha_registro": "2025-09-21T01:03:31.212Z"
      }
    }
  ],
  "mantenimientos": [
    {
      "model": "core.mantenimiento",
      "pk": 3,
      "fields": {
        "equipo": 25,
        "fecha_mantenimiento": "2025-09-26",
        "tipo_mantenimiento": "Preventivo",
        "proveedor": null,
        "nombre_proveedor": null,
        "responsable": "Técnico de Mantenimiento",
        "costo": null,
        "descripcion": "Mantenimiento programado de rutina",
        "documento_mantenimiento": "",
        "observaciones": "Mantenimiento generado para pruebas",
        "fecha_registro": "2025-09-21T01:03:29.238Z"
      }
    },
    {
      "model": "core.mantenimiento",
      "pk": 4,
      "fields": {
        "equipo": 27,
        "fecha_mantenimiento": "2025-10-14",
        "tipo_mantenimiento": "Correctivo",
        "proveedor": null,
        "nombre_proveedor": null,
        "responsable": "Técnico de Mantenimiento",
        "costo": null,
        "descripcion": "Mantenimiento programado de rutina",
        "documento_mantenimiento": "",
        "observaciones": "Mantenimiento generado para pruebas",
        "fecha_registro": "2025-09-21T01:03:29.343Z"
      }
    },
    {
      "model": "core.mantenimiento",
      "pk": 5,
      "fields": {
        "equipo": 28,
        "fecha_mantenimiento": "2025-09-23",
        "tipo_mantenimiento": "Correctivo",
        "proveedor": null,
        "nombre_proveedor": null,
        "responsable": "Técnico de Mantenimiento",
        "costo": null,
        "descripcion": "Mantenimiento programado de rutina",
        "documento_mantenimiento": "",
        "observaciones": "Mantenimiento generado para pruebas",
        "fecha_registro": "2025-09-21T01:03:29.422Z"
      }
    },
    {
      "model": "core.mantenimiento",
      "pk": 6,
      "fields": {
        "equipo": 29,
        "fecha_mantenimiento": "2025-10-10",
        "tipo_mantenimiento": "Correctivo",
        "proveedor": null,
        "nombre_proveedor": null,
        "responsable": "Técnico de Mantenimiento",
        "costo": null,
        "descripcion": "Mantenimiento programado de rutina",
        "documento_mantenimiento": "",
        "observaciones": "Mantenimiento generado para pruebas",
        "fecha_registro": "2025-09-21T01:03:29.501Z"
      }
    },
    {
      "model": "core.mantenimiento",
      "pk": 7,
      "fields": {
        "equipo": 31,
        "fecha_mantenimiento": "2025-10-15",
        "tipo_mantenimiento": "Preventivo",
        "proveedor": null,
        "nombre_proveedor": null,
        "responsable": "Técnico de Mantenimiento",
        "costo": null,
        "descripcion": "Mantenimiento programado de rutina",
        "documento_mantenimiento": "",
        "observaciones": "Mantenimiento generado para pruebas",
        "fecha_registro": "2025-09-21T01:03:29.671Z"
      }
    },
    {
      "model": "core.mantenimiento",
      "pk": 8,
      "fields": {
        "equipo": 33,
        "fecha_mantenimiento": "2025-09-29",
        "tipo_mantenimiento": "Preventivo",
        "proveedor": null,
        "nombre_proveedor": null,
        "responsable": "Técnico de Mantenimiento",
        "costo": null,
        "descripcion": "Mantenimiento programado de rutina",
        "documento_mantenimiento": "",
        "observaciones": "Mantenimiento generado para pruebas",
        "fecha_registro": "2025-09-21T01:03:29.727Z"
      }
    },
    {
      "model": "core.mantenimiento",
      "pk": 9,
      "fields": {
        "equipo": 42,
        "fecha_mantenimiento": "2025-09-29",
        "tipo_mantenimiento": "Preventivo",
        "proveedor": null,
        "nombre_proveedor": null,
        "responsable": "Técnico de Mantenimiento",
        "costo": null,
        "descripcion": "Mantenimiento programado de rutina",
        "documento_mantenimiento": "",
        "observaciones": "Mantenimiento generado para pruebas",
        "fecha_registro": "2025-09-21T01:03:30.177Z"
      }
    },
    {
      "model": "core.mantenimiento",
      "pk": 10,
      "fields": {
        "equipo": 45,
        "fecha_mantenimiento": "2025-10-18",
        "tipo_mantenimiento": "Correctivo",
        "proveedor": null,
        "nombre_proveedor": null,
        "responsable": "Técnico de Mantenimiento",
        "costo": null,
        "descripcion": "Mantenimiento programado de rutina",
        "documento_mantenimiento": "",
        "observaciones": "Mantenimiento generado para pruebas",
        "fecha_registro": "2025-09-21T01:03:30.353Z"
      }
    },
    {
      "model": "core.mantenimiento",
      "pk": 11,
      "fields": {
        "equipo": 46,
        "fecha_mantenimiento": "2025-10-09",
        "tipo_mantenimiento": "Preventivo",
        "proveedor": null,
        "nombre_proveedor": null,
        "responsable": "Técnico de Mantenimiento",
        "costo": null,
        "descripcion": "Mantenimiento programado de rutina",
        "documento_mantenimiento": "",
        "observaciones": "Mantenimiento generado para pruebas",
        "fecha_registro": "2025-09-21T01:03:30.390Z"
      }
    },
    {
      "model": "core.mantenimiento",
      "pk": 12,
      "fields": {
        "equipo": 47,
        "fecha_mantenimiento": "2025-10-07",
        "tipo_mantenimiento": "Preventivo",
        "proveedor": null,
        "nombre_proveedor": null,
        "responsable": "Técnico de Mantenimiento",
        "costo": null,
        "descripcion": "Mantenimiento programado de rutina",
        "documento_mantenimiento": "",
        "observaciones": "Mantenimiento generado para pruebas",
        "fecha_registro": "2025-09-21T01:03:30.494Z"
      }
    },
    {
      "model": "core.mantenimiento",
      "pk": 13,
      "fields": {
        "equipo": 49,
        "fecha_mantenimiento": "2025-10-18",
        "tipo_mantenimiento": "Correctivo",
        "proveedor": null,
        "nombre_proveedor": null,
        "responsable": "Técnico de Mantenimiento",
        "costo": null,
        "descripcion": "Mantenimiento programado de rutina",
        "documento_mantenimiento": "",
        "observaciones": "Mantenimiento generado para pruebas",
        "fecha_registro": "2025-09-21T01:03:30.672Z"
      }
    },
    {
      "model": "core.mantenimiento",
      "pk": 14,
      "fields": {
        "equipo": 50,
        "fecha_mantenimiento": "2025-10-17",
        "tipo_mantenimiento": "Preventivo",
        "proveedor": null,
        "nombre_proveedor": null,
        "responsable": "Técnico de Mantenimiento",
        "costo": null,
        "descripcion": "Mantenimiento programado de rutina",
        "documento_mantenimiento": "",
        "observaciones": "Mantenimiento generado para pruebas",
        "fecha_registro": "2025-09-21T01:03:30.841Z"
      }
    },
    {
      "model": "core.mantenimiento",
      "pk": 15,
      "fields": {
        "equipo": 52,
        "fecha_mantenimiento": "2025-10-05",
        "tipo_mantenimiento": "Preventivo",
        "proveedor": null,
        "nombre_proveedor": null,
        "responsable": "Técnico de Mantenimiento",
        "costo": null,
        "descripcion": "Mantenimiento programado de rutina",
        "documento_mantenimiento": "",
        "observaciones": "Mantenimiento generado para pruebas",
        "fecha_registro": "2025-09-21T01:03:30.891Z"
      }
    },
    {
      "model": "core.mantenimiento",
      "pk": 16,
      "fields": {
        "equipo": 53,
        "fecha_mantenimiento": "2025-10-17",
        "tipo_mantenimiento": "Preventivo",
        "proveedor": null,
        "nombre_proveedor": null,
        "responsable": "Técnico de Mantenimiento",
        "costo": null,
        "descripcion": "Mantenimiento programado de rutina",
        "documento_mantenimiento": "",
        "observaciones": "Mantenimiento generado para pruebas",
        "fecha_registro": "2025-09-21T01:03:30.955Z"
      }
    },
    {
      "model": "core.mantenimiento",
      "pk": 17,
      "fields": {
        "equipo": 54,
        "fecha_mantenimiento": "2025-10-18",
        "tipo_mantenimiento": "Correctivo",
        "proveedor": null,
        "nombre_proveedor": null,
        "responsable": "Técnico de Mantenimiento",
        "costo": null,
        "descripcion": "Mantenimiento programado de rutina",
        "documento_mantenimiento": "",
        "observaciones": "Mantenimiento generado para pruebas",
        "fecha_registro": "2025-09-21T01:03:30.992Z"
      }
    },
    {
      "model": "core.mantenimiento",
      "pk": 18,
      "fields": {
        "equipo": 55,
        "fecha_mantenimiento": "2025-10-07",
        "tipo_mantenimiento": "Preventivo",
        "proveedor": null,
        "nombre_proveedor": null,
        "responsable": "Técnico de Mantenimiento",
        "costo": null,
        "descripcion": "Mantenimiento programado de rutina",
        "documento_mantenimiento": "",
        "observaciones": "Mantenimiento generado para pruebas",
        "fecha_registro": "2025-09-21T01:03:31.066Z"
      }
    },
    {
      "model": "core.mantenimiento",
      "pk": 19,
      "fields": {
        "equipo": 56,
        "fecha_mantenimiento": "2025-09-27",
        "tipo_mantenimiento": "Preventivo",
        "proveedor": null,
        "nombre_proveedor": null,
        "responsable": "Técnico de Mantenimiento",
        "costo": null,
        "descripcion": "Mantenimiento programado de rutina",
        "documento_mantenimiento": "",
        "observaciones": "Mantenimiento generado para pruebas",
        "fecha_registro": "2025-09-21T01:03:31.138Z"
      }
    },
    {
      "model": "core.mantenimiento",
      "pk": 20,
      "fields": {
        "equipo": 58,
        "fecha_mantenimiento": "2025-09-25",
        "tipo_mantenimiento": "Correctivo",
        "proveedor": null,
        "nombre_proveedor": null,
        "responsable": "Técnico de Mantenimiento",
        "costo": null,
        "descripcion": "Mantenimiento programado de rutina",
        "documento_mantenimiento": "",
        "observaciones": "Mantenimiento generado para pruebas",
        "fecha_registro": "2025-09-21T01:03:31.240Z"
      }
    },
    {
      "model": "core.mantenimiento",
      "pk": 21,
      "fields": {
        "equipo": 59,
        "fecha_mantenimiento": "2025-10-11",
        "tipo_mantenimiento": "Preventivo",
        "proveedor": null,
        "nombre_proveedor": null,
        "responsable": "Técnico de Mantenimiento",
        "costo": null,
        "descripcion": "Mantenimiento programado de rutina",
        "documento_mantenimiento": "",
        "observaciones": "Mantenimiento generado para pruebas",
        "fecha_registro": "2025-09-21T01:03:31.311Z"
      }
    }
  ],
  "comprobaciones": [
    {
      "model": "core.comprobacion",
      "pk": 2,
      "fields": {
        "equipo": 20,
        "fecha_comprobacion": "2025-09-29",
        "proveedor": null,
        "nombre_proveedor": null,
        "responsable": "Técnico de Calidad",
        "resultado": "Aprobado",
        "observaciones": "Verificación de funcionamiento básico programada",
        "documento_comprobacion": "",
        "fecha_registro": "2025-09-21T01:03:29.034Z"
      }
    },
    {
      "model": "core.comprobacion",
      "pk": 3,
      "fields": {
        "equipo": 21,
        "fecha_comprobacion": "2025-09-20",
        "proveedor": null,
        "nombre_proveedor": null,
        "responsable": "Técnico de Calidad",
        "resultado": "Aprobado",
        "observaciones": "Verificación de funcionamiento básico programada",
        "documento_comprobacion": "",
        "fecha_registro": "2025-09-21T01:03:29.075Z"
      }
    },
    {
      "model": "core.comprobacion",
      "pk": 4,
      "fields": {
        "equipo": 23,
        "fecha_comprobacion": "2025-10-09",
        "proveedor": null,
        "nombre_proveedor": null,
        "responsable": "Técnico de Calidad",
        "resultado": "Aprobado",
        "observaciones": "Verificación de funcionamiento básico programada",
        "documento_comprobacion": "",
        "fecha_registro": "2025-09-21T01:03:29.125Z"
      }
    },
    {
      "model": "core.comprobacion",
      "pk": 5,
      "fields": {
        "equipo": 24,
        "fecha_comprobacion": "2025-10-17",
        "proveedor": null,
        "nombre_proveedor": null,
        "responsable": "Técnico de Calidad",
        "resultado": "Aprobado",
        "observaciones": "Verificación de funcionamiento básico programada",
        "documento_comprobacion": "",
        "fecha_registro": "2025-09-21T01:03:29.171Z"
      }
    },
    {
      "model": "core.comprobacion",
      "pk": 6,
      "fields": {
        "equipo": 25,
        "fecha_comprobacion": "2025-09-23",
        "proveedor": null,
        "nombre_proveedor": null,
        "responsable": "Técnico de Calidad",
        "resultado": "Aprobado",
        "observaciones": "Verificación de funcionamiento básico programada",
        "documento_comprobacion": "",
        "fecha_registro": "2025-09-21T01:03:29.266Z"
      }
    },
    {
      "model": "core.comprobacion",
      "pk": 7,
      "fields": {
        "equipo": 26,
        "fecha_comprobacion": "2025-10-10",
        "proveedor": null,
        "nombre_proveedor": null,
        "responsable": "Técnico de Calidad",
        "resultado": "Aprobado",
        "observaciones": "Verificación de funcionamiento básico programada",
        "documento_comprobacion": "",
        "fecha_registro": "2025-09-21T01:03:29.310Z"
      }
    },
    {
      "model": "core.comprobacion",
      "pk": 8,
      "fields": {
        "equipo": 28,
        "fecha_comprobacion": "2025-10-13",
        "proveedor": null,
        "nombre_proveedor": null,
        "responsable": "Técnico de Calidad",
        "resultado": "Aprobado",
        "observaciones": "Verificación de funcionamiento básico programada",
        "documento_comprobacion": "",
        "fecha_registro": "2025-09-21T01:03:29.454Z"
      }
    },
    {
      "model": "core.comprobacion",
      "pk": 9,
      "fields": {
        "equipo": 29,
        "fecha_comprobacion": "2025-10-20",
        "proveedor": null,
        "nombre_proveedor": null,
        "responsable": "Técnico de Calidad",
        "resultado": "Aprobado",
        "observaciones": "Verificación de funcionamiento básico programada",
        "documento_comprobacion": "",
        "fecha_registro": "2025-09-21T01:03:29.539Z"
      }
    },
    {
      "model": "core.comprobacion",
      "pk": 10,
      "fields": {
        "equipo": 36,
        "fecha_comprobacion": "2025-10-02",
        "proveedor": null,
        "nombre_proveedor": null,
        "responsable": "Técnico de Calidad",
        "resultado": "Aprobado",
        "observaciones": "Verificación de funcionamiento básico programada",
        "documento_comprobacion": "",
        "fecha_registro": "2025-09-21T01:03:29.846Z"
      }
    },
    {
      "model": "core.comprobacion",
      "pk": 11,
      "fields": {
        "equipo": 37,
        "fecha_comprobacion": "2025-10-15",
        "proveedor": null,
        "nombre_proveedor": null,
        "responsable": "Técnico de Calidad",
        "resultado": "Aprobado",
        "observaciones": "Verificación de funcionamiento básico programada",
        "documento_comprobacion": "",
        "fecha_registro": "2025-09-21T01:03:29.928Z"
      }
    },
    {
      "model": "core.comprobacion",
      "pk": 12,
      "fields": {
        "equipo": 40,
        "fecha_comprobacion": "2025-10-16",
        "proveedor": null,
        "nombre_proveedor": null,
        "responsable": "Técnico de Calidad",
        "resultado": "Aprobado",
        "observaciones": "Verificación de funcionamiento básico programada",
        "documento_comprobacion": "",
        "fecha_registro": "2025-09-21T01:03:30.068Z"
      }
    },
    {
      "model": "core.comprobacion",
      "pk": 13,
      "fields": {
        "equipo": 41,
        "fecha_comprobacion": "2025-09-22",
        "proveedor": null,
        "nombre_proveedor": null,
        "responsable": "Técnico de Calidad",
        "resultado": "Aprobado",
        "observaciones": "Verificación de funcionamiento básico programada",
        "documento_comprobacion": "",
        "fecha_registro": "2025-09-21T01:03:30.139Z"
      }
    },
    {
      "model": "core.comprobacion",
      "pk": 14,
      "fields": {
        "equipo": 43,
        "fecha_comprobacion": "2025-10-01",
        "proveedor": null,
        "nombre_proveedor": null,
        "responsable": "Técnico de Calidad",
        "resultado": "Aprobado",
        "observaciones": "Verificación de funcionamiento básico programada",
        "documento_comprobacion": "",
        "fecha_registro": "2025-09-21T01:03:30.258Z"
      }
    },
    {
      "model": "core.comprobacion",
      "pk": 15,
      "fields": {
        "equipo": 44,
        "fecha_comprobacion": "2025-09-25",
        "proveedor": null,
        "nombre_proveedor": null,
        "responsable": "Técnico de Calidad",
        "resultado": "Aprobado",
        "observaciones": "Verificación de funcionamiento básico programada",
        "documento_comprobacion": "",
        "fecha_registro": "2025-09-21T01:03:30.322Z"
      }
    },
    {
      "model": "core.comprobacion",
      "pk": 16,
      "fields": {
        "equipo": 46,
        "fecha_comprobacion": "2025-09-26",
        "proveedor": null,
        "nombre_proveedor": null,
        "responsable": "Técnico de Calidad",
        "resultado": "Aprobado",
        "observaciones": "Verificación de funcionamiento básico programada",
        "documento_comprobacion": "",
        "fecha_registro": "2025-09-21T01:03:30.438Z"
      }
    },
    {
      "model": "core.comprobacion",
      "pk": 17,
      "fields": {
        "equipo": 47,
        "fecha_comprobacion": "2025-10-16",
        "proveedor": null,
        "nombre_proveedor": null,
        "responsable": "Técnico de Calidad",
        "resultado": "Aprobado",
        "observaciones": "Verificación de funcionamiento básico programada",
        "documento_comprobacion": "",
        "fecha_registro": "2025-09-21T01:03:30.536Z"
      }
    },
    {
      "model": "core.comprobacion",
      "pk": 18,
      "fields": {
        "equipo": 48,
        "fecha_comprobacion": "2025-09-25",
        "proveedor": null,
        "nombre_proveedor": null,
        "responsable": "Técnico de Calidad",
        "resultado": "Aprobado",
        "observaciones": "Verificación de funcionamiento básico programada",
        "documento_comprobacion": "",
        "fecha_registro": "2025-09-21T01:03:30.578Z"
      }
    },
    {
      "model": "core.comprobacion",
      "pk": 19,
      "fields": {
        "equipo": 49,
        "fecha_comprobacion": "2025-10-05",
        "proveedor": null,
        "nombre_proveedor": null,
        "responsable": "Técnico de Calidad",
        "resultado": "Aprobado",
        "observaciones": "Verificación de funcionamiento básico programada",
        "documento_comprobacion": "",
        "fecha_registro": "2025-09-21T01:03:30.713Z"
      }
    },
    {
      "model": "core.comprobacion",
      "pk": 20,
      "fields": {
        "equipo": 52,
        "fecha_comprobacion": "2025-10-08",
        "proveedor": null,
        "nombre_proveedor": null,
        "responsable": "Técnico de Calidad",
        "resultado": "Aprobado",
        "observaciones": "Verificación de funcionamiento básico programada",
        "documento_comprobacion": "",
        "fecha_registro": "2025-09-21T01:03:30.921Z"
      }
    },
    {
      "model": "core.comprobacion",
      "pk": 21,
      "fields": {
        "equipo": 56,
        "fecha_comprobacion": "2025-10-16",
        "proveedor": null,
        "nombre_proveedor": null,
        "responsable": "Técnico de Calidad",
        "resultado": "Aprobado",
        "observaciones": "Verificación de funcionamiento básico programada",
        "documento_comprobacion": "",
        "fecha_registro": "2025-09-21T01:03:31.165Z"
      }
    },
    {
      "model": "core.comprobacion",
      "pk": 22,
      "fields": {
        "equipo": 58,
        "fecha_comprobacion": "2025-09-20",
        "proveedor": null,
        "nombre_proveedor": null,
        "responsable": "Técnico de Calidad",
        "resultado": "Aprobado",
        "observaciones": "Verificación de funcionamiento básico programada",
        "documento_comprobacion": "",
        "fecha_registro": "2025-09-21T01:03:31.266Z"
      }
    }
  ]
}