{
  "metadata": {
    "empresa_id": 112,
    "empresa_nombre": "PRUEBA1",
    "backup_date": "2025-10-02T01:17:17.353634+00:00",
    "version": "1.0"
  },
  "empresa": {
    "model": "core.empresa",
    "pk": 112,
    "fields": {
      "nombre": "PRUEBA1",
      "nit": "12345678912",
      "direccion": "CARE13",
      "telefono": "3124554521",
      "email": "metrologiasam@gmail.com",
      "logo_empresa": "empresas_logos/cap05.png",
      "fecha_registro": "2025-09-28T17:32:35.550Z",
      "formato_version_empresa": "5",
      "formato_fecha_version_empresa": null,
      "formato_codificacion_empresa": "2562",
      "es_periodo_prueba": true,
      "duracion_prueba_dias": 30,
      "fecha_inicio_plan": "2025-09-28",
      "limite_equipos_empresa": 50,
      "duracion_suscripcion_meses": 12,
      "limite_almacenamiento_mb": 500,
      "acceso_manual_activo": false,
      "estado_suscripcion": "Activo",
      "is_deleted": true,
      "deleted_at": "2025-09-28T18:23:37.724Z",
      "deleted_by": 1,
      "delete_reason": "Eliminación manual",
      "tarifa_mensual_sam": null,
      "fecha_inicio_contrato_sam": null,
      "nivel_servicio_sam": "Estándar",
      "modalidad_pago": "MENSUAL",
      "valor_pago_acordado": null,
      "fecha_ultimo_pago": null,
      "fecha_proximo_pago": null,
      "tipo_organismo": "Industrial",
      "normas_aplicables": null
    }
  },
  "usuarios": [],
  "equipos": [
    {
      "model": "core.equipo",
      "pk": 2651,
      "fields": {
        "codigo_interno": "CC-0015",
        "nombre": "Teluro metro de baja frecuencia",
        "empresa": 112,
        "tipo_equipo": "Equipo de Medición",
        "marca": "Metrel",
        "modelo": "MI 2088",
        "numero_serie": "14420715",
        "ubicacion": "CERTICAPITAL",
        "responsable": "Técnico Responsable",
        "estado": "Activo",
        "fecha_adquisicion": "2024-02-27",
        "fecha_registro": "2025-09-28T18:08:25.553Z",
        "rango_medida": "=+/- 8%",
        "resolucion": "N.R",
        "error_maximo_permisible": "3",
        "observaciones": "2024-01-15 00:00:00",
        "archivo_compra_pdf": "",
        "ficha_tecnica_pdf": "",
        "manual_pdf": "",
        "otros_documentos_pdf": "",
        "imagen_equipo": "",
        "version_formato": "5",
        "fecha_version_formato": "1900-02-28",
        "codificacion_formato": "6",
        "fecha_ultima_calibracion": "2024-02-27",
        "proxima_calibracion": "2024-08-27",
        "frecuencia_calibracion_meses": "6.00",
        "fecha_ultimo_mantenimiento": "2025-05-22",
        "proximo_mantenimiento": null,
        "frecuencia_mantenimiento_meses": null,
        "fecha_ultima_comprobacion": "2025-05-22",
        "proxima_comprobacion": null,
        "frecuencia_comprobacion_meses": null
      }
    },
    {
      "model": "core.equipo",
      "pk": 2652,
      "fields": {
        "codigo_interno": "CC-0016",
        "nombre": "Teluro metro de baja frecuencia",
        "empresa": 112,
        "tipo_equipo": "Equipo de Medición",
        "marca": "Metrel",
        "modelo": "MI 2088",
        "numero_serie": "14420707",
        "ubicacion": "CERTICAPITAL",
        "responsable": "Técnico Responsable",
        "estado": "Activo",
        "fecha_adquisicion": "2024-02-27",
        "fecha_registro": "2025-09-28T18:08:25.566Z",
        "rango_medida": "=+/- 8%",
        "resolucion": "N.R",
        "error_maximo_permisible": "3",
        "observaciones": "2024-01-15 00:00:00",
        "archivo_compra_pdf": "",
        "ficha_tecnica_pdf": "",
        "manual_pdf": "",
        "otros_documentos_pdf": "",
        "imagen_equipo": "",
        "version_formato": "5",
        "fecha_version_formato": "1900-02-28",
        "codificacion_formato": "6",
        "fecha_ultima_calibracion": "2024-02-27",
        "proxima_calibracion": "2024-08-27",
        "frecuencia_calibracion_meses": "6.00",
        "fecha_ultimo_mantenimiento": "2025-05-22",
        "proximo_mantenimiento": null,
        "frecuencia_mantenimiento_meses": null,
        "fecha_ultima_comprobacion": "2025-05-22",
        "proxima_comprobacion": null,
        "frecuencia_comprobacion_meses": null
      }
    },
    {
      "model": "core.equipo",
      "pk": 2653,
      "fields": {
        "codigo_interno": "CC-0017",
        "nombre": "Teluro metro de baja frecuencia",
        "empresa": 112,
        "tipo_equipo": "Equipo de Referencia",
        "marca": "Metrel",
        "modelo": "MI 2086",
        "numero_serie": "13360244",
        "ubicacion": "CERTICAPITAL",
        "responsable": "Técnico Responsable",
        "estado": "Activo",
        "fecha_adquisicion": "2022-06-29",
        "fecha_registro": "2025-09-28T18:08:25.578Z",
        "rango_medida": "=+/- 8%",
        "resolucion": "N.R",
        "error_maximo_permisible": "3",
        "observaciones": "2024-01-15 00:00:00",
        "archivo_compra_pdf": "",
        "ficha_tecnica_pdf": "",
        "manual_pdf": "",
        "otros_documentos_pdf": "",
        "imagen_equipo": "",
        "version_formato": "5",
        "fecha_version_formato": "1900-02-28",
        "codificacion_formato": "60.86666667",
        "fecha_ultima_calibracion": "2022-06-29",
        "proxima_calibracion": "2027-06-29",
        "frecuencia_calibracion_meses": "60.87",
        "fecha_ultimo_mantenimiento": "2022-06-29",
        "proximo_mantenimiento": null,
        "frecuencia_mantenimiento_meses": null,
        "fecha_ultima_comprobacion": "2022-06-29",
        "proxima_comprobacion": null,
        "frecuencia_comprobacion_meses": null
      }
    },
    {
      "model": "core.equipo",
      "pk": 2654,
      "fields": {
        "codigo_interno": "CC-0018",
        "nombre": "Luxómetro (RETIE)",
        "empresa": 112,
        "tipo_equipo": "Equipo de Medición",
        "marca": "Erasmus",
        "modelo": "EL 200",
        "numero_serie": "130101961",
        "ubicacion": "CERTICAPITAL",
        "responsable": "Técnico Responsable",
        "estado": "Activo",
        "fecha_adquisicion": "2022-08-04",
        "fecha_registro": "2025-09-28T18:08:25.590Z",
        "rango_medida": "=+/- 10%",
        "resolucion": "N.R",
        "error_maximo_permisible": "3",
        "observaciones": "2024-01-15 00:00:00",
        "archivo_compra_pdf": "",
        "ficha_tecnica_pdf": "",
        "manual_pdf": "",
        "otros_documentos_pdf": "",
        "imagen_equipo": "",
        "version_formato": "5",
        "fecha_version_formato": "1900-02-04",
        "codificacion_formato": "6",
        "fecha_ultima_calibracion": "2022-08-04",
        "proxima_calibracion": "2023-02-04",
        "frecuencia_calibracion_meses": "6.00",
        "fecha_ultimo_mantenimiento": "2025-01-29",
        "proximo_mantenimiento": null,
        "frecuencia_mantenimiento_meses": null,
        "fecha_ultima_comprobacion": "2025-01-29",
        "proxima_comprobacion": null,
        "frecuencia_comprobacion_meses": null
      }
    },
    {
      "model": "core.equipo",
      "pk": 2655,
      "fields": {
        "codigo_interno": "CC-0029",
        "nombre": "Teluro metro de baja frecuencia",
        "empresa": 112,
        "tipo_equipo": "Equipo de Medición",
        "marca": "Metrel",
        "modelo": "MI 2088",
        "numero_serie": "16020218",
        "ubicacion": "CERTICAPITAL",
        "responsable": "Técnico Responsable",
        "estado": "Activo",
        "fecha_adquisicion": "2024-03-08",
        "fecha_registro": "2025-09-28T18:08:25.602Z",
        "rango_medida": "=+/- 8%",
        "resolucion": "N.R",
        "error_maximo_permisible": "3",
        "observaciones": "2024-01-15 00:00:00",
        "archivo_compra_pdf": "",
        "ficha_tecnica_pdf": "",
        "manual_pdf": "",
        "otros_documentos_pdf": "",
        "imagen_equipo": "",
        "version_formato": "5",
        "fecha_version_formato": "1900-02-28",
        "codificacion_formato": "6",
        "fecha_ultima_calibracion": "2024-03-08",
        "proxima_calibracion": "2024-09-08",
        "frecuencia_calibracion_meses": "6.00",
        "fecha_ultimo_mantenimiento": "2025-05-22",
        "proximo_mantenimiento": null,
        "frecuencia_mantenimiento_meses": null,
        "fecha_ultima_comprobacion": "2025-05-22",
        "proxima_comprobacion": null,
        "frecuencia_comprobacion_meses": null
      }
    },
    {
      "model": "core.equipo",
      "pk": 2656,
      "fields": {
        "codigo_interno": "CC-0030",
        "nombre": "Teluro metro de baja frecuencia",
        "empresa": 112,
        "tipo_equipo": "Equipo de Medición",
        "marca": "Metrel",
        "modelo": "MI 2088",
        "numero_serie": "8420312",
        "ubicacion": "CERTICAPITAL",
        "responsable": "Técnico Responsable",
        "estado": "Activo",
        "fecha_adquisicion": "2024-02-26",
        "fecha_registro": "2025-09-28T18:08:25.611Z",
        "rango_medida": "=+/- 8%",
        "resolucion": "N.R",
        "error_maximo_permisible": "3",
        "observaciones": "2024-01-15 00:00:00",
        "archivo_compra_pdf": "",
        "ficha_tecnica_pdf": "",
        "manual_pdf": "",
        "otros_documentos_pdf": "",
        "imagen_equipo": "",
        "version_formato": "5",
        "fecha_version_formato": "1900-02-28",
        "codificacion_formato": "6",
        "fecha_ultima_calibracion": "2024-02-26",
        "proxima_calibracion": "2024-08-26",
        "frecuencia_calibracion_meses": "6.00",
        "fecha_ultimo_mantenimiento": "2025-05-22",
        "proximo_mantenimiento": null,
        "frecuencia_mantenimiento_meses": null,
        "fecha_ultima_comprobacion": "2025-05-22",
        "proxima_comprobacion": null,
        "frecuencia_comprobacion_meses": null
      }
    },
    {
      "model": "core.equipo",
      "pk": 2657,
      "fields": {
        "codigo_interno": "CC-0031",
        "nombre": "Teluro metro de baja frecuencia",
        "empresa": 112,
        "tipo_equipo": "Equipo de Medición",
        "marca": "Metrel",
        "modelo": "MI 2088",
        "numero_serie": "16020246",
        "ubicacion": "CERTICAPITAL",
        "responsable": "Técnico Responsable",
        "estado": "Activo",
        "fecha_adquisicion": "2024-03-07",
        "fecha_registro": "2025-09-28T18:08:25.621Z",
        "rango_medida": "=+/- 8%",
        "resolucion": "N.R",
        "error_maximo_permisible": "3",
        "observaciones": "2024-01-15 00:00:00",
        "archivo_compra_pdf": "",
        "ficha_tecnica_pdf": "",
        "manual_pdf": "",
        "otros_documentos_pdf": "",
        "imagen_equipo": "",
        "version_formato": "5",
        "fecha_version_formato": "1900-02-28",
        "codificacion_formato": "6",
        "fecha_ultima_calibracion": "2024-03-07",
        "proxima_calibracion": "2024-09-07",
        "frecuencia_calibracion_meses": "6.00",
        "fecha_ultimo_mantenimiento": "2025-05-28",
        "proximo_mantenimiento": null,
        "frecuencia_mantenimiento_meses": null,
        "fecha_ultima_comprobacion": "2025-05-28",
        "proxima_comprobacion": null,
        "frecuencia_comprobacion_meses": null
      }
    },
    {
      "model": "core.equipo",
      "pk": 2658,
      "fields": {
        "codigo_interno": "CC-0032",
        "nombre": "Teluro metro de baja frecuencia",
        "empresa": 112,
        "tipo_equipo": "Equipo de Medición",
        "marca": "Metrel",
        "modelo": "MI 2088",
        "numero_serie": "16020238",
        "ubicacion": "CERTICAPITAL",
        "responsable": "Técnico Responsable",
        "estado": "Activo",
        "fecha_adquisicion": "2022-09-27",
        "fecha_registro": "2025-09-28T18:08:25.632Z",
        "rango_medida": "=+/- 8%",
        "resolucion": "N.R",
        "error_maximo_permisible": "3",
        "observaciones": "2024-01-15 00:00:00",
        "archivo_compra_pdf": "",
        "ficha_tecnica_pdf": "",
        "manual_pdf": "",
        "otros_documentos_pdf": "",
        "imagen_equipo": "",
        "version_formato": "5",
        "fecha_version_formato": "1900-02-28",
        "codificacion_formato": "6",
        "fecha_ultima_calibracion": "2022-09-27",
        "proxima_calibracion": "2023-03-27",
        "frecuencia_calibracion_meses": "6.00",
        "fecha_ultimo_mantenimiento": "2025-04-16",
        "proximo_mantenimiento": null,
        "frecuencia_mantenimiento_meses": null,
        "fecha_ultima_comprobacion": "2025-04-16",
        "proxima_comprobacion": null,
        "frecuencia_comprobacion_meses": null
      }
    },
    {
      "model": "core.equipo",
      "pk": 2659,
      "fields": {
        "codigo_interno": "CC-0050",
        "nombre": "Cinta Metrica - 10 m",
        "empresa": 112,
        "tipo_equipo": "Equipo de Medición",
        "marca": "STANLEY",
        "modelo": "33-463",
        "numero_serie": "CC-0050",
        "ubicacion": "CERTICAPITAL",
        "responsable": "Técnico Responsable",
        "estado": "Activo",
        "fecha_adquisicion": "2022-04-19",
        "fecha_registro": "2025-09-28T18:08:25.646Z",
        "rango_medida": "=+/- 0,5%",
        "resolucion": "N.R",
        "error_maximo_permisible": "3",
        "observaciones": "2024-01-15 00:00:00",
        "archivo_compra_pdf": "",
        "ficha_tecnica_pdf": "",
        "manual_pdf": "",
        "otros_documentos_pdf": "",
        "imagen_equipo": "",
        "version_formato": "5",
        "fecha_version_formato": "1900-02-28",
        "codificacion_formato": "6",
        "fecha_ultima_calibracion": "2022-04-19",
        "proxima_calibracion": "2022-10-19",
        "frecuencia_calibracion_meses": "6.00",
        "fecha_ultimo_mantenimiento": "2022-04-19",
        "proximo_mantenimiento": null,
        "frecuencia_mantenimiento_meses": null,
        "fecha_ultima_comprobacion": "2022-04-19",
        "proxima_comprobacion": null,
        "frecuencia_comprobacion_meses": null
      }
    },
    {
      "model": "core.equipo",
      "pk": 2660,
      "fields": {
        "codigo_interno": "CC-0078",
        "nombre": "Teluro metro de baja frecuencia",
        "empresa": 112,
        "tipo_equipo": "Equipo de Medición",
        "marca": "Metrel",
        "modelo": "MI 2086",
        "numero_serie": "11220288",
        "ubicacion": "CERTICAPITAL",
        "responsable": "Técnico Responsable",
        "estado": "Activo",
        "fecha_adquisicion": "2021-09-09",
        "fecha_registro": "2025-09-28T18:08:25.657Z",
        "rango_medida": "=+/- 8%",
        "resolucion": "N.R",
        "error_maximo_permisible": "3",
        "observaciones": "2024-01-15 00:00:00",
        "archivo_compra_pdf": "",
        "ficha_tecnica_pdf": "",
        "manual_pdf": "",
        "otros_documentos_pdf": "",
        "imagen_equipo": "",
        "version_formato": "5",
        "fecha_version_formato": "1900-02-28",
        "codificacion_formato": "6",
        "fecha_ultima_calibracion": "2021-09-09",
        "proxima_calibracion": "2022-03-09",
        "frecuencia_calibracion_meses": "6.00",
        "fecha_ultimo_mantenimiento": "2025-05-22",
        "proximo_mantenimiento": null,
        "frecuencia_mantenimiento_meses": null,
        "fecha_ultima_comprobacion": "2025-05-22",
        "proxima_comprobacion": null,
        "frecuencia_comprobacion_meses": null
      }
    },
    {
      "model": "core.equipo",
      "pk": 2661,
      "fields": {
        "codigo_interno": "CC-0084",
        "nombre": "Calibrador Pie de Rey",
        "empresa": 112,
        "tipo_equipo": "Equipo de Referencia",
        "marca": "Mitutoyo",
        "modelo": "530-104BR",
        "numero_serie": "14829387",
        "ubicacion": "CERTICAPITAL",
        "responsable": "Técnico Responsable",
        "estado": "Activo",
        "fecha_adquisicion": "2021-09-06",
        "fecha_registro": "2025-09-28T18:08:25.671Z",
        "rango_medida": "=+/- 1.5%",
        "resolucion": "N.R",
        "error_maximo_permisible": "3",
        "observaciones": "2024-01-15 00:00:00",
        "archivo_compra_pdf": "",
        "ficha_tecnica_pdf": "",
        "manual_pdf": "",
        "otros_documentos_pdf": "",
        "imagen_equipo": "",
        "version_formato": "5",
        "fecha_version_formato": "1900-02-28",
        "codificacion_formato": "60.86666667",
        "fecha_ultima_calibracion": "2021-09-06",
        "proxima_calibracion": "2026-09-06",
        "frecuencia_calibracion_meses": "60.87",
        "fecha_ultimo_mantenimiento": "2021-09-06",
        "proximo_mantenimiento": null,
        "frecuencia_mantenimiento_meses": null,
        "fecha_ultima_comprobacion": "2021-09-06",
        "proxima_comprobacion": null,
        "frecuencia_comprobacion_meses": null
      }
    },
    {
      "model": "core.equipo",
      "pk": 2662,
      "fields": {
        "codigo_interno": "CC-0086",
        "nombre": "Pinza Amperimetrica",
        "empresa": 112,
        "tipo_equipo": "Equipo de Medición",
        "marca": "METREL",
        "modelo": "A 1018",
        "numero_serie": "14351338",
        "ubicacion": "CERTICAPITAL",
        "responsable": "Técnico Responsable",
        "estado": "Activo",
        "fecha_adquisicion": "2025-09-03",
        "fecha_registro": "2025-09-28T18:08:25.681Z",
        "rango_medida": "≤ 6 %",
        "resolucion": "N.R",
        "error_maximo_permisible": "3",
        "observaciones": "2024-01-15 00:00:00",
        "archivo_compra_pdf": "",
        "ficha_tecnica_pdf": "",
        "manual_pdf": "",
        "otros_documentos_pdf": "",
        "imagen_equipo": "",
        "version_formato": "5",
        "fecha_version_formato": "1900-02-28",
        "codificacion_formato": "6",
        "fecha_ultima_calibracion": "2025-09-03",
        "proxima_calibracion": "2026-03-03",
        "frecuencia_calibracion_meses": "6.00",
        "fecha_ultimo_mantenimiento": "2025-04-22",
        "proximo_mantenimiento": null,
        "frecuencia_mantenimiento_meses": null,
        "fecha_ultima_comprobacion": "2025-04-22",
        "proxima_comprobacion": null,
        "frecuencia_comprobacion_meses": null
      }
    },
    {
      "model": "core.equipo",
      "pk": 2663,
      "fields": {
        "codigo_interno": "CC-0087",
        "nombre": "Pinza Amperimetrica",
        "empresa": 112,
        "tipo_equipo": "Equipo de Medición",
        "marca": "METREL",
        "modelo": "A 1018",
        "numero_serie": "14351280",
        "ubicacion": "CERTICAPITAL",
        "responsable": "Técnico Responsable",
        "estado": "Activo",
        "fecha_adquisicion": "2025-09-03",
        "fecha_registro": "2025-09-28T18:08:25.692Z",
        "rango_medida": "≤ 6 %",
        "resolucion": "N.R",
        "error_maximo_permisible": "3",
        "observaciones": "2024-01-15 00:00:00",
        "archivo_compra_pdf": "",
        "ficha_tecnica_pdf": "",
        "manual_pdf": "",
        "otros_documentos_pdf": "",
        "imagen_equipo": "",
        "version_formato": "5",
        "fecha_version_formato": "1900-02-28",
        "codificacion_formato": "6",
        "fecha_ultima_calibracion": "2025-09-03",
        "proxima_calibracion": "2026-03-03",
        "frecuencia_calibracion_meses": "6.00",
        "fecha_ultimo_mantenimiento": "2025-04-22",
        "proximo_mantenimiento": null,
        "frecuencia_mantenimiento_meses": null,
        "fecha_ultima_comprobacion": "2025-04-22",
        "proxima_comprobacion": null,
        "frecuencia_comprobacion_meses": null
      }
    },
    {
      "model": "core.equipo",
      "pk": 2664,
      "fields": {
        "codigo_interno": "CC-0092",
        "nombre": "Luxómetro (RETILAP)",
        "empresa": 112,
        "tipo_equipo": "Equipo de Medición",
        "marca": "SONEL",
        "modelo": "LXP-10",
        "numero_serie": "BM1811",
        "ubicacion": "CERTICAPITAL",
        "responsable": "Técnico Responsable",
        "estado": "Activo",
        "fecha_adquisicion": "2025-04-29",
        "fecha_registro": "2025-09-28T18:08:25.703Z",
        "rango_medida": "=+/- 10%",
        "resolucion": "N.R",
        "error_maximo_permisible": "3",
        "observaciones": "2024-01-15 00:00:00",
        "archivo_compra_pdf": "",
        "ficha_tecnica_pdf": "",
        "manual_pdf": "",
        "otros_documentos_pdf": "",
        "imagen_equipo": "",
        "version_formato": "5",
        "fecha_version_formato": "1900-02-17",
        "codificacion_formato": "6",
        "fecha_ultima_calibracion": "2025-04-29",
        "proxima_calibracion": "2025-10-29",
        "frecuencia_calibracion_meses": "6.00",
        "fecha_ultimo_mantenimiento": "2025-05-26",
        "proximo_mantenimiento": null,
        "frecuencia_mantenimiento_meses": null,
        "fecha_ultima_comprobacion": "2025-05-26",
        "proxima_comprobacion": null,
        "frecuencia_comprobacion_meses": null
      }
    },
    {
      "model": "core.equipo",
      "pk": 2665,
      "fields": {
        "codigo_interno": "CC-0095",
        "nombre": "Luminancimetro",
        "empresa": 112,
        "tipo_equipo": "Equipo de Medición",
        "marca": "KONIKA MINOLTA",
        "modelo": "LS-160",
        "numero_serie": "21517",
        "ubicacion": "CERTICAPITAL",
        "responsable": "Técnico Responsable",
        "estado": "Activo",
        "fecha_adquisicion": "2019-05-03",
        "fecha_registro": "2025-09-28T18:08:25.716Z",
        "rango_medida": "=+/- 10%",
        "resolucion": "N.R",
        "error_maximo_permisible": "3",
        "observaciones": "2024-01-15 00:00:00",
        "archivo_compra_pdf": "",
        "ficha_tecnica_pdf": "",
        "manual_pdf": "",
        "otros_documentos_pdf": "",
        "imagen_equipo": "",
        "version_formato": "5",
        "fecha_version_formato": "1900-02-08",
        "codificacion_formato": "6",
        "fecha_ultima_calibracion": "2019-05-03",
        "proxima_calibracion": "2019-11-03",
        "frecuencia_calibracion_meses": "6.00",
        "fecha_ultimo_mantenimiento": "2025-06-16",
        "proximo_mantenimiento": null,
        "frecuencia_mantenimiento_meses": null,
        "fecha_ultima_comprobacion": "2025-06-16",
        "proxima_comprobacion": null,
        "frecuencia_comprobacion_meses": null
      }
    },
    {
      "model": "core.equipo",
      "pk": 2666,
      "fields": {
        "codigo_interno": "CC-0096",
        "nombre": "Luxómetro (RETILAP)",
        "empresa": 112,
        "tipo_equipo": "Equipo de Medición",
        "marca": "SONEL",
        "modelo": "LXP-10",
        "numero_serie": "BM1962",
        "ubicacion": "CERTICAPITAL",
        "responsable": "Técnico Responsable",
        "estado": "Activo",
        "fecha_adquisicion": "2025-08-29",
        "fecha_registro": "2025-09-28T18:08:25.727Z",
        "rango_medida": "=+/- 10%",
        "resolucion": "N.R",
        "error_maximo_permisible": "3",
        "observaciones": "2024-01-15 00:00:00",
        "archivo_compra_pdf": "",
        "ficha_tecnica_pdf": "",
        "manual_pdf": "",
        "otros_documentos_pdf": "",
        "imagen_equipo": "",
        "version_formato": "5",
        "fecha_version_formato": "1900-02-28",
        "codificacion_formato": "6",
        "fecha_ultima_calibracion": "2025-08-29",
        "proxima_calibracion": "2026-02-28",
        "frecuencia_calibracion_meses": "6.00",
        "fecha_ultimo_mantenimiento": "2025-05-26",
        "proximo_mantenimiento": null,
        "frecuencia_mantenimiento_meses": null,
        "fecha_ultima_comprobacion": "2025-05-26",
        "proxima_comprobacion": null,
        "frecuencia_comprobacion_meses": null
      }
    },
    {
      "model": "core.equipo",
      "pk": 2667,
      "fields": {
        "codigo_interno": "CC-0098",
        "nombre": "Calibrador Pie de Rey",
        "empresa": 112,
        "tipo_equipo": "Equipo de Medición",
        "marca": "WIN",
        "modelo": "NA",
        "numero_serie": "CC-0098",
        "ubicacion": "CERTICAPITAL",
        "responsable": "Técnico Responsable",
        "estado": "Activo",
        "fecha_adquisicion": "2021-08-11",
        "fecha_registro": "2025-09-28T18:08:25.738Z",
        "rango_medida": "=+/- 1.5%",
        "resolucion": "N.R",
        "error_maximo_permisible": "3",
        "observaciones": "2024-01-15 00:00:00",
        "archivo_compra_pdf": "",
        "ficha_tecnica_pdf": "",
        "manual_pdf": "",
        "otros_documentos_pdf": "",
        "imagen_equipo": "",
        "version_formato": "5",
        "fecha_version_formato": "1900-02-28",
        "codificacion_formato": "6",
        "fecha_ultima_calibracion": "2021-08-11",
        "proxima_calibracion": "2022-02-11",
        "frecuencia_calibracion_meses": "6.00",
        "fecha_ultimo_mantenimiento": "2025-05-27",
        "proximo_mantenimiento": null,
        "frecuencia_mantenimiento_meses": null,
        "fecha_ultima_comprobacion": "2025-05-27",
        "proxima_comprobacion": null,
        "frecuencia_comprobacion_meses": null
      }
    },
    {
      "model": "core.equipo",
      "pk": 2668,
      "fields": {
        "codigo_interno": "CC-0100",
        "nombre": "Calibrador Pie de Rey",
        "empresa": 112,
        "tipo_equipo": "Equipo de Medición",
        "marca": "WIN",
        "modelo": "NA",
        "numero_serie": "CC-0100",
        "ubicacion": "CERTICAPITAL",
        "responsable": "Técnico Responsable",
        "estado": "Activo",
        "fecha_adquisicion": "2021-08-11",
        "fecha_registro": "2025-09-28T18:08:25.745Z",
        "rango_medida": "=+/- 1.5%",
        "resolucion": "N.R",
        "error_maximo_permisible": "3",
        "observaciones": "2024-01-15 00:00:00",
        "archivo_compra_pdf": "",
        "ficha_tecnica_pdf": "",
        "manual_pdf": "",
        "otros_documentos_pdf": "",
        "imagen_equipo": "",
        "version_formato": "5",
        "fecha_version_formato": "1900-02-28",
        "codificacion_formato": "6",
        "fecha_ultima_calibracion": "2021-08-11",
        "proxima_calibracion": "2022-02-11",
        "frecuencia_calibracion_meses": "6.00",
        "fecha_ultimo_mantenimiento": "2025-05-27",
        "proximo_mantenimiento": null,
        "frecuencia_mantenimiento_meses": null,
        "fecha_ultima_comprobacion": "2025-05-27",
        "proxima_comprobacion": null,
        "frecuencia_comprobacion_meses": null
      }
    },
    {
      "model": "core.equipo",
      "pk": 2669,
      "fields": {
        "codigo_interno": "CC-0101",
        "nombre": "Calibrador Pie de Rey",
        "empresa": 112,
        "tipo_equipo": "Equipo de Medición",
        "marca": "WIN",
        "modelo": "NA",
        "numero_serie": "CC-0101",
        "ubicacion": "CERTICAPITAL",
        "responsable": "Técnico Responsable",
        "estado": "Activo",
        "fecha_adquisicion": "2021-08-11",
        "fecha_registro": "2025-09-28T18:08:25.756Z",
        "rango_medida": "=+/- 1.5%",
        "resolucion": "N.R",
        "error_maximo_permisible": "3",
        "observaciones": "2024-01-15 00:00:00",
        "archivo_compra_pdf": "",
        "ficha_tecnica_pdf": "",
        "manual_pdf": "",
        "otros_documentos_pdf": "",
        "imagen_equipo": "",
        "version_formato": "5",
        "fecha_version_formato": "1900-02-28",
        "codificacion_formato": "6",
        "fecha_ultima_calibracion": "2021-08-11",
        "proxima_calibracion": "2022-02-11",
        "frecuencia_calibracion_meses": "6.00",
        "fecha_ultimo_mantenimiento": "2025-05-27",
        "proximo_mantenimiento": null,
        "frecuencia_mantenimiento_meses": null,
        "fecha_ultima_comprobacion": "2025-05-27",
        "proxima_comprobacion": null,
        "frecuencia_comprobacion_meses": null
      }
    },
    {
      "model": "core.equipo",
      "pk": 2670,
      "fields": {
        "codigo_interno": "CC-0102",
        "nombre": "Calibrador Pie de Rey",
        "empresa": 112,
        "tipo_equipo": "Equipo de Medición",
        "marca": "WIN",
        "modelo": "NA",
        "numero_serie": "CC-0102",
        "ubicacion": "CERTICAPITAL",
        "responsable": "Técnico Responsable",
        "estado": "Activo",
        "fecha_adquisicion": "2021-08-11",
        "fecha_registro": "2025-09-28T18:08:25.767Z",
        "rango_medida": "=+/- 1.5%",
        "resolucion": "N.R",
        "error_maximo_permisible": "3",
        "observaciones": "2024-01-15 00:00:00",
        "archivo_compra_pdf": "",
        "ficha_tecnica_pdf": "",
        "manual_pdf": "",
        "otros_documentos_pdf": "",
        "imagen_equipo": "",
        "version_formato": "5",
        "fecha_version_formato": "1900-02-28",
        "codificacion_formato": "6",
        "fecha_ultima_calibracion": "2021-08-11",
        "proxima_calibracion": "2022-02-11",
        "frecuencia_calibracion_meses": "6.00",
        "fecha_ultimo_mantenimiento": "2025-05-27",
        "proximo_mantenimiento": null,
        "frecuencia_mantenimiento_meses": null,
        "fecha_ultima_comprobacion": "2025-05-27",
        "proxima_comprobacion": null,
        "frecuencia_comprobacion_meses": null
      }
    },
    {
      "model": "core.equipo",
      "pk": 2671,
      "fields": {
        "codigo_interno": "CC-0103",
        "nombre": "Cinta Metrica - 50 m",
        "empresa": 112,
        "tipo_equipo": "Equipo de Medición",
        "marca": "STANLEY",
        "modelo": "34-263",
        "numero_serie": "CC-0103",
        "ubicacion": "CERTICAPITAL",
        "responsable": "Técnico Responsable",
        "estado": "Activo",
        "fecha_adquisicion": "2021-09-08",
        "fecha_registro": "2025-09-28T18:08:25.778Z",
        "rango_medida": "=+/- 0,5%",
        "resolucion": "N.R",
        "error_maximo_permisible": "3",
        "observaciones": "2024-01-15 00:00:00",
        "archivo_compra_pdf": "",
        "ficha_tecnica_pdf": "",
        "manual_pdf": "",
        "otros_documentos_pdf": "",
        "imagen_equipo": "",
        "version_formato": "5",
        "fecha_version_formato": "1900-02-28",
        "codificacion_formato": "6",
        "fecha_ultima_calibracion": "2021-09-08",
        "proxima_calibracion": "2022-03-08",
        "frecuencia_calibracion_meses": "6.00",
        "fecha_ultimo_mantenimiento": "2025-04-15",
        "proximo_mantenimiento": null,
        "frecuencia_mantenimiento_meses": null,
        "fecha_ultima_comprobacion": "2025-04-15",
        "proxima_comprobacion": null,
        "frecuencia_comprobacion_meses": null
      }
    },
    {
      "model": "core.equipo",
      "pk": 2672,
      "fields": {
        "codigo_interno": "CC-0104",
        "nombre": "Cinta Metrica - 50 m",
        "empresa": 112,
        "tipo_equipo": "Equipo de Medición",
        "marca": "STANLEY",
        "modelo": "34-263",
        "numero_serie": "CC-0104",
        "ubicacion": "CERTICAPITAL",
        "responsable": "Técnico Responsable",
        "estado": "Activo",
        "fecha_adquisicion": "2021-08-19",
        "fecha_registro": "2025-09-28T18:08:25.789Z",
        "rango_medida": "=+/- 0,5%",
        "resolucion": "N.R",
        "error_maximo_permisible": "3",
        "observaciones": "2024-01-15 00:00:00",
        "archivo_compra_pdf": "",
        "ficha_tecnica_pdf": "",
        "manual_pdf": "",
        "otros_documentos_pdf": "",
        "imagen_equipo": "",
        "version_formato": "5",
        "fecha_version_formato": "1900-02-28",
        "codificacion_formato": "6",
        "fecha_ultima_calibracion": "2021-08-19",
        "proxima_calibracion": "2022-02-19",
        "frecuencia_calibracion_meses": "6.00",
        "fecha_ultimo_mantenimiento": "2025-04-15",
        "proximo_mantenimiento": null,
        "frecuencia_mantenimiento_meses": null,
        "fecha_ultima_comprobacion": "2025-04-15",
        "proxima_comprobacion": null,
        "frecuencia_comprobacion_meses": null
      }
    },
    {
      "model": "core.equipo",
      "pk": 2673,
      "fields": {
        "codigo_interno": "CC-0105",
        "nombre": "Cinta Metrica - 50 m",
        "empresa": 112,
        "tipo_equipo": "Equipo de Medición",
        "marca": "STANLEY",
        "modelo": "34-263",
        "numero_serie": "CC-0105",
        "ubicacion": "CERTICAPITAL",
        "responsable": "Técnico Responsable",
        "estado": "Activo",
        "fecha_adquisicion": "2021-08-19",
        "fecha_registro": "2025-09-28T18:08:25.798Z",
        "rango_medida": "=+/- 0,5%",
        "resolucion": "N.R",
        "error_maximo_permisible": "3",
        "observaciones": "2024-01-15 00:00:00",
        "archivo_compra_pdf": "",
        "ficha_tecnica_pdf": "",
        "manual_pdf": "",
        "otros_documentos_pdf": "",
        "imagen_equipo": "",
        "version_formato": "5",
        "fecha_version_formato": "1900-02-28",
        "codificacion_formato": "6",
        "fecha_ultima_calibracion": "2021-08-19",
        "proxima_calibracion": "2022-02-19",
        "frecuencia_calibracion_meses": "6.00",
        "fecha_ultimo_mantenimiento": "2025-04-15",
        "proximo_mantenimiento": null,
        "frecuencia_mantenimiento_meses": null,
        "fecha_ultima_comprobacion": "2025-04-15",
        "proxima_comprobacion": null,
        "frecuencia_comprobacion_meses": null
      }
    },
    {
      "model": "core.equipo",
      "pk": 2674,
      "fields": {
        "codigo_interno": "CC-0106",
        "nombre": "Cinta Metrica - 50 m",
        "empresa": 112,
        "tipo_equipo": "Equipo de Medición",
        "marca": "STANLEY",
        "modelo": "34-263",
        "numero_serie": "CC-0106",
        "ubicacion": "CERTICAPITAL",
        "responsable": "Técnico Responsable",
        "estado": "Activo",
        "fecha_adquisicion": "2021-08-20",
        "fecha_registro": "2025-09-28T18:08:25.809Z",
        "rango_medida": "=+/- 0,5%",
        "resolucion": "N.R",
        "error_maximo_permisible": "3",
        "observaciones": "2024-01-15 00:00:00",
        "archivo_compra_pdf": "",
        "ficha_tecnica_pdf": "",
        "manual_pdf": "",
        "otros_documentos_pdf": "",
        "imagen_equipo": "",
        "version_formato": "5",
        "fecha_version_formato": "1900-02-28",
        "codificacion_formato": "6",
        "fecha_ultima_calibracion": "2021-08-20",
        "proxima_calibracion": "2022-02-20",
        "frecuencia_calibracion_meses": "6.00",
        "fecha_ultimo_mantenimiento": "2025-04-22",
        "proximo_mantenimiento": null,
        "frecuencia_mantenimiento_meses": null,
        "fecha_ultima_comprobacion": "2025-04-22",
        "proxima_comprobacion": null,
        "frecuencia_comprobacion_meses": null
      }
    },
    {
      "model": "core.equipo",
      "pk": 2675,
      "fields": {
        "codigo_interno": "CC-0107",
        "nombre": "Cinta Metrica - 50 m",
        "empresa": 112,
        "tipo_equipo": "Equipo de Medición",
        "marca": "STANLEY",
        "modelo": "34-263",
        "numero_serie": "CC-0107",
        "ubicacion": "CERTICAPITAL",
        "responsable": "Técnico Responsable",
        "estado": "Activo",
        "fecha_adquisicion": "2021-08-20",
        "fecha_registro": "2025-09-28T18:08:25.818Z",
        "rango_medida": "=+/- 0,5%",
        "resolucion": "N.R",
        "error_maximo_permisible": "3",
        "observaciones": "2024-01-15 00:00:00",
        "archivo_compra_pdf": "",
        "ficha_tecnica_pdf": "",
        "manual_pdf": "",
        "otros_documentos_pdf": "",
        "imagen_equipo": "",
        "version_formato": "5",
        "fecha_version_formato": "1900-02-28",
        "codificacion_formato": "6",
        "fecha_ultima_calibracion": "2021-08-20",
        "proxima_calibracion": "2022-02-20",
        "frecuencia_calibracion_meses": "6.00",
        "fecha_ultimo_mantenimiento": "2025-04-22",
        "proximo_mantenimiento": null,
        "frecuencia_mantenimiento_meses": null,
        "fecha_ultima_comprobacion": "2025-04-22",
        "proxima_comprobacion": null,
        "frecuencia_comprobacion_meses": null
      }
    },
    {
      "model": "core.equipo",
      "pk": 2676,
      "fields": {
        "codigo_interno": "CC-0108",
        "nombre": "Cinta Métrica - 5 m",
        "empresa": 112,
        "tipo_equipo": "Equipo de Medición",
        "marca": "STANLEY",
        "modelo": "30-615",
        "numero_serie": "CC-0108",
        "ubicacion": "CERTICAPITAL",
        "responsable": "Técnico Responsable",
        "estado": "Activo",
        "fecha_adquisicion": "2021-09-08",
        "fecha_registro": "2025-09-28T18:08:25.827Z",
        "rango_medida": "=+/- 0,5%",
        "resolucion": "N.R",
        "error_maximo_permisible": "3",
        "observaciones": "2024-01-15 00:00:00",
        "archivo_compra_pdf": "",
        "ficha_tecnica_pdf": "",
        "manual_pdf": "",
        "otros_documentos_pdf": "",
        "imagen_equipo": "",
        "version_formato": "5",
        "fecha_version_formato": "1900-02-28",
        "codificacion_formato": "6",
        "fecha_ultima_calibracion": "2021-09-08",
        "proxima_calibracion": "2022-03-08",
        "frecuencia_calibracion_meses": "6.00",
        "fecha_ultimo_mantenimiento": "2025-03-25",
        "proximo_mantenimiento": null,
        "frecuencia_mantenimiento_meses": null,
        "fecha_ultima_comprobacion": "2025-03-25",
        "proxima_comprobacion": null,
        "frecuencia_comprobacion_meses": null
      }
    },
    {
      "model": "core.equipo",
      "pk": 2677,
      "fields": {
        "codigo_interno": "CC-0109",
        "nombre": "Cinta Métrica - 5 m",
        "empresa": 112,
        "tipo_equipo": "Equipo de Medición",
        "marca": "STANLEY",
        "modelo": "30-615",
        "numero_serie": "CC-0109",
        "ubicacion": "CERTICAPITAL",
        "responsable": "Técnico Responsable",
        "estado": "Activo",
        "fecha_adquisicion": "2021-09-09",
        "fecha_registro": "2025-09-28T18:08:25.838Z",
        "rango_medida": "=+/- 0,5%",
        "resolucion": "N.R",
        "error_maximo_permisible": "3",
        "observaciones": "2024-01-15 00:00:00",
        "archivo_compra_pdf": "",
        "ficha_tecnica_pdf": "",
        "manual_pdf": "",
        "otros_documentos_pdf": "",
        "imagen_equipo": "",
        "version_formato": "5",
        "fecha_version_formato": "1900-02-28",
        "codificacion_formato": "6",
        "fecha_ultima_calibracion": "2021-09-09",
        "proxima_calibracion": "2022-03-09",
        "frecuencia_calibracion_meses": "6.00",
        "fecha_ultimo_mantenimiento": "2025-03-25",
        "proximo_mantenimiento": null,
        "frecuencia_mantenimiento_meses": null,
        "fecha_ultima_comprobacion": "2025-03-25",
        "proxima_comprobacion": null,
        "frecuencia_comprobacion_meses": null
      }
    },
    {
      "model": "core.equipo",
      "pk": 2678,
      "fields": {
        "codigo_interno": "CC-0110",
        "nombre": "Cinta Métrica - 5 m",
        "empresa": 112,
        "tipo_equipo": "Equipo de Medición",
        "marca": "STANLEY",
        "modelo": "30-615",
        "numero_serie": "CC-0110",
        "ubicacion": "CERTICAPITAL",
        "responsable": "Técnico Responsable",
        "estado": "Activo",
        "fecha_adquisicion": "2021-09-09",
        "fecha_registro": "2025-09-28T18:08:25.847Z",
        "rango_medida": "=+/- 0,5%",
        "resolucion": "N.R",
        "error_maximo_permisible": "3",
        "observaciones": "2024-01-15 00:00:00",
        "archivo_compra_pdf": "",
        "ficha_tecnica_pdf": "",
        "manual_pdf": "",
        "otros_documentos_pdf": "",
        "imagen_equipo": "",
        "version_formato": "5",
        "fecha_version_formato": "1900-02-28",
        "codificacion_formato": "6",
        "fecha_ultima_calibracion": "2021-09-09",
        "proxima_calibracion": "2022-03-09",
        "frecuencia_calibracion_meses": "6.00",
        "fecha_ultimo_mantenimiento": "2025-03-25",
        "proximo_mantenimiento": null,
        "frecuencia_mantenimiento_meses": null,
        "fecha_ultima_comprobacion": "2025-03-25",
        "proxima_comprobacion": null,
        "frecuencia_comprobacion_meses": null
      }
    },
    {
      "model": "core.equipo",
      "pk": 2679,
      "fields": {
        "codigo_interno": "CC-0111",
        "nombre": "Cinta Métrica - 5 m",
        "empresa": 112,
        "tipo_equipo": "Equipo de Medición",
        "marca": "STANLEY",
        "modelo": "30-615",
        "numero_serie": "CC-0111",
        "ubicacion": "CERTICAPITAL",
        "responsable": "Técnico Responsable",
        "estado": "Activo",
        "fecha_adquisicion": "2021-09-09",
        "fecha_registro": "2025-09-28T18:08:25.859Z",
        "rango_medida": "=+/- 0,5%",
        "resolucion": "N.R",
        "error_maximo_permisible": "3",
        "observaciones": "2024-01-15 00:00:00",
        "archivo_compra_pdf": "",
        "ficha_tecnica_pdf": "",
        "manual_pdf": "",
        "otros_documentos_pdf": "",
        "imagen_equipo": "",
        "version_formato": "5",
        "fecha_version_formato": "1900-02-28",
        "codificacion_formato": "6",
        "fecha_ultima_calibracion": "2021-09-09",
        "proxima_calibracion": "2022-03-09",
        "frecuencia_calibracion_meses": "6.00",
        "fecha_ultimo_mantenimiento": "2025-03-25",
        "proximo_mantenimiento": null,
        "frecuencia_mantenimiento_meses": null,
        "fecha_ultima_comprobacion": "2025-03-25",
        "proxima_comprobacion": null,
        "frecuencia_comprobacion_meses": null
      }
    },
    {
      "model": "core.equipo",
      "pk": 2680,
      "fields": {
        "codigo_interno": "CC-0112",
        "nombre": "Cinta Métrica - 5 m",
        "empresa": 112,
        "tipo_equipo": "Equipo de Medición",
        "marca": "STANLEY",
        "modelo": "30-615",
        "numero_serie": "CC-0112",
        "ubicacion": "CERTICAPITAL",
        "responsable": "Técnico Responsable",
        "estado": "Activo",
        "fecha_adquisicion": "2021-09-08",
        "fecha_registro": "2025-09-28T18:08:25.870Z",
        "rango_medida": "=+/- 0,5%",
        "resolucion": "N.R",
        "error_maximo_permisible": "3",
        "observaciones": "2024-01-15 00:00:00",
        "archivo_compra_pdf": "",
        "ficha_tecnica_pdf": "",
        "manual_pdf": "",
        "otros_documentos_pdf": "",
        "imagen_equipo": "",
        "version_formato": "5",
        "fecha_version_formato": "1900-02-28",
        "codificacion_formato": "6",
        "fecha_ultima_calibracion": "2021-09-08",
        "proxima_calibracion": "2022-03-08",
        "frecuencia_calibracion_meses": "6.00",
        "fecha_ultimo_mantenimiento": "2025-04-15",
        "proximo_mantenimiento": null,
        "frecuencia_mantenimiento_meses": null,
        "fecha_ultima_comprobacion": "2025-04-15",
        "proxima_comprobacion": null,
        "frecuencia_comprobacion_meses": null
      }
    },
    {
      "model": "core.equipo",
      "pk": 2681,
      "fields": {
        "codigo_interno": "CC-0113",
        "nombre": "Cinta Métrica - 5 m",
        "empresa": 112,
        "tipo_equipo": "Equipo de Medición",
        "marca": "STANLEY",
        "modelo": "30-615",
        "numero_serie": "CC-0113",
        "ubicacion": "CERTICAPITAL",
        "responsable": "Técnico Responsable",
        "estado": "Activo",
        "fecha_adquisicion": "2021-09-08",
        "fecha_registro": "2025-09-28T18:08:25.881Z",
        "rango_medida": "=+/- 0,5%",
        "resolucion": "N.R",
        "error_maximo_permisible": "3",
        "observaciones": "2024-01-15 00:00:00",
        "archivo_compra_pdf": "",
        "ficha_tecnica_pdf": "",
        "manual_pdf": "",
        "otros_documentos_pdf": "",
        "imagen_equipo": "",
        "version_formato": "5",
        "fecha_version_formato": "1900-02-28",
        "codificacion_formato": "6",
        "fecha_ultima_calibracion": "2021-09-08",
        "proxima_calibracion": "2022-03-08",
        "frecuencia_calibracion_meses": "6.00",
        "fecha_ultimo_mantenimiento": "2025-04-15",
        "proximo_mantenimiento": null,
        "frecuencia_mantenimiento_meses": null,
        "fecha_ultima_comprobacion": "2025-04-15",
        "proxima_comprobacion": null,
        "frecuencia_comprobacion_meses": null
      }
    },
    {
      "model": "core.equipo",
      "pk": 2682,
      "fields": {
        "codigo_interno": "CC-0114",
        "nombre": "Cinta Métrica - 5 m",
        "empresa": 112,
        "tipo_equipo": "Equipo de Medición",
        "marca": "STANLEY",
        "modelo": "30-615",
        "numero_serie": "CC-0114",
        "ubicacion": "CERTICAPITAL",
        "responsable": "Técnico Responsable",
        "estado": "Activo",
        "fecha_adquisicion": "2021-09-08",
        "fecha_registro": "2025-09-28T18:08:25.892Z",
        "rango_medida": "=+/- 0,5%",
        "resolucion": "N.R",
        "error_maximo_permisible": "3",
        "observaciones": "2024-01-15 00:00:00",
        "archivo_compra_pdf": "",
        "ficha_tecnica_pdf": "",
        "manual_pdf": "",
        "otros_documentos_pdf": "",
        "imagen_equipo": "",
        "version_formato": "5",
        "fecha_version_formato": "1900-02-28",
        "codificacion_formato": "6",
        "fecha_ultima_calibracion": "2021-09-08",
        "proxima_calibracion": "2022-03-08",
        "frecuencia_calibracion_meses": "6.00",
        "fecha_ultimo_mantenimiento": "2025-04-15",
        "proximo_mantenimiento": null,
        "frecuencia_mantenimiento_meses": null,
        "fecha_ultima_comprobacion": "2025-04-15",
        "proxima_comprobacion": null,
        "frecuencia_comprobacion_meses": null
      }
    },
    {
      "model": "core.equipo",
      "pk": 2683,
      "fields": {
        "codigo_interno": "CC-0115",
        "nombre": "Cinta Métrica - 5 m",
        "empresa": 112,
        "tipo_equipo": "Equipo de Medición",
        "marca": "STANLEY",
        "modelo": "30-615",
        "numero_serie": "CC-0115",
        "ubicacion": "CERTICAPITAL",
        "responsable": "Técnico Responsable",
        "estado": "Activo",
        "fecha_adquisicion": "2021-09-08",
        "fecha_registro": "2025-09-28T18:08:25.902Z",
        "rango_medida": "=+/- 0,5%",
        "resolucion": "N.R",
        "error_maximo_permisible": "3",
        "observaciones": "2024-01-15 00:00:00",
        "archivo_compra_pdf": "",
        "ficha_tecnica_pdf": "",
        "manual_pdf": "",
        "otros_documentos_pdf": "",
        "imagen_equipo": "",
        "version_formato": "5",
        "fecha_version_formato": "1900-02-28",
        "codificacion_formato": "6",
        "fecha_ultima_calibracion": "2021-09-08",
        "proxima_calibracion": "2022-03-08",
        "frecuencia_calibracion_meses": "6.00",
        "fecha_ultimo_mantenimiento": "2025-04-23",
        "proximo_mantenimiento": null,
        "frecuencia_mantenimiento_meses": null,
        "fecha_ultima_comprobacion": "2025-04-23",
        "proxima_comprobacion": null,
        "frecuencia_comprobacion_meses": null
      }
    },
    {
      "model": "core.equipo",
      "pk": 2684,
      "fields": {
        "codigo_interno": "CC-0116",
        "nombre": "Cinta Métrica - 5 m",
        "empresa": 112,
        "tipo_equipo": "Equipo de Medición",
        "marca": "STANLEY",
        "modelo": "30-615",
        "numero_serie": "CC-0116",
        "ubicacion": "CERTICAPITAL",
        "responsable": "Técnico Responsable",
        "estado": "Activo",
        "fecha_adquisicion": "2021-09-09",
        "fecha_registro": "2025-09-28T18:08:25.911Z",
        "rango_medida": "=+/- 0,5%",
        "resolucion": "N.R",
        "error_maximo_permisible": "3",
        "observaciones": "2024-01-15 00:00:00",
        "archivo_compra_pdf": "",
        "ficha_tecnica_pdf": "",
        "manual_pdf": "",
        "otros_documentos_pdf": "",
        "imagen_equipo": "",
        "version_formato": "5",
        "fecha_version_formato": "1900-02-28",
        "codificacion_formato": "6",
        "fecha_ultima_calibracion": "2021-09-09",
        "proxima_calibracion": "2022-03-09",
        "frecuencia_calibracion_meses": "6.00",
        "fecha_ultimo_mantenimiento": "2025-04-08",
        "proximo_mantenimiento": null,
        "frecuencia_mantenimiento_meses": null,
        "fecha_ultima_comprobacion": "2025-04-08",
        "proxima_comprobacion": null,
        "frecuencia_comprobacion_meses": null
      }
    },
    {
      "model": "core.equipo",
      "pk": 2685,
      "fields": {
        "codigo_interno": "CC-0117",
        "nombre": "Cinta Métrica - 5 m",
        "empresa": 112,
        "tipo_equipo": "Equipo de Medición",
        "marca": "STANLEY",
        "modelo": "30-615",
        "numero_serie": "CC-0117",
        "ubicacion": "CERTICAPITAL",
        "responsable": "Técnico Responsable",
        "estado": "Activo",
        "fecha_adquisicion": "2021-09-10",
        "fecha_registro": "2025-09-28T18:08:25.920Z",
        "rango_medida": "=+/- 0,5%",
        "resolucion": "N.R",
        "error_maximo_permisible": "3",
        "observaciones": "2024-01-15 00:00:00",
        "archivo_compra_pdf": "",
        "ficha_tecnica_pdf": "",
        "manual_pdf": "",
        "otros_documentos_pdf": "",
        "imagen_equipo": "",
        "version_formato": "5",
        "fecha_version_formato": "1900-02-28",
        "codificacion_formato": "6",
        "fecha_ultima_calibracion": "2021-09-10",
        "proxima_calibracion": "2022-03-10",
        "frecuencia_calibracion_meses": "6.00",
        "fecha_ultimo_mantenimiento": "2025-04-08",
        "proximo_mantenimiento": null,
        "frecuencia_mantenimiento_meses": null,
        "fecha_ultima_comprobacion": "2025-04-08",
        "proxima_comprobacion": null,
        "frecuencia_comprobacion_meses": null
      }
    },
    {
      "model": "core.equipo",
      "pk": 2686,
      "fields": {
        "codigo_interno": "CC-0118",
        "nombre": "Cinta Métrica - 5 m",
        "empresa": 112,
        "tipo_equipo": "Equipo de Medición",
        "marca": "STANLEY",
        "modelo": "30-615",
        "numero_serie": "CC-0118",
        "ubicacion": "CERTICAPITAL",
        "responsable": "Técnico Responsable",
        "estado": "Activo",
        "fecha_adquisicion": "2021-09-10",
        "fecha_registro": "2025-09-28T18:08:25.929Z",
        "rango_medida": "=+/- 0,5%",
        "resolucion": "N.R",
        "error_maximo_permisible": "3",
        "observaciones": "2024-01-15 00:00:00",
        "archivo_compra_pdf": "",
        "ficha_tecnica_pdf": "",
        "manual_pdf": "",
        "otros_documentos_pdf": "",
        "imagen_equipo": "",
        "version_formato": "5",
        "fecha_version_formato": "1900-02-28",
        "codificacion_formato": "6",
        "fecha_ultima_calibracion": "2021-09-10",
        "proxima_calibracion": "2022-03-10",
        "frecuencia_calibracion_meses": "6.00",
        "fecha_ultimo_mantenimiento": "2025-04-08",
        "proximo_mantenimiento": null,
        "frecuencia_mantenimiento_meses": null,
        "fecha_ultima_comprobacion": "2025-04-08",
        "proxima_comprobacion": null,
        "frecuencia_comprobacion_meses": null
      }
    },
    {
      "model": "core.equipo",
      "pk": 2687,
      "fields": {
        "codigo_interno": "CC-0119",
        "nombre": "Cinta Métrica - 5 m",
        "empresa": 112,
        "tipo_equipo": "Equipo de Medición",
        "marca": "STANLEY",
        "modelo": "30-615",
        "numero_serie": "CC-0119",
        "ubicacion": "CERTICAPITAL",
        "responsable": "Técnico Responsable",
        "estado": "Activo",
        "fecha_adquisicion": "2021-09-13",
        "fecha_registro": "2025-09-28T18:08:25.939Z",
        "rango_medida": "=+/- 0,5%",
        "resolucion": "N.R",
        "error_maximo_permisible": "3",
        "observaciones": "2024-01-15 00:00:00",
        "archivo_compra_pdf": "",
        "ficha_tecnica_pdf": "",
        "manual_pdf": "",
        "otros_documentos_pdf": "",
        "imagen_equipo": "",
        "version_formato": "5",
        "fecha_version_formato": "1900-02-28",
        "codificacion_formato": "6",
        "fecha_ultima_calibracion": "2021-09-13",
        "proxima_calibracion": "2022-03-13",
        "frecuencia_calibracion_meses": "6.00",
        "fecha_ultimo_mantenimiento": "2025-04-08",
        "proximo_mantenimiento": null,
        "frecuencia_mantenimiento_meses": null,
        "fecha_ultima_comprobacion": "2025-04-08",
        "proxima_comprobacion": null,
        "frecuencia_comprobacion_meses": null
      }
    },
    {
      "model": "core.equipo",
      "pk": 2688,
      "fields": {
        "codigo_interno": "CC-0120",
        "nombre": "Multímetro",
        "empresa": 112,
        "tipo_equipo": "Equipo de Medición",
        "marca": "UNI-T",
        "modelo": "UT33C+",
        "numero_serie": "C210259278",
        "ubicacion": "CERTICAPITAL",
        "responsable": "Técnico Responsable",
        "estado": "Activo",
        "fecha_adquisicion": "2025-03-19",
        "fecha_registro": "2025-09-28T18:08:25.948Z",
        "rango_medida": "=+/- 6%",
        "resolucion": "N.R",
        "error_maximo_permisible": "3",
        "observaciones": "2024-01-15 00:00:00",
        "archivo_compra_pdf": "",
        "ficha_tecnica_pdf": "",
        "manual_pdf": "",
        "otros_documentos_pdf": "",
        "imagen_equipo": "",
        "version_formato": "5",
        "fecha_version_formato": "1900-02-28",
        "codificacion_formato": "6",
        "fecha_ultima_calibracion": "2025-03-19",
        "proxima_calibracion": "2025-09-19",
        "frecuencia_calibracion_meses": "6.00",
        "fecha_ultimo_mantenimiento": "2025-04-22",
        "proximo_mantenimiento": null,
        "frecuencia_mantenimiento_meses": null,
        "fecha_ultima_comprobacion": "2025-04-22",
        "proxima_comprobacion": null,
        "frecuencia_comprobacion_meses": null
      }
    },
    {
      "model": "core.equipo",
      "pk": 2689,
      "fields": {
        "codigo_interno": "CC-0121",
        "nombre": "Multímetro",
        "empresa": 112,
        "tipo_equipo": "Equipo de Medición",
        "marca": "UNI-T",
        "modelo": "UT33C+",
        "numero_serie": "C210259266",
        "ubicacion": "CERTICAPITAL",
        "responsable": "Técnico Responsable",
        "estado": "Activo",
        "fecha_adquisicion": "2025-03-07",
        "fecha_registro": "2025-09-28T18:08:25.958Z",
        "rango_medida": "=+/- 6%",
        "resolucion": "N.R",
        "error_maximo_permisible": "3",
        "observaciones": "2024-01-15 00:00:00",
        "archivo_compra_pdf": "",
        "ficha_tecnica_pdf": "",
        "manual_pdf": "",
        "otros_documentos_pdf": "",
        "imagen_equipo": "",
        "version_formato": "5",
        "fecha_version_formato": "1900-02-28",
        "codificacion_formato": "6",
        "fecha_ultima_calibracion": "2025-03-07",
        "proxima_calibracion": "2025-09-07",
        "frecuencia_calibracion_meses": "6.00",
        "fecha_ultimo_mantenimiento": "2025-04-22",
        "proximo_mantenimiento": null,
        "frecuencia_mantenimiento_meses": null,
        "fecha_ultima_comprobacion": "2025-04-22",
        "proxima_comprobacion": null,
        "frecuencia_comprobacion_meses": null
      }
    },
    {
      "model": "core.equipo",
      "pk": 2690,
      "fields": {
        "codigo_interno": "CC-0122",
        "nombre": "Multímetro",
        "empresa": 112,
        "tipo_equipo": "Equipo de Medición",
        "marca": "UNI-T",
        "modelo": "UT33C+",
        "numero_serie": "C210258813",
        "ubicacion": "CERTICAPITAL",
        "responsable": "Técnico Responsable",
        "estado": "Activo",
        "fecha_adquisicion": "2025-03-07",
        "fecha_registro": "2025-09-28T18:08:25.969Z",
        "rango_medida": "=+/- 6%",
        "resolucion": "N.R",
        "error_maximo_permisible": "3",
        "observaciones": "2024-01-15 00:00:00",
        "archivo_compra_pdf": "",
        "ficha_tecnica_pdf": "",
        "manual_pdf": "",
        "otros_documentos_pdf": "",
        "imagen_equipo": "",
        "version_formato": "5",
        "fecha_version_formato": "1900-02-28",
        "codificacion_formato": "6",
        "fecha_ultima_calibracion": "2025-03-07",
        "proxima_calibracion": "2025-09-07",
        "frecuencia_calibracion_meses": "6.00",
        "fecha_ultimo_mantenimiento": "2025-04-22",
        "proximo_mantenimiento": null,
        "frecuencia_mantenimiento_meses": null,
        "fecha_ultima_comprobacion": "2025-04-22",
        "proxima_comprobacion": null,
        "frecuencia_comprobacion_meses": null
      }
    },
    {
      "model": "core.equipo",
      "pk": 2691,
      "fields": {
        "codigo_interno": "CC-0123",
        "nombre": "Multímetro",
        "empresa": 112,
        "tipo_equipo": "Equipo de Medición",
        "marca": "UNI-T",
        "modelo": "UT33C+",
        "numero_serie": "C21058865",
        "ubicacion": "CERTICAPITAL",
        "responsable": "Técnico Responsable",
        "estado": "Activo",
        "fecha_adquisicion": "2025-03-07",
        "fecha_registro": "2025-09-28T18:08:25.977Z",
        "rango_medida": "=+/- 6%",
        "resolucion": "N.R",
        "error_maximo_permisible": "3",
        "observaciones": "2024-01-15 00:00:00",
        "archivo_compra_pdf": "",
        "ficha_tecnica_pdf": "",
        "manual_pdf": "",
        "otros_documentos_pdf": "",
        "imagen_equipo": "",
        "version_formato": "5",
        "fecha_version_formato": "1900-02-28",
        "codificacion_formato": "6",
        "fecha_ultima_calibracion": "2025-03-07",
        "proxima_calibracion": "2025-09-07",
        "frecuencia_calibracion_meses": "6.00",
        "fecha_ultimo_mantenimiento": "2025-04-22",
        "proximo_mantenimiento": null,
        "frecuencia_mantenimiento_meses": null,
        "fecha_ultima_comprobacion": "2025-04-22",
        "proxima_comprobacion": null,
        "frecuencia_comprobacion_meses": null
      }
    },
    {
      "model": "core.equipo",
      "pk": 2692,
      "fields": {
        "codigo_interno": "CC-0124",
        "nombre": "Multímetro",
        "empresa": 112,
        "tipo_equipo": "Equipo de Medición",
        "marca": "UNI-T",
        "modelo": "UT33C+",
        "numero_serie": "CC-0124",
        "ubicacion": "CERTICAPITAL",
        "responsable": "Técnico Responsable",
        "estado": "Activo",
        "fecha_adquisicion": "2025-03-07",
        "fecha_registro": "2025-09-28T18:08:25.989Z",
        "rango_medida": "=+/- 6%",
        "resolucion": "N.R",
        "error_maximo_permisible": "3",
        "observaciones": "2024-01-15 00:00:00",
        "archivo_compra_pdf": "",
        "ficha_tecnica_pdf": "",
        "manual_pdf": "",
        "otros_documentos_pdf": "",
        "imagen_equipo": "",
        "version_formato": "5",
        "fecha_version_formato": "1900-02-04",
        "codificacion_formato": "6",
        "fecha_ultima_calibracion": "2025-03-07",
        "proxima_calibracion": "2025-09-07",
        "frecuencia_calibracion_meses": "6.00",
        "fecha_ultimo_mantenimiento": "2025-04-22",
        "proximo_mantenimiento": null,
        "frecuencia_mantenimiento_meses": null,
        "fecha_ultima_comprobacion": "2025-04-22",
        "proxima_comprobacion": null,
        "frecuencia_comprobacion_meses": null
      }
    },
    {
      "model": "core.equipo",
      "pk": 2693,
      "fields": {
        "codigo_interno": "CC-0125",
        "nombre": "Luxómetro (RETILAP)",
        "empresa": 112,
        "tipo_equipo": "Equipo de Medición",
        "marca": "SONEL",
        "modelo": "LXP-10",
        "numero_serie": "BM2372",
        "ubicacion": "CERTICAPITAL",
        "responsable": "Técnico Responsable",
        "estado": "Activo",
        "fecha_adquisicion": "2022-08-04",
        "fecha_registro": "2025-09-28T18:08:25.998Z",
        "rango_medida": "=+/- 10%",
        "resolucion": "N.R",
        "error_maximo_permisible": "3",
        "observaciones": "2024-01-15 00:00:00",
        "archivo_compra_pdf": "",
        "ficha_tecnica_pdf": "",
        "manual_pdf": "",
        "otros_documentos_pdf": "",
        "imagen_equipo": "",
        "version_formato": "5",
        "fecha_version_formato": "1900-02-04",
        "codificacion_formato": "6",
        "fecha_ultima_calibracion": "2022-08-04",
        "proxima_calibracion": "2023-02-04",
        "frecuencia_calibracion_meses": "6.00",
        "fecha_ultimo_mantenimiento": "2025-08-26",
        "proximo_mantenimiento": null,
        "frecuencia_mantenimiento_meses": null,
        "fecha_ultima_comprobacion": "2025-08-26",
        "proxima_comprobacion": null,
        "frecuencia_comprobacion_meses": null
      }
    },
    {
      "model": "core.equipo",
      "pk": 2694,
      "fields": {
        "codigo_interno": "CC-0126",
        "nombre": "Luxómetro (RETILAP)",
        "empresa": 112,
        "tipo_equipo": "Equipo de Referencia",
        "marca": "SONEL",
        "modelo": "LXP-10",
        "numero_serie": "BM2189",
        "ubicacion": "CERTICAPITAL",
        "responsable": "Técnico Responsable",
        "estado": "Activo",
        "fecha_adquisicion": "2025-08-29",
        "fecha_registro": "2025-09-28T18:08:26.008Z",
        "rango_medida": "=+/- 10%",
        "resolucion": "N.R",
        "error_maximo_permisible": "3",
        "observaciones": "2024-01-15 00:00:00",
        "archivo_compra_pdf": "",
        "ficha_tecnica_pdf": "",
        "manual_pdf": "",
        "otros_documentos_pdf": "",
        "imagen_equipo": "",
        "version_formato": "5",
        "fecha_version_formato": "1900-02-28",
        "codificacion_formato": "60.86666667",
        "fecha_ultima_calibracion": "2025-08-29",
        "proxima_calibracion": "2030-08-29",
        "frecuencia_calibracion_meses": "60.87",
        "fecha_ultimo_mantenimiento": "2025-08-29",
        "proximo_mantenimiento": null,
        "frecuencia_mantenimiento_meses": null,
        "fecha_ultima_comprobacion": "2025-08-29",
        "proxima_comprobacion": null,
        "frecuencia_comprobacion_meses": null
      }
    },
    {
      "model": "core.equipo",
      "pk": 2695,
      "fields": {
        "codigo_interno": "CC-0127",
        "nombre": "Teluro metro de baja frecuencia",
        "empresa": 112,
        "tipo_equipo": "Equipo de Medición",
        "marca": "Metrel",
        "modelo": "MI 2088",
        "numero_serie": "22011827",
        "ubicacion": "CERTICAPITAL",
        "responsable": "Técnico Responsable",
        "estado": "Activo",
        "fecha_adquisicion": "2024-03-07",
        "fecha_registro": "2025-09-28T18:08:26.019Z",
        "rango_medida": "=+/- 8%",
        "resolucion": "N.R",
        "error_maximo_permisible": "3",
        "observaciones": "2024-01-15 00:00:00",
        "archivo_compra_pdf": "",
        "ficha_tecnica_pdf": "",
        "manual_pdf": "",
        "otros_documentos_pdf": "",
        "imagen_equipo": "",
        "version_formato": "5",
        "fecha_version_formato": "1900-01-23",
        "codificacion_formato": "6",
        "fecha_ultima_calibracion": "2024-03-07",
        "proxima_calibracion": "2024-09-07",
        "frecuencia_calibracion_meses": "6.00",
        "fecha_ultimo_mantenimiento": "2025-04-24",
        "proximo_mantenimiento": null,
        "frecuencia_mantenimiento_meses": null,
        "fecha_ultima_comprobacion": "2025-04-24",
        "proxima_comprobacion": null,
        "frecuencia_comprobacion_meses": null
      }
    },
    {
      "model": "core.equipo",
      "pk": 2696,
      "fields": {
        "codigo_interno": "CC-0128",
        "nombre": "Analizador de Radiodifusión",
        "empresa": 112,
        "tipo_equipo": "Equipo de Referencia",
        "marca": "PROMAX",
        "modelo": "Ranger Mini",
        "numero_serie": "211129330001",
        "ubicacion": "CERTICAPITAL",
        "responsable": "Técnico Responsable",
        "estado": "Activo",
        "fecha_adquisicion": "2025-09-05",
        "fecha_registro": "2025-09-28T18:08:26.028Z",
        "rango_medida": "=+/- 6%",
        "resolucion": "N.R",
        "error_maximo_permisible": "3",
        "observaciones": "2024-01-15 00:00:00",
        "archivo_compra_pdf": "",
        "ficha_tecnica_pdf": "",
        "manual_pdf": "",
        "otros_documentos_pdf": "",
        "imagen_equipo": "",
        "version_formato": "5",
        "fecha_version_formato": "1900-02-28",
        "codificacion_formato": "60.86666667",
        "fecha_ultima_calibracion": "2025-09-05",
        "proxima_calibracion": "2030-09-05",
        "frecuencia_calibracion_meses": "60.87",
        "fecha_ultimo_mantenimiento": "2025-09-05",
        "proximo_mantenimiento": null,
        "frecuencia_mantenimiento_meses": null,
        "fecha_ultima_comprobacion": "2025-09-05",
        "proxima_comprobacion": null,
        "frecuencia_comprobacion_meses": null
      }
    },
    {
      "model": "core.equipo",
      "pk": 2697,
      "fields": {
        "codigo_interno": "CC-0129",
        "nombre": "Luxómetro (RETIE)",
        "empresa": 112,
        "tipo_equipo": "Equipo de Medición",
        "marca": "Erasmus",
        "modelo": "EL 200",
        "numero_serie": "220700047",
        "ubicacion": "CERTICAPITAL",
        "responsable": "Técnico Responsable",
        "estado": "Activo",
        "fecha_adquisicion": "2025-04-29",
        "fecha_registro": "2025-09-28T18:08:26.040Z",
        "rango_medida": "=+/- 10%",
        "resolucion": "N.R",
        "error_maximo_permisible": "3",
        "observaciones": "2024-01-15 00:00:00",
        "archivo_compra_pdf": "",
        "ficha_tecnica_pdf": "",
        "manual_pdf": "",
        "otros_documentos_pdf": "",
        "imagen_equipo": "",
        "version_formato": "5",
        "fecha_version_formato": "1900-02-19",
        "codificacion_formato": "6",
        "fecha_ultima_calibracion": "2025-04-29",
        "proxima_calibracion": "2025-10-29",
        "frecuencia_calibracion_meses": "6.00",
        "fecha_ultimo_mantenimiento": "2025-04-22",
        "proximo_mantenimiento": null,
        "frecuencia_mantenimiento_meses": null,
        "fecha_ultima_comprobacion": "2025-04-22",
        "proxima_comprobacion": null,
        "frecuencia_comprobacion_meses": null
      }
    },
    {
      "model": "core.equipo",
      "pk": 2698,
      "fields": {
        "codigo_interno": "CC-0130",
        "nombre": "Luxómetro (RETIE)",
        "empresa": 112,
        "tipo_equipo": "Equipo de Medición",
        "marca": "Erasmus",
        "modelo": "EL 200",
        "numero_serie": "220700064",
        "ubicacion": "CERTICAPITAL",
        "responsable": "Técnico Responsable",
        "estado": "Activo",
        "fecha_adquisicion": "2025-04-29",
        "fecha_registro": "2025-09-28T18:08:26.101Z",
        "rango_medida": "=+/- 10%",
        "resolucion": "N.R",
        "error_maximo_permisible": "3",
        "observaciones": "2024-01-15 00:00:00",
        "archivo_compra_pdf": "",
        "ficha_tecnica_pdf": "",
        "manual_pdf": "",
        "otros_documentos_pdf": "",
        "imagen_equipo": "",
        "version_formato": "5",
        "fecha_version_formato": "1900-02-04",
        "codificacion_formato": "6",
        "fecha_ultima_calibracion": "2025-04-29",
        "proxima_calibracion": "2025-10-29",
        "frecuencia_calibracion_meses": "6.00",
        "fecha_ultimo_mantenimiento": "2025-04-22",
        "proximo_mantenimiento": null,
        "frecuencia_mantenimiento_meses": null,
        "fecha_ultima_comprobacion": "2025-04-22",
        "proxima_comprobacion": null,
        "frecuencia_comprobacion_meses": null
      }
    },
    {
      "model": "core.equipo",
      "pk": 2699,
      "fields": {
        "codigo_interno": "CC-0132",
        "nombre": "Luxómetro (RETIE)",
        "empresa": 112,
        "tipo_equipo": "Equipo de Medición",
        "marca": "Erasmus",
        "modelo": "EL 200",
        "numero_serie": "220700071",
        "ubicacion": "CERTICAPITAL",
        "responsable": "Técnico Responsable",
        "estado": "Activo",
        "fecha_adquisicion": "2023-03-30",
        "fecha_registro": "2025-09-28T18:08:26.111Z",
        "rango_medida": "=+/- 10%",
        "resolucion": "N.R",
        "error_maximo_permisible": "3",
        "observaciones": "2024-01-15 00:00:00",
        "archivo_compra_pdf": "",
        "ficha_tecnica_pdf": "",
        "manual_pdf": "",
        "otros_documentos_pdf": "",
        "imagen_equipo": "",
        "version_formato": "5",
        "fecha_version_formato": "1900-02-04",
        "codificacion_formato": "6",
        "fecha_ultima_calibracion": "2023-03-30",
        "proxima_calibracion": "2023-09-30",
        "frecuencia_calibracion_meses": "6.00",
        "fecha_ultimo_mantenimiento": "2025-04-22",
        "proximo_mantenimiento": null,
        "frecuencia_mantenimiento_meses": null,
        "fecha_ultima_comprobacion": "2025-04-22",
        "proxima_comprobacion": null,
        "frecuencia_comprobacion_meses": null
      }
    },
    {
      "model": "core.equipo",
      "pk": 2700,
      "fields": {
        "codigo_interno": "CC-0133",
        "nombre": "Analizador de Radiodifusión",
        "empresa": 112,
        "tipo_equipo": "Equipo de Medición",
        "marca": "AMIKO",
        "modelo": "TSC 1270",
        "numero_serie": "20230101170",
        "ubicacion": "CERTICAPITAL",
        "responsable": "Técnico Responsable",
        "estado": "Activo",
        "fecha_adquisicion": "2023-12-05",
        "fecha_registro": "2025-09-28T18:08:26.121Z",
        "rango_medida": "=+/- 8%",
        "resolucion": "N.R",
        "error_maximo_permisible": "3",
        "observaciones": "2024-01-15 00:00:00",
        "archivo_compra_pdf": "",
        "ficha_tecnica_pdf": "",
        "manual_pdf": "",
        "otros_documentos_pdf": "",
        "imagen_equipo": "",
        "version_formato": "5",
        "fecha_version_formato": "1900-02-04",
        "codificacion_formato": "6",
        "fecha_ultima_calibracion": "2023-12-05",
        "proxima_calibracion": "2024-06-05",
        "frecuencia_calibracion_meses": "6.00",
        "fecha_ultimo_mantenimiento": "2025-06-17",
        "proximo_mantenimiento": null,
        "frecuencia_mantenimiento_meses": null,
        "fecha_ultima_comprobacion": "2025-06-17",
        "proxima_comprobacion": null,
        "frecuencia_comprobacion_meses": null
      }
    },
    {
      "model": "core.equipo",
      "pk": 2701,
      "fields": {
        "codigo_interno": "CC-0134",
        "nombre": "Analizador de Radiodifusión",
        "empresa": 112,
        "tipo_equipo": "Equipo de Medición",
        "marca": "AMIKO",
        "modelo": "TSC 1270",
        "numero_serie": "20230101172",
        "ubicacion": "CERTICAPITAL",
        "responsable": "Técnico Responsable",
        "estado": "Activo",
        "fecha_adquisicion": "2023-12-05",
        "fecha_registro": "2025-09-28T18:08:26.129Z",
        "rango_medida": "=+/- 8%",
        "resolucion": "N.R",
        "error_maximo_permisible": "3",
        "observaciones": "2024-01-15 00:00:00",
        "archivo_compra_pdf": "",
        "ficha_tecnica_pdf": "",
        "manual_pdf": "",
        "otros_documentos_pdf": "",
        "imagen_equipo": "",
        "version_formato": "5",
        "fecha_version_formato": "1900-02-04",
        "codificacion_formato": "6",
        "fecha_ultima_calibracion": "2023-12-05",
        "proxima_calibracion": "2024-06-05",
        "frecuencia_calibracion_meses": "6.00",
        "fecha_ultimo_mantenimiento": "2025-06-17",
        "proximo_mantenimiento": null,
        "frecuencia_mantenimiento_meses": null,
        "fecha_ultima_comprobacion": "2025-06-17",
        "proxima_comprobacion": null,
        "frecuencia_comprobacion_meses": null
      }
    },
    {
      "model": "core.equipo",
      "pk": 2702,
      "fields": {
        "codigo_interno": "CC-0135",
        "nombre": "Analizador de Radiodifusión",
        "empresa": 112,
        "tipo_equipo": "Equipo de Medición",
        "marca": "AMIKO",
        "modelo": "TSC 1270",
        "numero_serie": "20230101174",
        "ubicacion": "CERTICAPITAL",
        "responsable": "Técnico Responsable",
        "estado": "Activo",
        "fecha_adquisicion": "2023-12-11",
        "fecha_registro": "2025-09-28T18:08:26.139Z",
        "rango_medida": "=+/- 8%",
        "resolucion": "N.R",
        "error_maximo_permisible": "3",
        "observaciones": "2024-01-15 00:00:00",
        "archivo_compra_pdf": "",
        "ficha_tecnica_pdf": "",
        "manual_pdf": "",
        "otros_documentos_pdf": "",
        "imagen_equipo": "",
        "version_formato": "5",
        "fecha_version_formato": "1900-02-04",
        "codificacion_formato": "6",
        "fecha_ultima_calibracion": "2023-12-11",
        "proxima_calibracion": "2024-06-11",
        "frecuencia_calibracion_meses": "6.00",
        "fecha_ultimo_mantenimiento": "2025-06-23",
        "proximo_mantenimiento": null,
        "frecuencia_mantenimiento_meses": null,
        "fecha_ultima_comprobacion": "2025-06-23",
        "proxima_comprobacion": null,
        "frecuencia_comprobacion_meses": null
      }
    },
    {
      "model": "core.equipo",
      "pk": 2703,
      "fields": {
        "codigo_interno": "CC-0136",
        "nombre": "Analizador de Radiodifusión",
        "empresa": 112,
        "tipo_equipo": "Equipo de Medición",
        "marca": "AMIKO",
        "modelo": "TSC 1270",
        "numero_serie": "20230101176",
        "ubicacion": "CERTICAPITAL",
        "responsable": "Técnico Responsable",
        "estado": "Activo",
        "fecha_adquisicion": "2023-12-05",
        "fecha_registro": "2025-09-28T18:08:26.148Z",
        "rango_medida": "=+/- 8%",
        "resolucion": "N.R",
        "error_maximo_permisible": "3",
        "observaciones": "2024-01-15 00:00:00",
        "archivo_compra_pdf": "",
        "ficha_tecnica_pdf": "",
        "manual_pdf": "",
        "otros_documentos_pdf": "",
        "imagen_equipo": "",
        "version_formato": "5",
        "fecha_version_formato": "1900-02-04",
        "codificacion_formato": "6",
        "fecha_ultima_calibracion": "2023-12-05",
        "proxima_calibracion": "2024-06-05",
        "frecuencia_calibracion_meses": "6.00",
        "fecha_ultimo_mantenimiento": "2025-06-23",
        "proximo_mantenimiento": null,
        "frecuencia_mantenimiento_meses": null,
        "fecha_ultima_comprobacion": "2025-06-23",
        "proxima_comprobacion": null,
        "frecuencia_comprobacion_meses": null
      }
    },
    {
      "model": "core.equipo",
      "pk": 2704,
      "fields": {
        "codigo_interno": "CC-0137",
        "nombre": "Analizador de Radiodifusión",
        "empresa": 112,
        "tipo_equipo": "Equipo de Medición",
        "marca": "AMIKO",
        "modelo": "TSC 1270",
        "numero_serie": "20221201423",
        "ubicacion": "CERTICAPITAL",
        "responsable": "Técnico Responsable",
        "estado": "Activo",
        "fecha_adquisicion": "2023-12-11",
        "fecha_registro": "2025-09-28T18:08:26.211Z",
        "rango_medida": "=+/- 8%",
        "resolucion": "N.R",
        "error_maximo_permisible": "3",
        "observaciones": "2024-01-15 00:00:00",
        "archivo_compra_pdf": "",
        "ficha_tecnica_pdf": "",
        "manual_pdf": "",
        "otros_documentos_pdf": "",
        "imagen_equipo": "",
        "version_formato": "5",
        "fecha_version_formato": "1900-02-04",
        "codificacion_formato": "6",
        "fecha_ultima_calibracion": "2023-12-11",
        "proxima_calibracion": "2024-06-11",
        "frecuencia_calibracion_meses": "6.00",
        "fecha_ultimo_mantenimiento": "2025-06-23",
        "proximo_mantenimiento": null,
        "frecuencia_mantenimiento_meses": null,
        "fecha_ultima_comprobacion": "2025-06-23",
        "proxima_comprobacion": null,
        "frecuencia_comprobacion_meses": null
      }
    },
    {
      "model": "core.equipo",
      "pk": 2705,
      "fields": {
        "codigo_interno": "CC-0139",
        "nombre": "PESA 20 Kg",
        "empresa": 112,
        "tipo_equipo": "Equipo de Medición",
        "marca": "FTR",
        "modelo": "PARALELEPÍPEDO RECTANGULAR",
        "numero_serie": "SN01",
        "ubicacion": "CERTICAPITAL",
        "responsable": "Técnico Responsable",
        "estado": "Activo",
        "fecha_adquisicion": "2025-07-28",
        "fecha_registro": "2025-09-28T18:08:26.222Z",
        "rango_medida": "0.03",
        "resolucion": "N.R",
        "error_maximo_permisible": "3",
        "observaciones": "2024-01-15 00:00:00",
        "archivo_compra_pdf": "",
        "ficha_tecnica_pdf": "",
        "manual_pdf": "",
        "otros_documentos_pdf": "",
        "imagen_equipo": "",
        "version_formato": "5",
        "fecha_version_formato": "1900-02-04",
        "codificacion_formato": "6",
        "fecha_ultima_calibracion": "2025-07-28",
        "proxima_calibracion": "2026-01-28",
        "frecuencia_calibracion_meses": "6.00",
        "fecha_ultimo_mantenimiento": "2025-07-28",
        "proximo_mantenimiento": null,
        "frecuencia_mantenimiento_meses": null,
        "fecha_ultima_comprobacion": "2025-07-28",
        "proxima_comprobacion": null,
        "frecuencia_comprobacion_meses": null
      }
    }
  ],
  "calibraciones": [],
  "mantenimientos": [],
  "comprobaciones": []
}