{
  "metadata": {
    "empresa_id": 111,
    "empresa_nombre": "234",
    "backup_date": "2025-10-02T01:17:27.837502+00:00",
    "version": "1.0"
  },
  "empresa": {
    "model": "core.empresa",
    "pk": 111,
    "fields": {
      "nombre": "234",
      "nit": "32456765676",
      "direccion": "2",
      "telefono": "2",
      "email": "villyorozco@gmail.com",
      "logo_empresa": "empresas_logos/logo_trial.png",
      "fecha_registro": "2025-09-25T09:52:40.734Z",
      "formato_version_empresa": null,
      "formato_fecha_version_empresa": null,
      "formato_codificacion_empresa": null,
      "es_periodo_prueba": false,
      "duracion_prueba_dias": 30,
      "fecha_inicio_plan": "2025-09-30",
      "limite_equipos_empresa": 100,
      "duracion_suscripcion_meses": 12,
      "limite_almacenamiento_mb": 50000,
      "acceso_manual_activo": false,
      "estado_suscripcion": "Activo",
      "is_deleted": false,
      "deleted_at": null,
      "deleted_by": null,
      "delete_reason": null,
      "tarifa_mensual_sam": "180000.00",
      "fecha_inicio_contrato_sam": null,
      "nivel_servicio_sam": "Estándar",
      "modalidad_pago": "ANUAL",
      "valor_pago_acordado": "1800000.00",
      "fecha_ultimo_pago": null,
      "fecha_proximo_pago": null,
      "tipo_organismo": "Industrial",
      "normas_aplicables": null
    }
  },
  "usuarios": [
    {
      "model": "core.customuser",
      "pk": 3,
      "fields": {
        "password": "pbkdf2_sha256$1000000$bMTPCv4Alnoy8YazjKnK0s$8k7GdkaO0ANfyOdG3ZU1k5CdOc3OxOiJI5GxJb9RzMg=",
        "last_login": "2025-10-01T20:23:18.953Z",
        "is_superuser": false,
        "username": "CERTI",
        "first_name": "234",
        "last_name": "3434",
        "email": "villyorozco@gmail.com",
        "is_staff": false,
        "is_active": true,
        "date_joined": "2025-09-25T09:59:32.554Z",
        "empresa": 111,
        "can_access_dashboard_decisiones": true,
        "is_management_user": false,
        "rol_usuario": "GERENCIA",
        "groups": [
          3
        ],
        "user_permissions": []
      }
    }
  ],
  "equipos": [
    {
      "model": "core.equipo",
      "pk": 2642,
      "fields": {
        "codigo_interno": "2221",
        "nombre": "111",
        "empresa": 111,
        "tipo_equipo": "Equipo de Medición",
        "marca": "1",
        "modelo": "1",
        "numero_serie": "1",
        "ubicacion": "1",
        "responsable": "1",
        "estado": "De Baja",
        "fecha_adquisicion": "2025-09-08",
        "fecha_registro": "2025-09-25T11:00:56.969Z",
        "rango_medida": "1",
        "resolucion": "1",
        "error_maximo_permisible": "1",
        "observaciones": "1",
        "archivo_compra_pdf": "pdfs/11-09-02CL231399-FOT-TAC-2.pdf",
        "ficha_tecnica_pdf": "",
        "manual_pdf": "",
        "otros_documentos_pdf": "",
        "imagen_equipo": "imagenes_equipos/logo_trial-1.png",
        "version_formato": null,
        "fecha_version_formato": null,
        "codificacion_formato": null,
        "fecha_ultima_calibracion": null,
        "proxima_calibracion": null,
        "frecuencia_calibracion_meses": "4.00",
        "fecha_ultimo_mantenimiento": null,
        "proximo_mantenimiento": null,
        "frecuencia_mantenimiento_meses": "4.00",
        "fecha_ultima_comprobacion": null,
        "proxima_comprobacion": null,
        "frecuencia_comprobacion_meses": "4.00"
      }
    },
    {
      "model": "core.equipo",
      "pk": 2647,
      "fields": {
        "codigo_interno": "BAL-001",
        "nombre": "Balanza Analítica Digital",
        "empresa": 111,
        "tipo_equipo": "Equipo de Medición",
        "marca": "OHAUS",
        "modelo": "EX224",
        "numero_serie": "2024001234",
        "ubicacion": "Laboratorio Principal",
        "responsable": null,
        "estado": "Activo",
        "fecha_adquisicion": "2021-01-18",
        "fecha_registro": "2025-09-25T19:50:01.261Z",
        "rango_medida": "2025-09-25 19:50:01",
        "resolucion": "Equipo Balanza Analítica Digital para mediciones de precisión",
        "error_maximo_permisible": null,
        "observaciones": "Equipo Balanza Analítica Digital para mediciones de precisión",
        "archivo_compra_pdf": "",
        "ficha_tecnica_pdf": "",
        "manual_pdf": "",
        "otros_documentos_pdf": "",
        "imagen_equipo": "",
        "version_formato": null,
        "fecha_version_formato": null,
        "codificacion_formato": "2026-12-07",
        "fecha_ultima_calibracion": "2023-10-07",
        "proxima_calibracion": "2026-12-07",
        "frecuencia_calibracion_meses": "38.00",
        "fecha_ultimo_mantenimiento": "2025-06-12",
        "proximo_mantenimiento": "2025-12-12",
        "frecuencia_mantenimiento_meses": "6.00",
        "fecha_ultima_comprobacion": "2025-06-12",
        "proxima_comprobacion": "2025-12-12",
        "frecuencia_comprobacion_meses": "6.00"
      }
    },
    {
      "model": "core.equipo",
      "pk": 2771,
      "fields": {
        "codigo_interno": "CC-01",
        "nombre": "ASASAS",
        "empresa": 111,
        "tipo_equipo": "Equipo de Medición",
        "marca": "PRUEBA",
        "modelo": "PRUEBA",
        "numero_serie": "PRUEBA",
        "ubicacion": "PRUEBA",
        "responsable": "PRUEBA",
        "estado": "Inactivo",
        "fecha_adquisicion": "2025-06-09",
        "fecha_registro": "2025-10-01T02:23:24.919Z",
        "rango_medida": "PRUEBA",
        "resolucion": "PRUEBA",
        "error_maximo_permisible": "PRUEBA",
        "observaciones": "PRUEBA",
        "archivo_compra_pdf": "pdfs/hoja_vida_CC-0101.pdf",
        "ficha_tecnica_pdf": "",
        "manual_pdf": "",
        "otros_documentos_pdf": "",
        "imagen_equipo": "imagenes_equipos/WhatsApp-Image-2025-09-29-at-9.03.09-AM.jpeg",
        "version_formato": "PRUEBA",
        "fecha_version_formato": "2025-09-25",
        "codificacion_formato": "PRUEBA",
        "fecha_ultima_calibracion": "2023-07-10",
        "proxima_calibracion": null,
        "frecuencia_calibracion_meses": "38.00",
        "fecha_ultimo_mantenimiento": "2025-09-30",
        "proximo_mantenimiento": null,
        "frecuencia_mantenimiento_meses": "6.00",
        "fecha_ultima_comprobacion": "2025-09-30",
        "proxima_comprobacion": null,
        "frecuencia_comprobacion_meses": "6.00"
      }
    },
    {
      "model": "core.equipo",
      "pk": 2765,
      "fields": {
        "codigo_interno": "MT-CD-002",
        "nombre": "Calibrador digital",
        "empresa": 111,
        "tipo_equipo": "Otro",
        "marca": "UYUSTTOLS",
        "modelo": "CDL006",
        "numero_serie": "MT-CD-002",
        "ubicacion": "MECHANITEC S.A.S.",
        "responsable": "Técnico Responsable",
        "estado": "Inactivo",
        "fecha_adquisicion": "2025-06-09",
        "fecha_registro": "2025-09-30T21:38:46.370Z",
        "rango_medida": "0 -150 mm",
        "resolucion": "",
        "error_maximo_permisible": "",
        "observaciones": "",
        "archivo_compra_pdf": "",
        "ficha_tecnica_pdf": "",
        "manual_pdf": "",
        "otros_documentos_pdf": "",
        "imagen_equipo": "",
        "version_formato": "",
        "fecha_version_formato": null,
        "codificacion_formato": "",
        "fecha_ultima_calibracion": null,
        "proxima_calibracion": null,
        "frecuencia_calibracion_meses": null,
        "fecha_ultimo_mantenimiento": null,
        "proximo_mantenimiento": null,
        "frecuencia_mantenimiento_meses": null,
        "fecha_ultima_comprobacion": null,
        "proxima_comprobacion": null,
        "frecuencia_comprobacion_meses": null
      }
    },
    {
      "model": "core.equipo",
      "pk": 2766,
      "fields": {
        "codigo_interno": "MT-GL-001",
        "nombre": "Galgas",
        "empresa": 111,
        "tipo_equipo": "Equipo Auxiliar",
        "marca": "LATIN AMERICAN",
        "modelo": "259 21 0.05",
        "numero_serie": "2303001",
        "ubicacion": "MECHANITEC S.A.S.",
        "responsable": "Técnico Responsable",
        "estado": "Activo",
        "fecha_adquisicion": "2019-10-18",
        "fecha_registro": "2025-09-30T21:38:46.383Z",
        "rango_medida": "(12,7) a (50,8) mm",
        "resolucion": null,
        "error_maximo_permisible": null,
        "observaciones": "",
        "archivo_compra_pdf": "",
        "ficha_tecnica_pdf": "",
        "manual_pdf": "",
        "otros_documentos_pdf": "",
        "imagen_equipo": "",
        "version_formato": null,
        "fecha_version_formato": null,
        "codificacion_formato": null,
        "fecha_ultima_calibracion": null,
        "proxima_calibracion": "2020-02-18",
        "frecuencia_calibracion_meses": "4.00",
        "fecha_ultimo_mantenimiento": null,
        "proximo_mantenimiento": "2020-02-18",
        "frecuencia_mantenimiento_meses": "4.00",
        "fecha_ultima_comprobacion": null,
        "proxima_comprobacion": "2020-02-18",
        "frecuencia_comprobacion_meses": "4.00"
      }
    },
    {
      "model": "core.equipo",
      "pk": 2767,
      "fields": {
        "codigo_interno": "MT-GL-002",
        "nombre": "Galgas",
        "empresa": 111,
        "tipo_equipo": "Equipo Auxiliar",
        "marca": "LATIN AMERICAN",
        "modelo": "259 21 0.05",
        "numero_serie": "2303002",
        "ubicacion": "MECHANITEC S.A.S.",
        "responsable": "Técnico Responsable",
        "estado": "Activo",
        "fecha_adquisicion": "2019-10-18",
        "fecha_registro": "2025-09-30T21:38:46.398Z",
        "rango_medida": "(12,7) a (50,8) mm",
        "resolucion": "",
        "error_maximo_permisible": "",
        "observaciones": "",
        "archivo_compra_pdf": "",
        "ficha_tecnica_pdf": "",
        "manual_pdf": "",
        "otros_documentos_pdf": "",
        "imagen_equipo": "",
        "version_formato": "",
        "fecha_version_formato": null,
        "codificacion_formato": "",
        "fecha_ultima_calibracion": null,
        "proxima_calibracion": null,
        "frecuencia_calibracion_meses": null,
        "fecha_ultimo_mantenimiento": null,
        "proximo_mantenimiento": null,
        "frecuencia_mantenimiento_meses": null,
        "fecha_ultima_comprobacion": null,
        "proxima_comprobacion": null,
        "frecuencia_comprobacion_meses": null
      }
    },
    {
      "model": "core.equipo",
      "pk": 2770,
      "fields": {
        "codigo_interno": "MT-JM-001",
        "nombre": "Joke",
        "empresa": 111,
        "tipo_equipo": "Equipo Auxiliar",
        "marca": "PARKER",
        "modelo": "DA-400",
        "numero_serie": "11548",
        "ubicacion": "MECHANITEC S.A.S.",
        "responsable": "Técnico Responsable",
        "estado": "Activo",
        "fecha_adquisicion": "2019-10-18",
        "fecha_registro": "2025-09-30T21:38:46.451Z",
        "rango_medida": "2025-09-30 21:38:46",
        "resolucion": "",
        "error_maximo_permisible": "",
        "observaciones": "",
        "archivo_compra_pdf": "",
        "ficha_tecnica_pdf": "",
        "manual_pdf": "",
        "otros_documentos_pdf": "",
        "imagen_equipo": "",
        "version_formato": "",
        "fecha_version_formato": null,
        "codificacion_formato": "",
        "fecha_ultima_calibracion": null,
        "proxima_calibracion": null,
        "frecuencia_calibracion_meses": null,
        "fecha_ultimo_mantenimiento": null,
        "proximo_mantenimiento": null,
        "frecuencia_mantenimiento_meses": null,
        "fecha_ultima_comprobacion": null,
        "proxima_comprobacion": null,
        "frecuencia_comprobacion_meses": null
      }
    },
    {
      "model": "core.equipo",
      "pk": 2769,
      "fields": {
        "codigo_interno": "MT-TC-001",
        "nombre": "Tacometro",
        "empresa": 111,
        "tipo_equipo": "Equipo Auxiliar",
        "marca": "UNI-T",
        "modelo": "UT373",
        "numero_serie": "110401106699X",
        "ubicacion": "MECHANITEC S.A.S.",
        "responsable": "Técnico Responsable",
        "estado": "Activo",
        "fecha_adquisicion": "2019-10-18",
        "fecha_registro": "2025-09-30T21:38:46.433Z",
        "rango_medida": "2025-09-30 21:38:46",
        "resolucion": "",
        "error_maximo_permisible": "",
        "observaciones": "",
        "archivo_compra_pdf": "",
        "ficha_tecnica_pdf": "",
        "manual_pdf": "",
        "otros_documentos_pdf": "",
        "imagen_equipo": "",
        "version_formato": "",
        "fecha_version_formato": null,
        "codificacion_formato": "",
        "fecha_ultima_calibracion": null,
        "proxima_calibracion": null,
        "frecuencia_calibracion_meses": null,
        "fecha_ultimo_mantenimiento": null,
        "proximo_mantenimiento": null,
        "frecuencia_mantenimiento_meses": null,
        "fecha_ultima_comprobacion": null,
        "proxima_comprobacion": null,
        "frecuencia_comprobacion_meses": null
      }
    },
    {
      "model": "core.equipo",
      "pk": 2768,
      "fields": {
        "codigo_interno": "MT-UV-002",
        "nombre": "Linterna uv",
        "empresa": 111,
        "tipo_equipo": "Equipo Auxiliar",
        "marca": "UV BEAST TM",
        "modelo": "V3 365 nm",
        "numero_serie": "MT-UV-002",
        "ubicacion": "MECHANITEC S.A.S.",
        "responsable": "Técnico Responsable",
        "estado": "Inactivo",
        "fecha_adquisicion": "2019-10-18",
        "fecha_registro": "2025-09-30T21:38:46.417Z",
        "rango_medida": "2025-09-30 21:38:46",
        "resolucion": "",
        "error_maximo_permisible": "",
        "observaciones": "",
        "archivo_compra_pdf": "",
        "ficha_tecnica_pdf": "",
        "manual_pdf": "",
        "otros_documentos_pdf": "",
        "imagen_equipo": "",
        "version_formato": "",
        "fecha_version_formato": null,
        "codificacion_formato": "",
        "fecha_ultima_calibracion": null,
        "proxima_calibracion": null,
        "frecuencia_calibracion_meses": null,
        "fecha_ultimo_mantenimiento": null,
        "proximo_mantenimiento": null,
        "frecuencia_mantenimiento_meses": null,
        "fecha_ultima_comprobacion": null,
        "proxima_comprobacion": null,
        "frecuencia_comprobacion_meses": null
      }
    }
  ],
  "calibraciones": [
    {
      "model": "core.calibracion",
      "pk": 702,
      "fields": {
        "equipo": 2647,
        "fecha_calibracion": "2023-10-07",
        "proveedor": null,
        "nombre_proveedor": "PRUEBA",
        "resultado": "Aprobado",
        "numero_certificado": "PRUEBA",
        "documento_calibracion": "",
        "confirmacion_metrologica_pdf": "",
        "intervalos_calibracion_pdf": "",
        "observaciones": "",
        "fecha_registro": "2025-10-01T02:25:50.666Z",
        "costo_calibracion": null,
        "tiempo_empleado_horas": null,
        "tecnico_asignado_sam": null
      }
    },
    {
      "model": "core.calibracion",
      "pk": 703,
      "fields": {
        "equipo": 2771,
        "fecha_calibracion": "2023-07-10",
        "proveedor": 115,
        "nombre_proveedor": "10 Jul 2023",
        "resultado": "Aprobado",
        "numero_certificado": "10 Jul 2023",
        "documento_calibracion": "",
        "confirmacion_metrologica_pdf": "",
        "intervalos_calibracion_pdf": "",
        "observaciones": "",
        "fecha_registro": "2025-10-01T02:39:33.211Z",
        "costo_calibracion": null,
        "tiempo_empleado_horas": null,
        "tecnico_asignado_sam": null
      }
    }
  ],
  "mantenimientos": [
    {
      "model": "core.mantenimiento",
      "pk": 525,
      "fields": {
        "equipo": 2647,
        "fecha_mantenimiento": "2025-06-12",
        "tipo_mantenimiento": "Preventivo",
        "proveedor": null,
        "nombre_proveedor": null,
        "responsable": "sdsd",
        "costo": "0.00",
        "descripcion": "sdsdsd",
        "documento_mantenimiento": "",
        "observaciones": "",
        "fecha_registro": "2025-09-30T21:45:10.532Z",
        "tiempo_empleado_horas": null,
        "tecnico_asignado_sam": null,
        "costo_sam_interno": null
      }
    }
  ],
  "comprobaciones": []
}