{
  "metadata": {
    "empresa_id": 22,
    "empresa_nombre": "Sistemas Medición Industrial",
    "backup_date": "2025-09-23T14:50:39.649570+00:00",
    "version": "1.0"
  },
  "empresa": {
    "model": "core.empresa",
    "pk": 22,
    "fields": {
      "nombre": "Sistemas Medición Industrial",
      "nit": "900876543-0",
      "direccion": "Zona Industrial Km 5, Barranquilla",
      "telefono": "+57-5-4567123",
      "email": "ventas@simedind.com.co",
      "logo_empresa": "",
      "fecha_registro": "2025-09-21T01:03:26.672Z",
      "formato_version_empresa": null,
      "formato_fecha_version_empresa": null,
      "formato_codificacion_empresa": null,
      "es_periodo_prueba": true,
      "duracion_prueba_dias": 15,
      "fecha_inicio_plan": "2025-09-21",
      "limite_equipos_empresa": 50,
      "duracion_suscripcion_meses": null,
      "limite_almacenamiento_mb": 2048,
      "acceso_manual_activo": false,
      "estado_suscripcion": "Activo"
    }
  },
  "usuarios": [
    {
      "model": "core.customuser",
      "pk": 20,
      "fields": {
        "password": "pbkdf2_sha256$1000000$COCAoETKgY4uQ3e4YdkYII$8hyJ5rtok2GWgkGK45PGStHcBVvTwkqx2oTp9nenyZA=",
        "last_login": null,
        "is_superuser": false,
        "username": "usuario5",
        "first_name": "Usuario5",
        "last_name": "Prueba",
        "email": "usuario5@sistemasmediciónindustrial.com",
        "is_staff": false,
        "is_active": true,
        "date_joined": "2025-09-21T01:03:28.509Z",
        "empresa": 22,
        "groups": [],
        "user_permissions": []
      }
    }
  ],
  "equipos": [
    {
      "model": "core.equipo",
      "pk": 180,
      "fields": {
        "codigo_interno": "SIS-001",
        "nombre": "Manómetro digital Mettler Toledo 1",
        "empresa": 22,
        "tipo_equipo": "Manómetro digital",
        "marca": "Mettler Toledo",
        "modelo": "M-1956",
        "numero_serie": "SN975672",
        "ubicacion": "Planta Principal",
        "responsable": "Técnico Luis",
        "estado": "Activo",
        "fecha_adquisicion": "2021-11-28",
        "fecha_registro": "2025-09-21T01:03:38.604Z",
        "rango_medida": "0-546 unidades",
        "resolucion": "0.1 unidades",
        "error_maximo_permisible": "0.6843268765925768",
        "observaciones": "Equipo generado para pruebas de calidad",
        "archivo_compra_pdf": "",
        "ficha_tecnica_pdf": "",
        "manual_pdf": "",
        "otros_documentos_pdf": "",
        "imagen_equipo": "",
        "version_formato": null,
        "fecha_version_formato": null,
        "codificacion_formato": null,
        "fecha_ultima_calibracion": "2025-10-09",
        "proxima_calibracion": "2027-10-09",
        "frecuencia_calibracion_meses": "24.00",
        "fecha_ultimo_mantenimiento": "2025-10-04",
        "proximo_mantenimiento": "2026-10-04",
        "frecuencia_mantenimiento_meses": "12.00",
        "fecha_ultima_comprobacion": null,
        "proxima_comprobacion": "2021-12-28",
        "frecuencia_comprobacion_meses": "1.00"
      }
    },
    {
      "model": "core.equipo",
      "pk": 181,
      "fields": {
        "codigo_interno": "SIS-002",
        "nombre": "Espectrofotómetro Hanna Instruments 2",
        "empresa": 22,
        "tipo_equipo": "Espectrofotómetro",
        "marca": "Hanna Instruments",
        "modelo": "M-1053",
        "numero_serie": "SN525905",
        "ubicacion": "Laboratorio B",
        "responsable": "Técnico María",
        "estado": "Activo",
        "fecha_adquisicion": "2021-05-12",
        "fecha_registro": "2025-09-21T01:03:38.691Z",
        "rango_medida": "0-484 unidades",
        "resolucion": "0.4 unidades",
        "error_maximo_permisible": "0.9259544953553316",
        "observaciones": "Equipo generado para pruebas de calidad",
        "archivo_compra_pdf": "",
        "ficha_tecnica_pdf": "",
        "manual_pdf": "",
        "otros_documentos_pdf": "",
        "imagen_equipo": "",
        "version_formato": null,
        "fecha_version_formato": null,
        "codificacion_formato": null,
        "fecha_ultima_calibracion": "2025-09-20",
        "proxima_calibracion": "2026-09-20",
        "frecuencia_calibracion_meses": "12.00",
        "fecha_ultimo_mantenimiento": "2025-10-09",
        "proximo_mantenimiento": "2026-01-09",
        "frecuencia_mantenimiento_meses": "3.00",
        "fecha_ultima_comprobacion": "2025-10-16",
        "proxima_comprobacion": "2026-04-16",
        "frecuencia_comprobacion_meses": "6.00"
      }
    },
    {
      "model": "core.equipo",
      "pk": 182,
      "fields": {
        "codigo_interno": "SIS-003",
        "nombre": "Microscopio Sartorius 3",
        "empresa": 22,
        "tipo_equipo": "Microscopio",
        "marca": "Sartorius",
        "modelo": "M-5685",
        "numero_serie": "SN507363",
        "ubicacion": "Laboratorio B",
        "responsable": "Técnico Juan",
        "estado": "De Baja",
        "fecha_adquisicion": "2023-08-02",
        "fecha_registro": "2025-09-21T01:03:38.815Z",
        "rango_medida": "0-872 unidades",
        "resolucion": "0.2 unidades",
        "error_maximo_permisible": "1.6537085166605303",
        "observaciones": "Equipo generado para pruebas de calidad",
        "archivo_compra_pdf": "",
        "ficha_tecnica_pdf": "",
        "manual_pdf": "",
        "otros_documentos_pdf": "",
        "imagen_equipo": "",
        "version_formato": null,
        "fecha_version_formato": null,
        "codificacion_formato": null,
        "fecha_ultima_calibracion": "2025-09-22",
        "proxima_calibracion": null,
        "frecuencia_calibracion_meses": "24.00",
        "fecha_ultimo_mantenimiento": "2025-10-10",
        "proximo_mantenimiento": null,
        "frecuencia_mantenimiento_meses": "12.00",
        "fecha_ultima_comprobacion": null,
        "proxima_comprobacion": null,
        "frecuencia_comprobacion_meses": "3.00"
      }
    },
    {
      "model": "core.equipo",
      "pk": 183,
      "fields": {
        "codigo_interno": "SIS-004",
        "nombre": "pH-metro Keysight 4",
        "empresa": 22,
        "tipo_equipo": "pH-metro",
        "marca": "Keysight",
        "modelo": "M-7624",
        "numero_serie": "SN593185",
        "ubicacion": "Planta Principal",
        "responsable": "Técnico Juan",
        "estado": "Activo",
        "fecha_adquisicion": "2021-10-16",
        "fecha_registro": "2025-09-21T01:03:38.890Z",
        "rango_medida": "0-928 unidades",
        "resolucion": "0.3 unidades",
        "error_maximo_permisible": "0.25545876259453537",
        "observaciones": "Equipo generado para pruebas de calidad",
        "archivo_compra_pdf": "",
        "ficha_tecnica_pdf": "",
        "manual_pdf": "",
        "otros_documentos_pdf": "",
        "imagen_equipo": "",
        "version_formato": null,
        "fecha_version_formato": null,
        "codificacion_formato": null,
        "fecha_ultima_calibracion": "2025-10-01",
        "proxima_calibracion": "2026-10-01",
        "frecuencia_calibracion_meses": "12.00",
        "fecha_ultimo_mantenimiento": null,
        "proximo_mantenimiento": "2022-04-16",
        "frecuencia_mantenimiento_meses": "6.00",
        "fecha_ultima_comprobacion": "2025-09-29",
        "proxima_comprobacion": "2025-10-29",
        "frecuencia_comprobacion_meses": "1.00"
      }
    },
    {
      "model": "core.equipo",
      "pk": 184,
      "fields": {
        "codigo_interno": "SIS-005",
        "nombre": "Balanza analítica Mettler Toledo 5",
        "empresa": 22,
        "tipo_equipo": "Balanza analítica",
        "marca": "Mettler Toledo",
        "modelo": "M-4453",
        "numero_serie": "SN839436",
        "ubicacion": "Laboratorio B",
        "responsable": "Técnico María",
        "estado": "Activo",
        "fecha_adquisicion": "2025-08-07",
        "fecha_registro": "2025-09-21T01:03:38.976Z",
        "rango_medida": "0-640 unidades",
        "resolucion": "0.1 unidades",
        "error_maximo_permisible": "0.2724669438957634",
        "observaciones": "Equipo generado para pruebas de calidad",
        "archivo_compra_pdf": "",
        "ficha_tecnica_pdf": "",
        "manual_pdf": "",
        "otros_documentos_pdf": "",
        "imagen_equipo": "",
        "version_formato": null,
        "fecha_version_formato": null,
        "codificacion_formato": null,
        "fecha_ultima_calibracion": null,
        "proxima_calibracion": "2027-08-07",
        "frecuencia_calibracion_meses": "24.00",
        "fecha_ultimo_mantenimiento": null,
        "proximo_mantenimiento": "2026-02-07",
        "frecuencia_mantenimiento_meses": "6.00",
        "fecha_ultima_comprobacion": "2025-10-18",
        "proxima_comprobacion": "2025-11-18",
        "frecuencia_comprobacion_meses": "1.00"
      }
    },
    {
      "model": "core.equipo",
      "pk": 185,
      "fields": {
        "codigo_interno": "SIS-006",
        "nombre": "pH-metro Testo 6",
        "empresa": 22,
        "tipo_equipo": "pH-metro",
        "marca": "Testo",
        "modelo": "M-9235",
        "numero_serie": "SN594758",
        "ubicacion": "Planta Principal",
        "responsable": "Técnico Carlos",
        "estado": "Activo",
        "fecha_adquisicion": "2025-02-14",
        "fecha_registro": "2025-09-21T01:03:39.035Z",
        "rango_medida": "0-260 unidades",
        "resolucion": "0.1 unidades",
        "error_maximo_permisible": "1.444501136715866",
        "observaciones": "Equipo generado para pruebas de calidad",
        "archivo_compra_pdf": "",
        "ficha_tecnica_pdf": "",
        "manual_pdf": "",
        "otros_documentos_pdf": "",
        "imagen_equipo": "",
        "version_formato": null,
        "fecha_version_formato": null,
        "codificacion_formato": null,
        "fecha_ultima_calibracion": "2025-09-25",
        "proxima_calibracion": "2027-09-25",
        "frecuencia_calibracion_meses": "24.00",
        "fecha_ultimo_mantenimiento": "2025-10-05",
        "proximo_mantenimiento": "2026-01-05",
        "frecuencia_mantenimiento_meses": "3.00",
        "fecha_ultima_comprobacion": "2025-10-01",
        "proxima_comprobacion": "2026-04-01",
        "frecuencia_comprobacion_meses": "6.00"
      }
    },
    {
      "model": "core.equipo",
      "pk": 186,
      "fields": {
        "codigo_interno": "SIS-007",
        "nombre": "Multímetro digital Fluke 7",
        "empresa": 22,
        "tipo_equipo": "Multímetro digital",
        "marca": "Fluke",
        "modelo": "M-5116",
        "numero_serie": "SN836753",
        "ubicacion": "Laboratorio A",
        "responsable": "Técnico Ana",
        "estado": "Activo",
        "fecha_adquisicion": "2020-10-16",
        "fecha_registro": "2025-09-21T01:03:39.162Z",
        "rango_medida": "0-381 unidades",
        "resolucion": "0.5 unidades",
        "error_maximo_permisible": "1.098676577913951",
        "observaciones": "Equipo generado para pruebas de calidad",
        "archivo_compra_pdf": "",
        "ficha_tecnica_pdf": "",
        "manual_pdf": "",
        "otros_documentos_pdf": "",
        "imagen_equipo": "",
        "version_formato": null,
        "fecha_version_formato": null,
        "codificacion_formato": null,
        "fecha_ultima_calibracion": "2025-09-24",
        "proxima_calibracion": "2027-09-24",
        "frecuencia_calibracion_meses": "24.00",
        "fecha_ultimo_mantenimiento": null,
        "proximo_mantenimiento": "2021-04-16",
        "frecuencia_mantenimiento_meses": "6.00",
        "fecha_ultima_comprobacion": null,
        "proxima_comprobacion": "2021-04-16",
        "frecuencia_comprobacion_meses": "6.00"
      }
    },
    {
      "model": "core.equipo",
      "pk": 187,
      "fields": {
        "codigo_interno": "SIS-008",
        "nombre": "Espectrofotómetro Sartorius 8",
        "empresa": 22,
        "tipo_equipo": "Espectrofotómetro",
        "marca": "Sartorius",
        "modelo": "M-2845",
        "numero_serie": "SN306751",
        "ubicacion": "Laboratorio B",
        "responsable": "Técnico Luis",
        "estado": "Activo",
        "fecha_adquisicion": "2021-08-14",
        "fecha_registro": "2025-09-21T01:03:39.208Z",
        "rango_medida": "0-752 unidades",
        "resolucion": "0.2 unidades",
        "error_maximo_permisible": "1.2690186449922736",
        "observaciones": "Equipo generado para pruebas de calidad",
        "archivo_compra_pdf": "",
        "ficha_tecnica_pdf": "",
        "manual_pdf": "",
        "otros_documentos_pdf": "",
        "imagen_equipo": "",
        "version_formato": null,
        "fecha_version_formato": null,
        "codificacion_formato": null,
        "fecha_ultima_calibracion": "2025-10-12",
        "proxima_calibracion": "2026-04-12",
        "frecuencia_calibracion_meses": "6.00",
        "fecha_ultimo_mantenimiento": null,
        "proximo_mantenimiento": "2021-11-14",
        "frecuencia_mantenimiento_meses": "3.00",
        "fecha_ultima_comprobacion": null,
        "proxima_comprobacion": "2021-11-14",
        "frecuencia_comprobacion_meses": "3.00"
      }
    },
    {
      "model": "core.equipo",
      "pk": 188,
      "fields": {
        "codigo_interno": "SIS-009",
        "nombre": "Multímetro digital Keysight 9",
        "empresa": 22,
        "tipo_equipo": "Multímetro digital",
        "marca": "Keysight",
        "modelo": "M-9274",
        "numero_serie": "SN263761",
        "ubicacion": "Planta Principal",
        "responsable": "Técnico Juan",
        "estado": "Inactivo",
        "fecha_adquisicion": "2021-07-21",
        "fecha_registro": "2025-09-21T01:03:39.247Z",
        "rango_medida": "0-846 unidades",
        "resolucion": "0.4 unidades",
        "error_maximo_permisible": "0.6901777803001072",
        "observaciones": "Equipo generado para pruebas de calidad",
        "archivo_compra_pdf": "",
        "ficha_tecnica_pdf": "",
        "manual_pdf": "",
        "otros_documentos_pdf": "",
        "imagen_equipo": "",
        "version_formato": null,
        "fecha_version_formato": null,
        "codificacion_formato": null,
        "fecha_ultima_calibracion": "2025-10-15",
        "proxima_calibracion": null,
        "frecuencia_calibracion_meses": "6.00",
        "fecha_ultimo_mantenimiento": null,
        "proximo_mantenimiento": null,
        "frecuencia_mantenimiento_meses": "3.00",
        "fecha_ultima_comprobacion": null,
        "proxima_comprobacion": null,
        "frecuencia_comprobacion_meses": "3.00"
      }
    },
    {
      "model": "core.equipo",
      "pk": 189,
      "fields": {
        "codigo_interno": "SIS-010",
        "nombre": "Manómetro digital Yokogawa 10",
        "empresa": 22,
        "tipo_equipo": "Manómetro digital",
        "marca": "Yokogawa",
        "modelo": "M-3290",
        "numero_serie": "SN397937",
        "ubicacion": "Oficina Técnica",
        "responsable": "Técnico Ana",
        "estado": "Activo",
        "fecha_adquisicion": "2024-11-24",
        "fecha_registro": "2025-09-21T01:03:39.284Z",
        "rango_medida": "0-157 unidades",
        "resolucion": "0.3 unidades",
        "error_maximo_permisible": "1.6780693547217231",
        "observaciones": "Equipo generado para pruebas de calidad",
        "archivo_compra_pdf": "",
        "ficha_tecnica_pdf": "",
        "manual_pdf": "",
        "otros_documentos_pdf": "",
        "imagen_equipo": "",
        "version_formato": null,
        "fecha_version_formato": null,
        "codificacion_formato": null,
        "fecha_ultima_calibracion": null,
        "proxima_calibracion": "2025-11-24",
        "frecuencia_calibracion_meses": "12.00",
        "fecha_ultimo_mantenimiento": null,
        "proximo_mantenimiento": "2025-02-24",
        "frecuencia_mantenimiento_meses": "3.00",
        "fecha_ultima_comprobacion": "2025-10-06",
        "proxima_comprobacion": "2026-04-06",
        "frecuencia_comprobacion_meses": "6.00"
      }
    },
    {
      "model": "core.equipo",
      "pk": 190,
      "fields": {
        "codigo_interno": "SIS-011",
        "nombre": "Manómetro digital Testo 11",
        "empresa": 22,
        "tipo_equipo": "Manómetro digital",
        "marca": "Testo",
        "modelo": "M-1331",
        "numero_serie": "SN462703",
        "ubicacion": "Laboratorio B",
        "responsable": "Técnico María",
        "estado": "Inactivo",
        "fecha_adquisicion": "2023-04-15",
        "fecha_registro": "2025-09-21T01:03:39.324Z",
        "rango_medida": "0-549 unidades",
        "resolucion": "0.4 unidades",
        "error_maximo_permisible": "1.681065890066246",
        "observaciones": "Equipo generado para pruebas de calidad",
        "archivo_compra_pdf": "",
        "ficha_tecnica_pdf": "",
        "manual_pdf": "",
        "otros_documentos_pdf": "",
        "imagen_equipo": "",
        "version_formato": null,
        "fecha_version_formato": null,
        "codificacion_formato": null,
        "fecha_ultima_calibracion": "2025-09-30",
        "proxima_calibracion": null,
        "frecuencia_calibracion_meses": "6.00",
        "fecha_ultimo_mantenimiento": null,
        "proximo_mantenimiento": null,
        "frecuencia_mantenimiento_meses": "12.00",
        "fecha_ultima_comprobacion": "2025-10-14",
        "proxima_comprobacion": null,
        "frecuencia_comprobacion_meses": "6.00"
      }
    },
    {
      "model": "core.equipo",
      "pk": 191,
      "fields": {
        "codigo_interno": "SIS-012",
        "nombre": "Multímetro digital Yokogawa 12",
        "empresa": 22,
        "tipo_equipo": "Multímetro digital",
        "marca": "Yokogawa",
        "modelo": "M-9721",
        "numero_serie": "SN244628",
        "ubicacion": "Laboratorio B",
        "responsable": "Técnico Ana",
        "estado": "Activo",
        "fecha_adquisicion": "2022-02-14",
        "fecha_registro": "2025-09-21T01:03:39.389Z",
        "rango_medida": "0-807 unidades",
        "resolucion": "0.2 unidades",
        "error_maximo_permisible": "0.20726312463420674",
        "observaciones": "Equipo generado para pruebas de calidad",
        "archivo_compra_pdf": "",
        "ficha_tecnica_pdf": "",
        "manual_pdf": "",
        "otros_documentos_pdf": "",
        "imagen_equipo": "",
        "version_formato": null,
        "fecha_version_formato": null,
        "codificacion_formato": null,
        "fecha_ultima_calibracion": "2025-10-05",
        "proxima_calibracion": "2027-10-05",
        "frecuencia_calibracion_meses": "24.00",
        "fecha_ultimo_mantenimiento": "2025-09-27",
        "proximo_mantenimiento": "2025-12-27",
        "frecuencia_mantenimiento_meses": "3.00",
        "fecha_ultima_comprobacion": null,
        "proxima_comprobacion": "2022-05-14",
        "frecuencia_comprobacion_meses": "3.00"
      }
    },
    {
      "model": "core.equipo",
      "pk": 192,
      "fields": {
        "codigo_interno": "SIS-013",
        "nombre": "Microscopio Testo 13",
        "empresa": 22,
        "tipo_equipo": "Microscopio",
        "marca": "Testo",
        "modelo": "M-5053",
        "numero_serie": "SN324257",
        "ubicacion": "Laboratorio B",
        "responsable": "Técnico María",
        "estado": "De Baja",
        "fecha_adquisicion": "2023-06-06",
        "fecha_registro": "2025-09-21T01:03:39.480Z",
        "rango_medida": "0-959 unidades",
        "resolucion": "0.5 unidades",
        "error_maximo_permisible": "0.36722448166945443",
        "observaciones": "Equipo generado para pruebas de calidad",
        "archivo_compra_pdf": "",
        "ficha_tecnica_pdf": "",
        "manual_pdf": "",
        "otros_documentos_pdf": "",
        "imagen_equipo": "",
        "version_formato": null,
        "fecha_version_formato": null,
        "codificacion_formato": null,
        "fecha_ultima_calibracion": null,
        "proxima_calibracion": null,
        "frecuencia_calibracion_meses": "6.00",
        "fecha_ultimo_mantenimiento": null,
        "proximo_mantenimiento": null,
        "frecuencia_mantenimiento_meses": "12.00",
        "fecha_ultima_comprobacion": "2025-10-10",
        "proxima_comprobacion": null,
        "frecuencia_comprobacion_meses": "6.00"
      }
    },
    {
      "model": "core.equipo",
      "pk": 193,
      "fields": {
        "codigo_interno": "SIS-014",
        "nombre": "Espectrofotómetro Mettler Toledo 14",
        "empresa": 22,
        "tipo_equipo": "Espectrofotómetro",
        "marca": "Mettler Toledo",
        "modelo": "M-7266",
        "numero_serie": "SN782815",
        "ubicacion": "Laboratorio B",
        "responsable": "Técnico Juan",
        "estado": "Activo",
        "fecha_adquisicion": "2022-06-18",
        "fecha_registro": "2025-09-21T01:03:39.523Z",
        "rango_medida": "0-514 unidades",
        "resolucion": "0.2 unidades",
        "error_maximo_permisible": "0.2117013809467303",
        "observaciones": "Equipo generado para pruebas de calidad",
        "archivo_compra_pdf": "",
        "ficha_tecnica_pdf": "",
        "manual_pdf": "",
        "otros_documentos_pdf": "",
        "imagen_equipo": "",
        "version_formato": null,
        "fecha_version_formato": null,
        "codificacion_formato": null,
        "fecha_ultima_calibracion": null,
        "proxima_calibracion": "2024-06-18",
        "frecuencia_calibracion_meses": "24.00",
        "fecha_ultimo_mantenimiento": null,
        "proximo_mantenimiento": "2022-12-18",
        "frecuencia_mantenimiento_meses": "6.00",
        "fecha_ultima_comprobacion": null,
        "proxima_comprobacion": "2022-12-18",
        "frecuencia_comprobacion_meses": "6.00"
      }
    },
    {
      "model": "core.equipo",
      "pk": 194,
      "fields": {
        "codigo_interno": "SIS-015",
        "nombre": "Cronómetro Testo 15",
        "empresa": 22,
        "tipo_equipo": "Cronómetro",
        "marca": "Testo",
        "modelo": "M-5167",
        "numero_serie": "SN746320",
        "ubicacion": "Oficina Técnica",
        "responsable": "Técnico Ana",
        "estado": "Activo",
        "fecha_adquisicion": "2021-02-16",
        "fecha_registro": "2025-09-21T01:03:39.534Z",
        "rango_medida": "0-270 unidades",
        "resolucion": "0.5 unidades",
        "error_maximo_permisible": "0.934301895659199",
        "observaciones": "Equipo generado para pruebas de calidad",
        "archivo_compra_pdf": "",
        "ficha_tecnica_pdf": "",
        "manual_pdf": "",
        "otros_documentos_pdf": "",
        "imagen_equipo": "",
        "version_formato": null,
        "fecha_version_formato": null,
        "codificacion_formato": null,
        "fecha_ultima_calibracion": "2025-10-16",
        "proxima_calibracion": "2026-10-16",
        "frecuencia_calibracion_meses": "12.00",
        "fecha_ultimo_mantenimiento": "2025-09-24",
        "proximo_mantenimiento": "2026-03-24",
        "frecuencia_mantenimiento_meses": "6.00",
        "fecha_ultima_comprobacion": null,
        "proxima_comprobacion": "2021-08-16",
        "frecuencia_comprobacion_meses": "6.00"
      }
    },
    {
      "model": "core.equipo",
      "pk": 195,
      "fields": {
        "codigo_interno": "SIS-016",
        "nombre": "Termómetro infrarrojo Fluke 16",
        "empresa": 22,
        "tipo_equipo": "Termómetro infrarrojo",
        "marca": "Fluke",
        "modelo": "M-1384",
        "numero_serie": "SN789741",
        "ubicacion": "Oficina Técnica",
        "responsable": "Técnico Luis",
        "estado": "Activo",
        "fecha_adquisicion": "2024-03-09",
        "fecha_registro": "2025-09-21T01:03:39.619Z",
        "rango_medida": "0-254 unidades",
        "resolucion": "0.3 unidades",
        "error_maximo_permisible": "1.3656905227585863",
        "observaciones": "Equipo generado para pruebas de calidad",
        "archivo_compra_pdf": "",
        "ficha_tecnica_pdf": "",
        "manual_pdf": "",
        "otros_documentos_pdf": "",
        "imagen_equipo": "",
        "version_formato": null,
        "fecha_version_formato": null,
        "codificacion_formato": null,
        "fecha_ultima_calibracion": null,
        "proxima_calibracion": "2025-03-09",
        "frecuencia_calibracion_meses": "12.00",
        "fecha_ultimo_mantenimiento": null,
        "proximo_mantenimiento": "2024-06-09",
        "frecuencia_mantenimiento_meses": "3.00",
        "fecha_ultima_comprobacion": "2025-09-25",
        "proxima_comprobacion": "2025-12-25",
        "frecuencia_comprobacion_meses": "3.00"
      }
    },
    {
      "model": "core.equipo",
      "pk": 196,
      "fields": {
        "codigo_interno": "SIS-017",
        "nombre": "Espectrofotómetro Sartorius 17",
        "empresa": 22,
        "tipo_equipo": "Espectrofotómetro",
        "marca": "Sartorius",
        "modelo": "M-1067",
        "numero_serie": "SN592117",
        "ubicacion": "Planta Principal",
        "responsable": "Técnico María",
        "estado": "Activo",
        "fecha_adquisicion": "2025-02-26",
        "fecha_registro": "2025-09-21T01:03:39.663Z",
        "rango_medida": "0-607 unidades",
        "resolucion": "0.4 unidades",
        "error_maximo_permisible": "1.9793515854986503",
        "observaciones": "Equipo generado para pruebas de calidad",
        "archivo_compra_pdf": "",
        "ficha_tecnica_pdf": "",
        "manual_pdf": "",
        "otros_documentos_pdf": "",
        "imagen_equipo": "",
        "version_formato": null,
        "fecha_version_formato": null,
        "codificacion_formato": null,
        "fecha_ultima_calibracion": "2025-09-21",
        "proxima_calibracion": "2027-09-21",
        "frecuencia_calibracion_meses": "24.00",
        "fecha_ultimo_mantenimiento": "2025-10-16",
        "proximo_mantenimiento": "2026-01-16",
        "frecuencia_mantenimiento_meses": "3.00",
        "fecha_ultima_comprobacion": null,
        "proxima_comprobacion": "2025-08-26",
        "frecuencia_comprobacion_meses": "6.00"
      }
    },
    {
      "model": "core.equipo",
      "pk": 197,
      "fields": {
        "codigo_interno": "SIS-018",
        "nombre": "Multímetro digital Druck 18",
        "empresa": 22,
        "tipo_equipo": "Multímetro digital",
        "marca": "Druck",
        "modelo": "M-7108",
        "numero_serie": "SN911573",
        "ubicacion": "Laboratorio B",
        "responsable": "Técnico Juan",
        "estado": "Activo",
        "fecha_adquisicion": "2022-04-23",
        "fecha_registro": "2025-09-21T01:03:39.751Z",
        "rango_medida": "0-822 unidades",
        "resolucion": "0.4 unidades",
        "error_maximo_permisible": "0.9039899023805708",
        "observaciones": "Equipo generado para pruebas de calidad",
        "archivo_compra_pdf": "",
        "ficha_tecnica_pdf": "",
        "manual_pdf": "",
        "otros_documentos_pdf": "",
        "imagen_equipo": "",
        "version_formato": null,
        "fecha_version_formato": null,
        "codificacion_formato": null,
        "fecha_ultima_calibracion": null,
        "proxima_calibracion": "2024-04-23",
        "frecuencia_calibracion_meses": "24.00",
        "fecha_ultimo_mantenimiento": null,
        "proximo_mantenimiento": "2022-07-23",
        "frecuencia_mantenimiento_meses": "3.00",
        "fecha_ultima_comprobacion": "2025-10-17",
        "proxima_comprobacion": "2025-11-17",
        "frecuencia_comprobacion_meses": "1.00"
      }
    },
    {
      "model": "core.equipo",
      "pk": 198,
      "fields": {
        "codigo_interno": "SIS-019",
        "nombre": "Termómetro infrarrojo Omega 19",
        "empresa": 22,
        "tipo_equipo": "Termómetro infrarrojo",
        "marca": "Omega",
        "modelo": "M-1552",
        "numero_serie": "SN384031",
        "ubicacion": "Oficina Técnica",
        "responsable": "Técnico Juan",
        "estado": "Activo",
        "fecha_adquisicion": "2022-10-15",
        "fecha_registro": "2025-09-21T01:03:39.798Z",
        "rango_medida": "0-451 unidades",
        "resolucion": "0.3 unidades",
        "error_maximo_permisible": "0.5167259651130468",
        "observaciones": "Equipo generado para pruebas de calidad",
        "archivo_compra_pdf": "",
        "ficha_tecnica_pdf": "",
        "manual_pdf": "",
        "otros_documentos_pdf": "",
        "imagen_equipo": "",
        "version_formato": null,
        "fecha_version_formato": null,
        "codificacion_formato": null,
        "fecha_ultima_calibracion": null,
        "proxima_calibracion": "2023-10-15",
        "frecuencia_calibracion_meses": "12.00",
        "fecha_ultimo_mantenimiento": null,
        "proximo_mantenimiento": "2023-10-15",
        "frecuencia_mantenimiento_meses": "12.00",
        "fecha_ultima_comprobacion": "2025-09-30",
        "proxima_comprobacion": "2026-03-30",
        "frecuencia_comprobacion_meses": "6.00"
      }
    },
    {
      "model": "core.equipo",
      "pk": 199,
      "fields": {
        "codigo_interno": "SIS-020",
        "nombre": "Microscopio Keysight 20",
        "empresa": 22,
        "tipo_equipo": "Microscopio",
        "marca": "Keysight",
        "modelo": "M-6170",
        "numero_serie": "SN857013",
        "ubicacion": "Laboratorio A",
        "responsable": "Técnico María",
        "estado": "De Baja",
        "fecha_adquisicion": "2024-04-21",
        "fecha_registro": "2025-09-21T01:03:39.844Z",
        "rango_medida": "0-405 unidades",
        "resolucion": "0.3 unidades",
        "error_maximo_permisible": "1.8329062042687598",
        "observaciones": "Equipo generado para pruebas de calidad",
        "archivo_compra_pdf": "",
        "ficha_tecnica_pdf": "",
        "manual_pdf": "",
        "otros_documentos_pdf": "",
        "imagen_equipo": "",
        "version_formato": null,
        "fecha_version_formato": null,
        "codificacion_formato": null,
        "fecha_ultima_calibracion": null,
        "proxima_calibracion": null,
        "frecuencia_calibracion_meses": "6.00",
        "fecha_ultimo_mantenimiento": "2025-09-28",
        "proximo_mantenimiento": null,
        "frecuencia_mantenimiento_meses": "6.00",
        "fecha_ultima_comprobacion": null,
        "proxima_comprobacion": null,
        "frecuencia_comprobacion_meses": "6.00"
      }
    },
    {
      "model": "core.equipo",
      "pk": 200,
      "fields": {
        "codigo_interno": "SIS-021",
        "nombre": "Calibrador de presión Yokogawa 21",
        "empresa": 22,
        "tipo_equipo": "Calibrador de presión",
        "marca": "Yokogawa",
        "modelo": "M-6464",
        "numero_serie": "SN350020",
        "ubicacion": "Laboratorio B",
        "responsable": "Técnico Luis",
        "estado": "Inactivo",
        "fecha_adquisicion": "2021-01-16",
        "fecha_registro": "2025-09-21T01:03:39.887Z",
        "rango_medida": "0-257 unidades",
        "resolucion": "0.4 unidades",
        "error_maximo_permisible": "1.4593759308745933",
        "observaciones": "Equipo generado para pruebas de calidad",
        "archivo_compra_pdf": "",
        "ficha_tecnica_pdf": "",
        "manual_pdf": "",
        "otros_documentos_pdf": "",
        "imagen_equipo": "",
        "version_formato": null,
        "fecha_version_formato": null,
        "codificacion_formato": null,
        "fecha_ultima_calibracion": null,
        "proxima_calibracion": null,
        "frecuencia_calibracion_meses": "6.00",
        "fecha_ultimo_mantenimiento": "2025-10-13",
        "proximo_mantenimiento": null,
        "frecuencia_mantenimiento_meses": "6.00",
        "fecha_ultima_comprobacion": "2025-10-18",
        "proxima_comprobacion": null,
        "frecuencia_comprobacion_meses": "3.00"
      }
    },
    {
      "model": "core.equipo",
      "pk": 201,
      "fields": {
        "codigo_interno": "SIS-022",
        "nombre": "Balanza analítica Cole-Parmer 22",
        "empresa": 22,
        "tipo_equipo": "Balanza analítica",
        "marca": "Cole-Parmer",
        "modelo": "M-4693",
        "numero_serie": "SN446981",
        "ubicacion": "Laboratorio A",
        "responsable": "Técnico Juan",
        "estado": "Activo",
        "fecha_adquisicion": "2024-03-23",
        "fecha_registro": "2025-09-21T01:03:39.940Z",
        "rango_medida": "0-544 unidades",
        "resolucion": "0.3 unidades",
        "error_maximo_permisible": "1.8828186848207602",
        "observaciones": "Equipo generado para pruebas de calidad",
        "archivo_compra_pdf": "",
        "ficha_tecnica_pdf": "",
        "manual_pdf": "",
        "otros_documentos_pdf": "",
        "imagen_equipo": "",
        "version_formato": null,
        "fecha_version_formato": null,
        "codificacion_formato": null,
        "fecha_ultima_calibracion": "2025-09-20",
        "proxima_calibracion": "2026-09-20",
        "frecuencia_calibracion_meses": "12.00",
        "fecha_ultimo_mantenimiento": null,
        "proximo_mantenimiento": "2024-09-23",
        "frecuencia_mantenimiento_meses": "6.00",
        "fecha_ultima_comprobacion": "2025-09-26",
        "proxima_comprobacion": "2025-12-26",
        "frecuencia_comprobacion_meses": "3.00"
      }
    },
    {
      "model": "core.equipo",
      "pk": 202,
      "fields": {
        "codigo_interno": "SIS-023",
        "nombre": "Termómetro infrarrojo Mettler Toledo 23",
        "empresa": 22,
        "tipo_equipo": "Termómetro infrarrojo",
        "marca": "Mettler Toledo",
        "modelo": "M-1885",
        "numero_serie": "SN833197",
        "ubicacion": "Planta Principal",
        "responsable": "Técnico María",
        "estado": "Activo",
        "fecha_adquisicion": "2023-10-25",
        "fecha_registro": "2025-09-21T01:03:40.016Z",
        "rango_medida": "0-661 unidades",
        "resolucion": "0.5 unidades",
        "error_maximo_permisible": "1.1068803153698428",
        "observaciones": "Equipo generado para pruebas de calidad",
        "archivo_compra_pdf": "",
        "ficha_tecnica_pdf": "",
        "manual_pdf": "",
        "otros_documentos_pdf": "",
        "imagen_equipo": "",
        "version_formato": null,
        "fecha_version_formato": null,
        "codificacion_formato": null,
        "fecha_ultima_calibracion": "2025-09-28",
        "proxima_calibracion": "2026-09-28",
        "frecuencia_calibracion_meses": "12.00",
        "fecha_ultimo_mantenimiento": null,
        "proximo_mantenimiento": "2024-01-25",
        "frecuencia_mantenimiento_meses": "3.00",
        "fecha_ultima_comprobacion": null,
        "proxima_comprobacion": "2023-11-25",
        "frecuencia_comprobacion_meses": "1.00"
      }
    },
    {
      "model": "core.equipo",
      "pk": 203,
      "fields": {
        "codigo_interno": "SIS-024",
        "nombre": "Microscopio Yokogawa 24",
        "empresa": 22,
        "tipo_equipo": "Microscopio",
        "marca": "Yokogawa",
        "modelo": "M-2647",
        "numero_serie": "SN764036",
        "ubicacion": "Laboratorio B",
        "responsable": "Técnico María",
        "estado": "De Baja",
        "fecha_adquisicion": "2022-11-03",
        "fecha_registro": "2025-09-21T01:03:40.060Z",
        "rango_medida": "0-328 unidades",
        "resolucion": "0.4 unidades",
        "error_maximo_permisible": "1.0366978239563172",
        "observaciones": "Equipo generado para pruebas de calidad",
        "archivo_compra_pdf": "",
        "ficha_tecnica_pdf": "",
        "manual_pdf": "",
        "otros_documentos_pdf": "",
        "imagen_equipo": "",
        "version_formato": null,
        "fecha_version_formato": null,
        "codificacion_formato": null,
        "fecha_ultima_calibracion": "2025-10-04",
        "proxima_calibracion": null,
        "frecuencia_calibracion_meses": "6.00",
        "fecha_ultimo_mantenimiento": "2025-10-08",
        "proximo_mantenimiento": null,
        "frecuencia_mantenimiento_meses": "12.00",
        "fecha_ultima_comprobacion": null,
        "proxima_comprobacion": null,
        "frecuencia_comprobacion_meses": "3.00"
      }
    },
    {
      "model": "core.equipo",
      "pk": 204,
      "fields": {
        "codigo_interno": "SIS-025",
        "nombre": "Dinamómetro Testo 25",
        "empresa": 22,
        "tipo_equipo": "Dinamómetro",
        "marca": "Testo",
        "modelo": "M-4509",
        "numero_serie": "SN530014",
        "ubicacion": "Laboratorio A",
        "responsable": "Técnico Carlos",
        "estado": "Activo",
        "fecha_adquisicion": "2021-03-28",
        "fecha_registro": "2025-09-21T01:03:40.132Z",
        "rango_medida": "0-695 unidades",
        "resolucion": "0.2 unidades",
        "error_maximo_permisible": "0.13949101832694052",
        "observaciones": "Equipo generado para pruebas de calidad",
        "archivo_compra_pdf": "",
        "ficha_tecnica_pdf": "",
        "manual_pdf": "",
        "otros_documentos_pdf": "",
        "imagen_equipo": "",
        "version_formato": null,
        "fecha_version_formato": null,
        "codificacion_formato": null,
        "fecha_ultima_calibracion": null,
        "proxima_calibracion": "2021-09-28",
        "frecuencia_calibracion_meses": "6.00",
        "fecha_ultimo_mantenimiento": null,
        "proximo_mantenimiento": "2021-09-28",
        "frecuencia_mantenimiento_meses": "6.00",
        "fecha_ultima_comprobacion": null,
        "proxima_comprobacion": "2021-06-28",
        "frecuencia_comprobacion_meses": "3.00"
      }
    },
    {
      "model": "core.equipo",
      "pk": 205,
      "fields": {
        "codigo_interno": "SIS-026",
        "nombre": "Manómetro digital Mettler Toledo 26",
        "empresa": 22,
        "tipo_equipo": "Manómetro digital",
        "marca": "Mettler Toledo",
        "modelo": "M-7049",
        "numero_serie": "SN299194",
        "ubicacion": "Laboratorio A",
        "responsable": "Técnico María",
        "estado": "Activo",
        "fecha_adquisicion": "2024-01-29",
        "fecha_registro": "2025-09-21T01:03:40.142Z",
        "rango_medida": "0-852 unidades",
        "resolucion": "0.4 unidades",
        "error_maximo_permisible": "0.26895597000862437",
        "observaciones": "Equipo generado para pruebas de calidad",
        "archivo_compra_pdf": "",
        "ficha_tecnica_pdf": "",
        "manual_pdf": "",
        "otros_documentos_pdf": "",
        "imagen_equipo": "",
        "version_formato": null,
        "fecha_version_formato": null,
        "codificacion_formato": null,
        "fecha_ultima_calibracion": "2025-09-27",
        "proxima_calibracion": "2027-09-27",
        "frecuencia_calibracion_meses": "24.00",
        "fecha_ultimo_mantenimiento": null,
        "proximo_mantenimiento": "2024-04-29",
        "frecuencia_mantenimiento_meses": "3.00",
        "fecha_ultima_comprobacion": null,
        "proxima_comprobacion": "2024-04-29",
        "frecuencia_comprobacion_meses": "3.00"
      }
    },
    {
      "model": "core.equipo",
      "pk": 206,
      "fields": {
        "codigo_interno": "SIS-027",
        "nombre": "pH-metro Yokogawa 27",
        "empresa": 22,
        "tipo_equipo": "pH-metro",
        "marca": "Yokogawa",
        "modelo": "M-2287",
        "numero_serie": "SN967756",
        "ubicacion": "Oficina Técnica",
        "responsable": "Técnico Juan",
        "estado": "Activo",
        "fecha_adquisicion": "2021-08-24",
        "fecha_registro": "2025-09-21T01:03:40.182Z",
        "rango_medida": "0-263 unidades",
        "resolucion": "0.2 unidades",
        "error_maximo_permisible": "0.1730574580436351",
        "observaciones": "Equipo generado para pruebas de calidad",
        "archivo_compra_pdf": "",
        "ficha_tecnica_pdf": "",
        "manual_pdf": "",
        "otros_documentos_pdf": "",
        "imagen_equipo": "",
        "version_formato": null,
        "fecha_version_formato": null,
        "codificacion_formato": null,
        "fecha_ultima_calibracion": "2025-09-24",
        "proxima_calibracion": "2026-03-24",
        "frecuencia_calibracion_meses": "6.00",
        "fecha_ultimo_mantenimiento": "2025-09-25",
        "proximo_mantenimiento": "2025-12-25",
        "frecuencia_mantenimiento_meses": "3.00",
        "fecha_ultima_comprobacion": null,
        "proxima_comprobacion": "2021-11-24",
        "frecuencia_comprobacion_meses": "3.00"
      }
    },
    {
      "model": "core.equipo",
      "pk": 207,
      "fields": {
        "codigo_interno": "SIS-028",
        "nombre": "Espectrofotómetro Testo 28",
        "empresa": 22,
        "tipo_equipo": "Espectrofotómetro",
        "marca": "Testo",
        "modelo": "M-9551",
        "numero_serie": "SN924458",
        "ubicacion": "Oficina Técnica",
        "responsable": "Técnico Carlos",
        "estado": "Activo",
        "fecha_adquisicion": "2022-07-05",
        "fecha_registro": "2025-09-21T01:03:40.258Z",
        "rango_medida": "0-965 unidades",
        "resolucion": "0.3 unidades",
        "error_maximo_permisible": "1.911601868178962",
        "observaciones": "Equipo generado para pruebas de calidad",
        "archivo_compra_pdf": "",
        "ficha_tecnica_pdf": "",
        "manual_pdf": "",
        "otros_documentos_pdf": "",
        "imagen_equipo": "",
        "version_formato": null,
        "fecha_version_formato": null,
        "codificacion_formato": null,
        "fecha_ultima_calibracion": "2025-10-19",
        "proxima_calibracion": "2026-10-19",
        "frecuencia_calibracion_meses": "12.00",
        "fecha_ultimo_mantenimiento": null,
        "proximo_mantenimiento": "2022-10-05",
        "frecuencia_mantenimiento_meses": "3.00",
        "fecha_ultima_comprobacion": "2025-10-09",
        "proxima_comprobacion": "2025-11-09",
        "frecuencia_comprobacion_meses": "1.00"
      }
    },
    {
      "model": "core.equipo",
      "pk": 208,
      "fields": {
        "codigo_interno": "SIS-029",
        "nombre": "Calibrador de presión Mettler Toledo 29",
        "empresa": 22,
        "tipo_equipo": "Calibrador de presión",
        "marca": "Mettler Toledo",
        "modelo": "M-6877",
        "numero_serie": "SN209856",
        "ubicacion": "Oficina Técnica",
        "responsable": "Técnico Juan",
        "estado": "Activo",
        "fecha_adquisicion": "2023-12-04",
        "fecha_registro": "2025-09-21T01:03:40.337Z",
        "rango_medida": "0-358 unidades",
        "resolucion": "0.2 unidades",
        "error_maximo_permisible": "0.6761904736308318",
        "observaciones": "Equipo generado para pruebas de calidad",
        "archivo_compra_pdf": "",
        "ficha_tecnica_pdf": "",
        "manual_pdf": "",
        "otros_documentos_pdf": "",
        "imagen_equipo": "",
        "version_formato": null,
        "fecha_version_formato": null,
        "codificacion_formato": null,
        "fecha_ultima_calibracion": null,
        "proxima_calibracion": "2025-12-04",
        "frecuencia_calibracion_meses": "24.00",
        "fecha_ultimo_mantenimiento": "2025-10-09",
        "proximo_mantenimiento": "2026-04-09",
        "frecuencia_mantenimiento_meses": "6.00",
        "fecha_ultima_comprobacion": null,
        "proxima_comprobacion": "2024-03-04",
        "frecuencia_comprobacion_meses": "3.00"
      }
    },
    {
      "model": "core.equipo",
      "pk": 209,
      "fields": {
        "codigo_interno": "SIS-030",
        "nombre": "Cronómetro Cole-Parmer 30",
        "empresa": 22,
        "tipo_equipo": "Cronómetro",
        "marca": "Cole-Parmer",
        "modelo": "M-2735",
        "numero_serie": "SN773450",
        "ubicacion": "Oficina Técnica",
        "responsable": "Técnico Juan",
        "estado": "Activo",
        "fecha_adquisicion": "2025-06-06",
        "fecha_registro": "2025-09-21T01:03:40.381Z",
        "rango_medida": "0-468 unidades",
        "resolucion": "0.5 unidades",
        "error_maximo_permisible": "1.5122183774749771",
        "observaciones": "Equipo generado para pruebas de calidad",
        "archivo_compra_pdf": "",
        "ficha_tecnica_pdf": "",
        "manual_pdf": "",
        "otros_documentos_pdf": "",
        "imagen_equipo": "",
        "version_formato": null,
        "fecha_version_formato": null,
        "codificacion_formato": null,
        "fecha_ultima_calibracion": "2025-10-09",
        "proxima_calibracion": "2027-10-09",
        "frecuencia_calibracion_meses": "24.00",
        "fecha_ultimo_mantenimiento": null,
        "proximo_mantenimiento": "2026-06-06",
        "frecuencia_mantenimiento_meses": "12.00",
        "fecha_ultima_comprobacion": null,
        "proxima_comprobacion": "2025-09-06",
        "frecuencia_comprobacion_meses": "3.00"
      }
    },
    {
      "model": "core.equipo",
      "pk": 210,
      "fields": {
        "codigo_interno": "SIS-031",
        "nombre": "Balanza analítica Sartorius 31",
        "empresa": 22,
        "tipo_equipo": "Balanza analítica",
        "marca": "Sartorius",
        "modelo": "M-4383",
        "numero_serie": "SN909719",
        "ubicacion": "Planta Principal",
        "responsable": "Técnico Ana",
        "estado": "De Baja",
        "fecha_adquisicion": "2025-08-11",
        "fecha_registro": "2025-09-21T01:03:40.421Z",
        "rango_medida": "0-841 unidades",
        "resolucion": "0.4 unidades",
        "error_maximo_permisible": "1.6515490313510621",
        "observaciones": "Equipo generado para pruebas de calidad",
        "archivo_compra_pdf": "",
        "ficha_tecnica_pdf": "",
        "manual_pdf": "",
        "otros_documentos_pdf": "",
        "imagen_equipo": "",
        "version_formato": null,
        "fecha_version_formato": null,
        "codificacion_formato": null,
        "fecha_ultima_calibracion": "2025-09-24",
        "proxima_calibracion": null,
        "frecuencia_calibracion_meses": "24.00",
        "fecha_ultimo_mantenimiento": null,
        "proximo_mantenimiento": null,
        "frecuencia_mantenimiento_meses": "3.00",
        "fecha_ultima_comprobacion": "2025-09-27",
        "proxima_comprobacion": null,
        "frecuencia_comprobacion_meses": "1.00"
      }
    },
    {
      "model": "core.equipo",
      "pk": 211,
      "fields": {
        "codigo_interno": "SIS-032",
        "nombre": "Manómetro digital Testo 32",
        "empresa": 22,
        "tipo_equipo": "Manómetro digital",
        "marca": "Testo",
        "modelo": "M-9812",
        "numero_serie": "SN523126",
        "ubicacion": "Oficina Técnica",
        "responsable": "Técnico Luis",
        "estado": "Activo",
        "fecha_adquisicion": "2023-01-15",
        "fecha_registro": "2025-09-21T01:03:40.478Z",
        "rango_medida": "0-294 unidades",
        "resolucion": "0.3 unidades",
        "error_maximo_permisible": "1.9282587219453955",
        "observaciones": "Equipo generado para pruebas de calidad",
        "archivo_compra_pdf": "",
        "ficha_tecnica_pdf": "",
        "manual_pdf": "",
        "otros_documentos_pdf": "",
        "imagen_equipo": "",
        "version_formato": null,
        "fecha_version_formato": null,
        "codificacion_formato": null,
        "fecha_ultima_calibracion": null,
        "proxima_calibracion": "2023-07-15",
        "frecuencia_calibracion_meses": "6.00",
        "fecha_ultimo_mantenimiento": "2025-09-27",
        "proximo_mantenimiento": "2025-12-27",
        "frecuencia_mantenimiento_meses": "3.00",
        "fecha_ultima_comprobacion": null,
        "proxima_comprobacion": "2023-07-15",
        "frecuencia_comprobacion_meses": "6.00"
      }
    },
    {
      "model": "core.equipo",
      "pk": 212,
      "fields": {
        "codigo_interno": "SIS-033",
        "nombre": "Dinamómetro Yokogawa 33",
        "empresa": 22,
        "tipo_equipo": "Dinamómetro",
        "marca": "Yokogawa",
        "modelo": "M-1842",
        "numero_serie": "SN958774",
        "ubicacion": "Laboratorio A",
        "responsable": "Técnico Juan",
        "estado": "Activo",
        "fecha_adquisicion": "2024-02-07",
        "fecha_registro": "2025-09-21T01:03:40.516Z",
        "rango_medida": "0-696 unidades",
        "resolucion": "0.3 unidades",
        "error_maximo_permisible": "0.28605276884055597",
        "observaciones": "Equipo generado para pruebas de calidad",
        "archivo_compra_pdf": "",
        "ficha_tecnica_pdf": "",
        "manual_pdf": "",
        "otros_documentos_pdf": "",
        "imagen_equipo": "",
        "version_formato": null,
        "fecha_version_formato": null,
        "codificacion_formato": null,
        "fecha_ultima_calibracion": "2025-09-27",
        "proxima_calibracion": "2026-03-27",
        "frecuencia_calibracion_meses": "6.00",
        "fecha_ultimo_mantenimiento": null,
        "proximo_mantenimiento": "2025-02-07",
        "frecuencia_mantenimiento_meses": "12.00",
        "fecha_ultima_comprobacion": null,
        "proxima_comprobacion": "2024-03-07",
        "frecuencia_comprobacion_meses": "1.00"
      }
    },
    {
      "model": "core.equipo",
      "pk": 213,
      "fields": {
        "codigo_interno": "SIS-034",
        "nombre": "pH-metro Omega 34",
        "empresa": 22,
        "tipo_equipo": "pH-metro",
        "marca": "Omega",
        "modelo": "M-9753",
        "numero_serie": "SN860634",
        "ubicacion": "Laboratorio B",
        "responsable": "Técnico Carlos",
        "estado": "Activo",
        "fecha_adquisicion": "2025-03-13",
        "fecha_registro": "2025-09-21T01:03:40.551Z",
        "rango_medida": "0-612 unidades",
        "resolucion": "0.2 unidades",
        "error_maximo_permisible": "0.1428051597321017",
        "observaciones": "Equipo generado para pruebas de calidad",
        "archivo_compra_pdf": "",
        "ficha_tecnica_pdf": "",
        "manual_pdf": "",
        "otros_documentos_pdf": "",
        "imagen_equipo": "",
        "version_formato": null,
        "fecha_version_formato": null,
        "codificacion_formato": null,
        "fecha_ultima_calibracion": null,
        "proxima_calibracion": "2025-09-13",
        "frecuencia_calibracion_meses": "6.00",
        "fecha_ultimo_mantenimiento": "2025-09-22",
        "proximo_mantenimiento": "2026-03-22",
        "frecuencia_mantenimiento_meses": "6.00",
        "fecha_ultima_comprobacion": null,
        "proxima_comprobacion": "2025-06-13",
        "frecuencia_comprobacion_meses": "3.00"
      }
    },
    {
      "model": "core.equipo",
      "pk": 214,
      "fields": {
        "codigo_interno": "SIS-035",
        "nombre": "Termómetro infrarrojo Keysight 35",
        "empresa": 22,
        "tipo_equipo": "Termómetro infrarrojo",
        "marca": "Keysight",
        "modelo": "M-6962",
        "numero_serie": "SN970008",
        "ubicacion": "Laboratorio B",
        "responsable": "Técnico Juan",
        "estado": "Inactivo",
        "fecha_adquisicion": "2022-09-23",
        "fecha_registro": "2025-09-21T01:03:40.598Z",
        "rango_medida": "0-492 unidades",
        "resolucion": "0.1 unidades",
        "error_maximo_permisible": "1.6413681837980323",
        "observaciones": "Equipo generado para pruebas de calidad",
        "archivo_compra_pdf": "",
        "ficha_tecnica_pdf": "",
        "manual_pdf": "",
        "otros_documentos_pdf": "",
        "imagen_equipo": "",
        "version_formato": null,
        "fecha_version_formato": null,
        "codificacion_formato": null,
        "fecha_ultima_calibracion": null,
        "proxima_calibracion": null,
        "frecuencia_calibracion_meses": "12.00",
        "fecha_ultimo_mantenimiento": "2025-10-12",
        "proximo_mantenimiento": null,
        "frecuencia_mantenimiento_meses": "12.00",
        "fecha_ultima_comprobacion": "2025-09-28",
        "proxima_comprobacion": null,
        "frecuencia_comprobacion_meses": "6.00"
      }
    },
    {
      "model": "core.equipo",
      "pk": 215,
      "fields": {
        "codigo_interno": "SIS-036",
        "nombre": "Dinamómetro Keysight 36",
        "empresa": 22,
        "tipo_equipo": "Dinamómetro",
        "marca": "Keysight",
        "modelo": "M-4751",
        "numero_serie": "SN418985",
        "ubicacion": "Laboratorio A",
        "responsable": "Técnico Juan",
        "estado": "Activo",
        "fecha_adquisicion": "2022-09-28",
        "fecha_registro": "2025-09-21T01:03:40.700Z",
        "rango_medida": "0-296 unidades",
        "resolucion": "0.5 unidades",
        "error_maximo_permisible": "1.74691284818971",
        "observaciones": "Equipo generado para pruebas de calidad",
        "archivo_compra_pdf": "",
        "ficha_tecnica_pdf": "",
        "manual_pdf": "",
        "otros_documentos_pdf": "",
        "imagen_equipo": "",
        "version_formato": null,
        "fecha_version_formato": null,
        "codificacion_formato": null,
        "fecha_ultima_calibracion": "2025-10-06",
        "proxima_calibracion": "2026-10-06",
        "frecuencia_calibracion_meses": "12.00",
        "fecha_ultimo_mantenimiento": "2025-10-10",
        "proximo_mantenimiento": "2026-01-10",
        "frecuencia_mantenimiento_meses": "3.00",
        "fecha_ultima_comprobacion": "2025-10-05",
        "proxima_comprobacion": "2025-11-05",
        "frecuencia_comprobacion_meses": "1.00"
      }
    },
    {
      "model": "core.equipo",
      "pk": 216,
      "fields": {
        "codigo_interno": "SIS-037",
        "nombre": "Espectrofotómetro Hanna Instruments 37",
        "empresa": 22,
        "tipo_equipo": "Espectrofotómetro",
        "marca": "Hanna Instruments",
        "modelo": "M-2567",
        "numero_serie": "SN202533",
        "ubicacion": "Oficina Técnica",
        "responsable": "Técnico María",
        "estado": "Inactivo",
        "fecha_adquisicion": "2024-12-04",
        "fecha_registro": "2025-09-21T01:03:40.812Z",
        "rango_medida": "0-545 unidades",
        "resolucion": "0.4 unidades",
        "error_maximo_permisible": "1.4320003813959925",
        "observaciones": "Equipo generado para pruebas de calidad",
        "archivo_compra_pdf": "",
        "ficha_tecnica_pdf": "",
        "manual_pdf": "",
        "otros_documentos_pdf": "",
        "imagen_equipo": "",
        "version_formato": null,
        "fecha_version_formato": null,
        "codificacion_formato": null,
        "fecha_ultima_calibracion": "2025-09-27",
        "proxima_calibracion": null,
        "frecuencia_calibracion_meses": "24.00",
        "fecha_ultimo_mantenimiento": null,
        "proximo_mantenimiento": null,
        "frecuencia_mantenimiento_meses": "12.00",
        "fecha_ultima_comprobacion": "2025-09-23",
        "proxima_comprobacion": null,
        "frecuencia_comprobacion_meses": "1.00"
      }
    },
    {
      "model": "core.equipo",
      "pk": 217,
      "fields": {
        "codigo_interno": "SIS-038",
        "nombre": "Multímetro digital Keysight 38",
        "empresa": 22,
        "tipo_equipo": "Multímetro digital",
        "marca": "Keysight",
        "modelo": "M-3063",
        "numero_serie": "SN438817",
        "ubicacion": "Oficina Técnica",
        "responsable": "Técnico Luis",
        "estado": "Activo",
        "fecha_adquisicion": "2023-08-24",
        "fecha_registro": "2025-09-21T01:03:40.874Z",
        "rango_medida": "0-350 unidades",
        "resolucion": "0.4 unidades",
        "error_maximo_permisible": "1.092721890663372",
        "observaciones": "Equipo generado para pruebas de calidad",
        "archivo_compra_pdf": "",
        "ficha_tecnica_pdf": "",
        "manual_pdf": "",
        "otros_documentos_pdf": "",
        "imagen_equipo": "",
        "version_formato": null,
        "fecha_version_formato": null,
        "codificacion_formato": null,
        "fecha_ultima_calibracion": "2025-10-19",
        "proxima_calibracion": "2027-10-19",
        "frecuencia_calibracion_meses": "24.00",
        "fecha_ultimo_mantenimiento": null,
        "proximo_mantenimiento": "2024-02-24",
        "frecuencia_mantenimiento_meses": "6.00",
        "fecha_ultima_comprobacion": "2025-10-17",
        "proxima_comprobacion": "2026-01-17",
        "frecuencia_comprobacion_meses": "3.00"
      }
    },
    {
      "model": "core.equipo",
      "pk": 218,
      "fields": {
        "codigo_interno": "SIS-039",
        "nombre": "Microscopio Testo 39",
        "empresa": 22,
        "tipo_equipo": "Microscopio",
        "marca": "Testo",
        "modelo": "M-8502",
        "numero_serie": "SN866331",
        "ubicacion": "Planta Principal",
        "responsable": "Técnico Ana",
        "estado": "Activo",
        "fecha_adquisicion": "2025-05-15",
        "fecha_registro": "2025-09-21T01:03:40.957Z",
        "rango_medida": "0-180 unidades",
        "resolucion": "0.2 unidades",
        "error_maximo_permisible": "0.9392042763984304",
        "observaciones": "Equipo generado para pruebas de calidad",
        "archivo_compra_pdf": "",
        "ficha_tecnica_pdf": "",
        "manual_pdf": "",
        "otros_documentos_pdf": "",
        "imagen_equipo": "",
        "version_formato": null,
        "fecha_version_formato": null,
        "codificacion_formato": null,
        "fecha_ultima_calibracion": null,
        "proxima_calibracion": "2026-05-15",
        "frecuencia_calibracion_meses": "12.00",
        "fecha_ultimo_mantenimiento": "2025-09-30",
        "proximo_mantenimiento": "2025-12-30",
        "frecuencia_mantenimiento_meses": "3.00",
        "fecha_ultima_comprobacion": null,
        "proxima_comprobacion": "2025-06-15",
        "frecuencia_comprobacion_meses": "1.00"
      }
    },
    {
      "model": "core.equipo",
      "pk": 219,
      "fields": {
        "codigo_interno": "SIS-040",
        "nombre": "Manómetro digital Mettler Toledo 40",
        "empresa": 22,
        "tipo_equipo": "Manómetro digital",
        "marca": "Mettler Toledo",
        "modelo": "M-8571",
        "numero_serie": "SN993704",
        "ubicacion": "Planta Principal",
        "responsable": "Técnico Carlos",
        "estado": "Activo",
        "fecha_adquisicion": "2022-10-22",
        "fecha_registro": "2025-09-21T01:03:41.002Z",
        "rango_medida": "0-606 unidades",
        "resolucion": "0.3 unidades",
        "error_maximo_permisible": "0.2500089488917552",
        "observaciones": "Equipo generado para pruebas de calidad",
        "archivo_compra_pdf": "",
        "ficha_tecnica_pdf": "",
        "manual_pdf": "",
        "otros_documentos_pdf": "",
        "imagen_equipo": "",
        "version_formato": null,
        "fecha_version_formato": null,
        "codificacion_formato": null,
        "fecha_ultima_calibracion": null,
        "proxima_calibracion": "2023-10-22",
        "frecuencia_calibracion_meses": "12.00",
        "fecha_ultimo_mantenimiento": "2025-09-23",
        "proximo_mantenimiento": "2025-12-23",
        "frecuencia_mantenimiento_meses": "3.00",
        "fecha_ultima_comprobacion": "2025-09-25",
        "proxima_comprobacion": "2026-03-25",
        "frecuencia_comprobacion_meses": "6.00"
      }
    }
  ],
  "calibraciones": [
    {
      "model": "core.calibracion",
      "pk": 75,
      "fields": {
        "equipo": 180,
        "fecha_calibracion": "2025-10-09",
        "proveedor": null,
        "nombre_proveedor": "Laboratorio de Calibración Certificado",
        "resultado": "Aprobado",
        "numero_certificado": null,
        "documento_calibracion": "",
        "confirmacion_metrologica_pdf": "",
        "intervalos_calibracion_pdf": "",
        "observaciones": "Calibración programada para 09/10/2025",
        "fecha_registro": "2025-09-21T01:03:38.618Z"
      }
    },
    {
      "model": "core.calibracion",
      "pk": 76,
      "fields": {
        "equipo": 181,
        "fecha_calibracion": "2025-09-20",
        "proveedor": null,
        "nombre_proveedor": "Laboratorio de Calibración Certificado",
        "resultado": "Aprobado",
        "numero_certificado": null,
        "documento_calibracion": "",
        "confirmacion_metrologica_pdf": "",
        "intervalos_calibracion_pdf": "",
        "observaciones": "Calibración programada para 20/09/2025",
        "fecha_registro": "2025-09-21T01:03:38.702Z"
      }
    },
    {
      "model": "core.calibracion",
      "pk": 77,
      "fields": {
        "equipo": 182,
        "fecha_calibracion": "2025-09-22",
        "proveedor": null,
        "nombre_proveedor": "Laboratorio de Calibración Certificado",
        "resultado": "Aprobado",
        "numero_certificado": null,
        "documento_calibracion": "",
        "confirmacion_metrologica_pdf": "",
        "intervalos_calibracion_pdf": "",
        "observaciones": "Calibración programada para 22/09/2025",
        "fecha_registro": "2025-09-21T01:03:38.827Z"
      }
    },
    {
      "model": "core.calibracion",
      "pk": 78,
      "fields": {
        "equipo": 183,
        "fecha_calibracion": "2025-10-01",
        "proveedor": null,
        "nombre_proveedor": "Laboratorio de Calibración Certificado",
        "resultado": "Aprobado",
        "numero_certificado": null,
        "documento_calibracion": "",
        "confirmacion_metrologica_pdf": "",
        "intervalos_calibracion_pdf": "",
        "observaciones": "Calibración programada para 01/10/2025",
        "fecha_registro": "2025-09-21T01:03:38.903Z"
      }
    },
    {
      "model": "core.calibracion",
      "pk": 79,
      "fields": {
        "equipo": 185,
        "fecha_calibracion": "2025-09-25",
        "proveedor": null,
        "nombre_proveedor": "Laboratorio de Calibración Certificado",
        "resultado": "Aprobado",
        "numero_certificado": null,
        "documento_calibracion": "",
        "confirmacion_metrologica_pdf": "",
        "intervalos_calibracion_pdf": "",
        "observaciones": "Calibración programada para 25/09/2025",
        "fecha_registro": "2025-09-21T01:03:39.049Z"
      }
    },
    {
      "model": "core.calibracion",
      "pk": 80,
      "fields": {
        "equipo": 186,
        "fecha_calibracion": "2025-09-24",
        "proveedor": null,
        "nombre_proveedor": "Laboratorio de Calibración Certificado",
        "resultado": "Aprobado",
        "numero_certificado": null,
        "documento_calibracion": "",
        "confirmacion_metrologica_pdf": "",
        "intervalos_calibracion_pdf": "",
        "observaciones": "Calibración programada para 24/09/2025",
        "fecha_registro": "2025-09-21T01:03:39.176Z"
      }
    },
    {
      "model": "core.calibracion",
      "pk": 81,
      "fields": {
        "equipo": 187,
        "fecha_calibracion": "2025-10-12",
        "proveedor": null,
        "nombre_proveedor": "Laboratorio de Calibración Certificado",
        "resultado": "Aprobado",
        "numero_certificado": null,
        "documento_calibracion": "",
        "confirmacion_metrologica_pdf": "",
        "intervalos_calibracion_pdf": "",
        "observaciones": "Calibración programada para 12/10/2025",
        "fecha_registro": "2025-09-21T01:03:39.219Z"
      }
    },
    {
      "model": "core.calibracion",
      "pk": 82,
      "fields": {
        "equipo": 188,
        "fecha_calibracion": "2025-10-15",
        "proveedor": null,
        "nombre_proveedor": "Laboratorio de Calibración Certificado",
        "resultado": "Aprobado",
        "numero_certificado": null,
        "documento_calibracion": "",
        "confirmacion_metrologica_pdf": "",
        "intervalos_calibracion_pdf": "",
        "observaciones": "Calibración programada para 15/10/2025",
        "fecha_registro": "2025-09-21T01:03:39.256Z"
      }
    },
    {
      "model": "core.calibracion",
      "pk": 83,
      "fields": {
        "equipo": 190,
        "fecha_calibracion": "2025-09-30",
        "proveedor": null,
        "nombre_proveedor": "Laboratorio de Calibración Certificado",
        "resultado": "Aprobado",
        "numero_certificado": null,
        "documento_calibracion": "",
        "confirmacion_metrologica_pdf": "",
        "intervalos_calibracion_pdf": "",
        "observaciones": "Calibración programada para 30/09/2025",
        "fecha_registro": "2025-09-21T01:03:39.333Z"
      }
    },
    {
      "model": "core.calibracion",
      "pk": 84,
      "fields": {
        "equipo": 191,
        "fecha_calibracion": "2025-10-05",
        "proveedor": null,
        "nombre_proveedor": "Laboratorio de Calibración Certificado",
        "resultado": "Aprobado",
        "numero_certificado": null,
        "documento_calibracion": "",
        "confirmacion_metrologica_pdf": "",
        "intervalos_calibracion_pdf": "",
        "observaciones": "Calibración programada para 05/10/2025",
        "fecha_registro": "2025-09-21T01:03:39.400Z"
      }
    },
    {
      "model": "core.calibracion",
      "pk": 85,
      "fields": {
        "equipo": 194,
        "fecha_calibracion": "2025-10-16",
        "proveedor": null,
        "nombre_proveedor": "Laboratorio de Calibración Certificado",
        "resultado": "Aprobado",
        "numero_certificado": null,
        "documento_calibracion": "",
        "confirmacion_metrologica_pdf": "",
        "intervalos_calibracion_pdf": "",
        "observaciones": "Calibración programada para 16/10/2025",
        "fecha_registro": "2025-09-21T01:03:39.545Z"
      }
    },
    {
      "model": "core.calibracion",
      "pk": 86,
      "fields": {
        "equipo": 196,
        "fecha_calibracion": "2025-09-21",
        "proveedor": null,
        "nombre_proveedor": "Laboratorio de Calibración Certificado",
        "resultado": "Aprobado",
        "numero_certificado": null,
        "documento_calibracion": "",
        "confirmacion_metrologica_pdf": "",
        "intervalos_calibracion_pdf": "",
        "observaciones": "Calibración programada para 21/09/2025",
        "fecha_registro": "2025-09-21T01:03:39.674Z"
      }
    },
    {
      "model": "core.calibracion",
      "pk": 87,
      "fields": {
        "equipo": 201,
        "fecha_calibracion": "2025-09-20",
        "proveedor": null,
        "nombre_proveedor": "Laboratorio de Calibración Certificado",
        "resultado": "Aprobado",
        "numero_certificado": null,
        "documento_calibracion": "",
        "confirmacion_metrologica_pdf": "",
        "intervalos_calibracion_pdf": "",
        "observaciones": "Calibración programada para 20/09/2025",
        "fecha_registro": "2025-09-21T01:03:39.951Z"
      }
    },
    {
      "model": "core.calibracion",
      "pk": 88,
      "fields": {
        "equipo": 202,
        "fecha_calibracion": "2025-09-28",
        "proveedor": null,
        "nombre_proveedor": "Laboratorio de Calibración Certificado",
        "resultado": "Aprobado",
        "numero_certificado": null,
        "documento_calibracion": "",
        "confirmacion_metrologica_pdf": "",
        "intervalos_calibracion_pdf": "",
        "observaciones": "Calibración programada para 28/09/2025",
        "fecha_registro": "2025-09-21T01:03:40.025Z"
      }
    },
    {
      "model": "core.calibracion",
      "pk": 89,
      "fields": {
        "equipo": 203,
        "fecha_calibracion": "2025-10-04",
        "proveedor": null,
        "nombre_proveedor": "Laboratorio de Calibración Certificado",
        "resultado": "Aprobado",
        "numero_certificado": null,
        "documento_calibracion": "",
        "confirmacion_metrologica_pdf": "",
        "intervalos_calibracion_pdf": "",
        "observaciones": "Calibración programada para 04/10/2025",
        "fecha_registro": "2025-09-21T01:03:40.072Z"
      }
    },
    {
      "model": "core.calibracion",
      "pk": 90,
      "fields": {
        "equipo": 205,
        "fecha_calibracion": "2025-09-27",
        "proveedor": null,
        "nombre_proveedor": "Laboratorio de Calibración Certificado",
        "resultado": "Aprobado",
        "numero_certificado": null,
        "documento_calibracion": "",
        "confirmacion_metrologica_pdf": "",
        "intervalos_calibracion_pdf": "",
        "observaciones": "Calibración programada para 27/09/2025",
        "fecha_registro": "2025-09-21T01:03:40.153Z"
      }
    },
    {
      "model": "core.calibracion",
      "pk": 91,
      "fields": {
        "equipo": 206,
        "fecha_calibracion": "2025-09-24",
        "proveedor": null,
        "nombre_proveedor": "Laboratorio de Calibración Certificado",
        "resultado": "Aprobado",
        "numero_certificado": null,
        "documento_calibracion": "",
        "confirmacion_metrologica_pdf": "",
        "intervalos_calibracion_pdf": "",
        "observaciones": "Calibración programada para 24/09/2025",
        "fecha_registro": "2025-09-21T01:03:40.196Z"
      }
    },
    {
      "model": "core.calibracion",
      "pk": 92,
      "fields": {
        "equipo": 207,
        "fecha_calibracion": "2025-10-19",
        "proveedor": null,
        "nombre_proveedor": "Laboratorio de Calibración Certificado",
        "resultado": "Aprobado",
        "numero_certificado": null,
        "documento_calibracion": "",
        "confirmacion_metrologica_pdf": "",
        "intervalos_calibracion_pdf": "",
        "observaciones": "Calibración programada para 19/10/2025",
        "fecha_registro": "2025-09-21T01:03:40.267Z"
      }
    },
    {
      "model": "core.calibracion",
      "pk": 93,
      "fields": {
        "equipo": 209,
        "fecha_calibracion": "2025-10-09",
        "proveedor": null,
        "nombre_proveedor": "Laboratorio de Calibración Certificado",
        "resultado": "Aprobado",
        "numero_certificado": null,
        "documento_calibracion": "",
        "confirmacion_metrologica_pdf": "",
        "intervalos_calibracion_pdf": "",
        "observaciones": "Calibración programada para 09/10/2025",
        "fecha_registro": "2025-09-21T01:03:40.392Z"
      }
    },
    {
      "model": "core.calibracion",
      "pk": 94,
      "fields": {
        "equipo": 210,
        "fecha_calibracion": "2025-09-24",
        "proveedor": null,
        "nombre_proveedor": "Laboratorio de Calibración Certificado",
        "resultado": "Aprobado",
        "numero_certificado": null,
        "documento_calibracion": "",
        "confirmacion_metrologica_pdf": "",
        "intervalos_calibracion_pdf": "",
        "observaciones": "Calibración programada para 24/09/2025",
        "fecha_registro": "2025-09-21T01:03:40.430Z"
      }
    },
    {
      "model": "core.calibracion",
      "pk": 95,
      "fields": {
        "equipo": 212,
        "fecha_calibracion": "2025-09-27",
        "proveedor": null,
        "nombre_proveedor": "Laboratorio de Calibración Certificado",
        "resultado": "Aprobado",
        "numero_certificado": null,
        "documento_calibracion": "",
        "confirmacion_metrologica_pdf": "",
        "intervalos_calibracion_pdf": "",
        "observaciones": "Calibración programada para 27/09/2025",
        "fecha_registro": "2025-09-21T01:03:40.525Z"
      }
    },
    {
      "model": "core.calibracion",
      "pk": 96,
      "fields": {
        "equipo": 215,
        "fecha_calibracion": "2025-10-06",
        "proveedor": null,
        "nombre_proveedor": "Laboratorio de Calibración Certificado",
        "resultado": "Aprobado",
        "numero_certificado": null,
        "documento_calibracion": "",
        "confirmacion_metrologica_pdf": "",
        "intervalos_calibracion_pdf": "",
        "observaciones": "Calibración programada para 06/10/2025",
        "fecha_registro": "2025-09-21T01:03:40.711Z"
      }
    },
    {
      "model": "core.calibracion",
      "pk": 97,
      "fields": {
        "equipo": 216,
        "fecha_calibracion": "2025-09-27",
        "proveedor": null,
        "nombre_proveedor": "Laboratorio de Calibración Certificado",
        "resultado": "Aprobado",
        "numero_certificado": null,
        "documento_calibracion": "",
        "confirmacion_metrologica_pdf": "",
        "intervalos_calibracion_pdf": "",
        "observaciones": "Calibración programada para 27/09/2025",
        "fecha_registro": "2025-09-21T01:03:40.821Z"
      }
    },
    {
      "model": "core.calibracion",
      "pk": 98,
      "fields": {
        "equipo": 217,
        "fecha_calibracion": "2025-10-19",
        "proveedor": null,
        "nombre_proveedor": "Laboratorio de Calibración Certificado",
        "resultado": "Aprobado",
        "numero_certificado": null,
        "documento_calibracion": "",
        "confirmacion_metrologica_pdf": "",
        "intervalos_calibracion_pdf": "",
        "observaciones": "Calibración programada para 19/10/2025",
        "fecha_registro": "2025-09-21T01:03:40.885Z"
      }
    }
  ],
  "mantenimientos": [
    {
      "model": "core.mantenimiento",
      "pk": 87,
      "fields": {
        "equipo": 180,
        "fecha_mantenimiento": "2025-10-04",
        "tipo_mantenimiento": "Correctivo",
        "proveedor": null,
        "nombre_proveedor": null,
        "responsable": "Técnico de Mantenimiento",
        "costo": null,
        "descripcion": "Mantenimiento programado de rutina",
        "documento_mantenimiento": "",
        "observaciones": "Mantenimiento generado para pruebas",
        "fecha_registro": "2025-09-21T01:03:38.654Z"
      }
    },
    {
      "model": "core.mantenimiento",
      "pk": 88,
      "fields": {
        "equipo": 181,
        "fecha_mantenimiento": "2025-10-09",
        "tipo_mantenimiento": "Correctivo",
        "proveedor": null,
        "nombre_proveedor": null,
        "responsable": "Técnico de Mantenimiento",
        "costo": null,
        "descripcion": "Mantenimiento programado de rutina",
        "documento_mantenimiento": "",
        "observaciones": "Mantenimiento generado para pruebas",
        "fecha_registro": "2025-09-21T01:03:38.737Z"
      }
    },
    {
      "model": "core.mantenimiento",
      "pk": 89,
      "fields": {
        "equipo": 182,
        "fecha_mantenimiento": "2025-10-10",
        "tipo_mantenimiento": "Correctivo",
        "proveedor": null,
        "nombre_proveedor": null,
        "responsable": "Técnico de Mantenimiento",
        "costo": null,
        "descripcion": "Mantenimiento programado de rutina",
        "documento_mantenimiento": "",
        "observaciones": "Mantenimiento generado para pruebas",
        "fecha_registro": "2025-09-21T01:03:38.859Z"
      }
    },
    {
      "model": "core.mantenimiento",
      "pk": 90,
      "fields": {
        "equipo": 185,
        "fecha_mantenimiento": "2025-10-05",
        "tipo_mantenimiento": "Preventivo",
        "proveedor": null,
        "nombre_proveedor": null,
        "responsable": "Técnico de Mantenimiento",
        "costo": null,
        "descripcion": "Mantenimiento programado de rutina",
        "documento_mantenimiento": "",
        "observaciones": "Mantenimiento generado para pruebas",
        "fecha_registro": "2025-09-21T01:03:39.091Z"
      }
    },
    {
      "model": "core.mantenimiento",
      "pk": 91,
      "fields": {
        "equipo": 191,
        "fecha_mantenimiento": "2025-09-27",
        "tipo_mantenimiento": "Correctivo",
        "proveedor": null,
        "nombre_proveedor": null,
        "responsable": "Técnico de Mantenimiento",
        "costo": null,
        "descripcion": "Mantenimiento programado de rutina",
        "documento_mantenimiento": "",
        "observaciones": "Mantenimiento generado para pruebas",
        "fecha_registro": "2025-09-21T01:03:39.444Z"
      }
    },
    {
      "model": "core.mantenimiento",
      "pk": 92,
      "fields": {
        "equipo": 194,
        "fecha_mantenimiento": "2025-09-24",
        "tipo_mantenimiento": "Correctivo",
        "proveedor": null,
        "nombre_proveedor": null,
        "responsable": "Técnico de Mantenimiento",
        "costo": null,
        "descripcion": "Mantenimiento programado de rutina",
        "documento_mantenimiento": "",
        "observaciones": "Mantenimiento generado para pruebas",
        "fecha_registro": "2025-09-21T01:03:39.574Z"
      }
    },
    {
      "model": "core.mantenimiento",
      "pk": 93,
      "fields": {
        "equipo": 196,
        "fecha_mantenimiento": "2025-10-16",
        "tipo_mantenimiento": "Correctivo",
        "proveedor": null,
        "nombre_proveedor": null,
        "responsable": "Técnico de Mantenimiento",
        "costo": null,
        "descripcion": "Mantenimiento programado de rutina",
        "documento_mantenimiento": "",
        "observaciones": "Mantenimiento generado para pruebas",
        "fecha_registro": "2025-09-21T01:03:39.710Z"
      }
    },
    {
      "model": "core.mantenimiento",
      "pk": 94,
      "fields": {
        "equipo": 199,
        "fecha_mantenimiento": "2025-09-28",
        "tipo_mantenimiento": "Correctivo",
        "proveedor": null,
        "nombre_proveedor": null,
        "responsable": "Técnico de Mantenimiento",
        "costo": null,
        "descripcion": "Mantenimiento programado de rutina",
        "documento_mantenimiento": "",
        "observaciones": "Mantenimiento generado para pruebas",
        "fecha_registro": "2025-09-21T01:03:39.856Z"
      }
    },
    {
      "model": "core.mantenimiento",
      "pk": 95,
      "fields": {
        "equipo": 200,
        "fecha_mantenimiento": "2025-10-13",
        "tipo_mantenimiento": "Preventivo",
        "proveedor": null,
        "nombre_proveedor": null,
        "responsable": "Técnico de Mantenimiento",
        "costo": null,
        "descripcion": "Mantenimiento programado de rutina",
        "documento_mantenimiento": "",
        "observaciones": "Mantenimiento generado para pruebas",
        "fecha_registro": "2025-09-21T01:03:39.897Z"
      }
    },
    {
      "model": "core.mantenimiento",
      "pk": 96,
      "fields": {
        "equipo": 203,
        "fecha_mantenimiento": "2025-10-08",
        "tipo_mantenimiento": "Preventivo",
        "proveedor": null,
        "nombre_proveedor": null,
        "responsable": "Técnico de Mantenimiento",
        "costo": null,
        "descripcion": "Mantenimiento programado de rutina",
        "documento_mantenimiento": "",
        "observaciones": "Mantenimiento generado para pruebas",
        "fecha_registro": "2025-09-21T01:03:40.103Z"
      }
    },
    {
      "model": "core.mantenimiento",
      "pk": 97,
      "fields": {
        "equipo": 206,
        "fecha_mantenimiento": "2025-09-25",
        "tipo_mantenimiento": "Correctivo",
        "proveedor": null,
        "nombre_proveedor": null,
        "responsable": "Técnico de Mantenimiento",
        "costo": null,
        "descripcion": "Mantenimiento programado de rutina",
        "documento_mantenimiento": "",
        "observaciones": "Mantenimiento generado para pruebas",
        "fecha_registro": "2025-09-21T01:03:40.232Z"
      }
    },
    {
      "model": "core.mantenimiento",
      "pk": 98,
      "fields": {
        "equipo": 208,
        "fecha_mantenimiento": "2025-10-09",
        "tipo_mantenimiento": "Correctivo",
        "proveedor": null,
        "nombre_proveedor": null,
        "responsable": "Técnico de Mantenimiento",
        "costo": null,
        "descripcion": "Mantenimiento programado de rutina",
        "documento_mantenimiento": "",
        "observaciones": "Mantenimiento generado para pruebas",
        "fecha_registro": "2025-09-21T01:03:40.348Z"
      }
    },
    {
      "model": "core.mantenimiento",
      "pk": 99,
      "fields": {
        "equipo": 211,
        "fecha_mantenimiento": "2025-09-27",
        "tipo_mantenimiento": "Preventivo",
        "proveedor": null,
        "nombre_proveedor": null,
        "responsable": "Técnico de Mantenimiento",
        "costo": null,
        "descripcion": "Mantenimiento programado de rutina",
        "documento_mantenimiento": "",
        "observaciones": "Mantenimiento generado para pruebas",
        "fecha_registro": "2025-09-21T01:03:40.487Z"
      }
    },
    {
      "model": "core.mantenimiento",
      "pk": 100,
      "fields": {
        "equipo": 213,
        "fecha_mantenimiento": "2025-09-22",
        "tipo_mantenimiento": "Correctivo",
        "proveedor": null,
        "nombre_proveedor": null,
        "responsable": "Técnico de Mantenimiento",
        "costo": null,
        "descripcion": "Mantenimiento programado de rutina",
        "documento_mantenimiento": "",
        "observaciones": "Mantenimiento generado para pruebas",
        "fecha_registro": "2025-09-21T01:03:40.561Z"
      }
    },
    {
      "model": "core.mantenimiento",
      "pk": 101,
      "fields": {
        "equipo": 214,
        "fecha_mantenimiento": "2025-10-12",
        "tipo_mantenimiento": "Preventivo",
        "proveedor": null,
        "nombre_proveedor": null,
        "responsable": "Técnico de Mantenimiento",
        "costo": null,
        "descripcion": "Mantenimiento programado de rutina",
        "documento_mantenimiento": "",
        "observaciones": "Mantenimiento generado para pruebas",
        "fecha_registro": "2025-09-21T01:03:40.617Z"
      }
    },
    {
      "model": "core.mantenimiento",
      "pk": 102,
      "fields": {
        "equipo": 215,
        "fecha_mantenimiento": "2025-10-10",
        "tipo_mantenimiento": "Correctivo",
        "proveedor": null,
        "nombre_proveedor": null,
        "responsable": "Técnico de Mantenimiento",
        "costo": null,
        "descripcion": "Mantenimiento programado de rutina",
        "documento_mantenimiento": "",
        "observaciones": "Mantenimiento generado para pruebas",
        "fecha_registro": "2025-09-21T01:03:40.748Z"
      }
    },
    {
      "model": "core.mantenimiento",
      "pk": 103,
      "fields": {
        "equipo": 218,
        "fecha_mantenimiento": "2025-09-30",
        "tipo_mantenimiento": "Preventivo",
        "proveedor": null,
        "nombre_proveedor": null,
        "responsable": "Técnico de Mantenimiento",
        "costo": null,
        "descripcion": "Mantenimiento programado de rutina",
        "documento_mantenimiento": "",
        "observaciones": "Mantenimiento generado para pruebas",
        "fecha_registro": "2025-09-21T01:03:40.970Z"
      }
    },
    {
      "model": "core.mantenimiento",
      "pk": 104,
      "fields": {
        "equipo": 219,
        "fecha_mantenimiento": "2025-09-23",
        "tipo_mantenimiento": "Preventivo",
        "proveedor": null,
        "nombre_proveedor": null,
        "responsable": "Técnico de Mantenimiento",
        "costo": null,
        "descripcion": "Mantenimiento programado de rutina",
        "documento_mantenimiento": "",
        "observaciones": "Mantenimiento generado para pruebas",
        "fecha_registro": "2025-09-21T01:03:41.012Z"
      }
    }
  ],
  "comprobaciones": [
    {
      "model": "core.comprobacion",
      "pk": 75,
      "fields": {
        "equipo": 181,
        "fecha_comprobacion": "2025-10-16",
        "proveedor": null,
        "nombre_proveedor": null,
        "responsable": "Técnico de Calidad",
        "resultado": "Aprobado",
        "observaciones": "Verificación de funcionamiento básico programada",
        "documento_comprobacion": "",
        "fecha_registro": "2025-09-21T01:03:38.775Z"
      }
    },
    {
      "model": "core.comprobacion",
      "pk": 76,
      "fields": {
        "equipo": 183,
        "fecha_comprobacion": "2025-09-29",
        "proveedor": null,
        "nombre_proveedor": null,
        "responsable": "Técnico de Calidad",
        "resultado": "Aprobado",
        "observaciones": "Verificación de funcionamiento básico programada",
        "documento_comprobacion": "",
        "fecha_registro": "2025-09-21T01:03:38.941Z"
      }
    },
    {
      "model": "core.comprobacion",
      "pk": 77,
      "fields": {
        "equipo": 184,
        "fecha_comprobacion": "2025-10-18",
        "proveedor": null,
        "nombre_proveedor": null,
        "responsable": "Técnico de Calidad",
        "resultado": "Aprobado",
        "observaciones": "Verificación de funcionamiento básico programada",
        "documento_comprobacion": "",
        "fecha_registro": "2025-09-21T01:03:38.991Z"
      }
    },
    {
      "model": "core.comprobacion",
      "pk": 78,
      "fields": {
        "equipo": 185,
        "fecha_comprobacion": "2025-10-01",
        "proveedor": null,
        "nombre_proveedor": null,
        "responsable": "Técnico de Calidad",
        "resultado": "Aprobado",
        "observaciones": "Verificación de funcionamiento básico programada",
        "documento_comprobacion": "",
        "fecha_registro": "2025-09-21T01:03:39.131Z"
      }
    },
    {
      "model": "core.comprobacion",
      "pk": 79,
      "fields": {
        "equipo": 189,
        "fecha_comprobacion": "2025-10-06",
        "proveedor": null,
        "nombre_proveedor": null,
        "responsable": "Técnico de Calidad",
        "resultado": "Aprobado",
        "observaciones": "Verificación de funcionamiento básico programada",
        "documento_comprobacion": "",
        "fecha_registro": "2025-09-21T01:03:39.294Z"
      }
    },
    {
      "model": "core.comprobacion",
      "pk": 80,
      "fields": {
        "equipo": 190,
        "fecha_comprobacion": "2025-10-14",
        "proveedor": null,
        "nombre_proveedor": null,
        "responsable": "Técnico de Calidad",
        "resultado": "Aprobado",
        "observaciones": "Verificación de funcionamiento básico programada",
        "documento_comprobacion": "",
        "fecha_registro": "2025-09-21T01:03:39.358Z"
      }
    },
    {
      "model": "core.comprobacion",
      "pk": 81,
      "fields": {
        "equipo": 192,
        "fecha_comprobacion": "2025-10-10",
        "proveedor": null,
        "nombre_proveedor": null,
        "responsable": "Técnico de Calidad",
        "resultado": "Aprobado",
        "observaciones": "Verificación de funcionamiento básico programada",
        "documento_comprobacion": "",
        "fecha_registro": "2025-09-21T01:03:39.495Z"
      }
    },
    {
      "model": "core.comprobacion",
      "pk": 82,
      "fields": {
        "equipo": 195,
        "fecha_comprobacion": "2025-09-25",
        "proveedor": null,
        "nombre_proveedor": null,
        "responsable": "Técnico de Calidad",
        "resultado": "Aprobado",
        "observaciones": "Verificación de funcionamiento básico programada",
        "documento_comprobacion": "",
        "fecha_registro": "2025-09-21T01:03:39.632Z"
      }
    },
    {
      "model": "core.comprobacion",
      "pk": 83,
      "fields": {
        "equipo": 197,
        "fecha_comprobacion": "2025-10-17",
        "proveedor": null,
        "nombre_proveedor": null,
        "responsable": "Técnico de Calidad",
        "resultado": "Aprobado",
        "observaciones": "Verificación de funcionamiento básico programada",
        "documento_comprobacion": "",
        "fecha_registro": "2025-09-21T01:03:39.763Z"
      }
    },
    {
      "model": "core.comprobacion",
      "pk": 84,
      "fields": {
        "equipo": 198,
        "fecha_comprobacion": "2025-09-30",
        "proveedor": null,
        "nombre_proveedor": null,
        "responsable": "Técnico de Calidad",
        "resultado": "Aprobado",
        "observaciones": "Verificación de funcionamiento básico programada",
        "documento_comprobacion": "",
        "fecha_registro": "2025-09-21T01:03:39.810Z"
      }
    },
    {
      "model": "core.comprobacion",
      "pk": 85,
      "fields": {
        "equipo": 200,
        "fecha_comprobacion": "2025-10-18",
        "proveedor": null,
        "nombre_proveedor": null,
        "responsable": "Técnico de Calidad",
        "resultado": "Aprobado",
        "observaciones": "Verificación de funcionamiento básico programada",
        "documento_comprobacion": "",
        "fecha_registro": "2025-09-21T01:03:39.918Z"
      }
    },
    {
      "model": "core.comprobacion",
      "pk": 86,
      "fields": {
        "equipo": 201,
        "fecha_comprobacion": "2025-09-26",
        "proveedor": null,
        "nombre_proveedor": null,
        "responsable": "Técnico de Calidad",
        "resultado": "Aprobado",
        "observaciones": "Verificación de funcionamiento básico programada",
        "documento_comprobacion": "",
        "fecha_registro": "2025-09-21T01:03:39.982Z"
      }
    },
    {
      "model": "core.comprobacion",
      "pk": 87,
      "fields": {
        "equipo": 207,
        "fecha_comprobacion": "2025-10-09",
        "proveedor": null,
        "nombre_proveedor": null,
        "responsable": "Técnico de Calidad",
        "resultado": "Aprobado",
        "observaciones": "Verificación de funcionamiento básico programada",
        "documento_comprobacion": "",
        "fecha_registro": "2025-09-21T01:03:40.299Z"
      }
    },
    {
      "model": "core.comprobacion",
      "pk": 88,
      "fields": {
        "equipo": 210,
        "fecha_comprobacion": "2025-09-27",
        "proveedor": null,
        "nombre_proveedor": null,
        "responsable": "Técnico de Calidad",
        "resultado": "Aprobado",
        "observaciones": "Verificación de funcionamiento básico programada",
        "documento_comprobacion": "",
        "fecha_registro": "2025-09-21T01:03:40.455Z"
      }
    },
    {
      "model": "core.comprobacion",
      "pk": 89,
      "fields": {
        "equipo": 214,
        "fecha_comprobacion": "2025-09-28",
        "proveedor": null,
        "nombre_proveedor": null,
        "responsable": "Técnico de Calidad",
        "resultado": "Aprobado",
        "observaciones": "Verificación de funcionamiento básico programada",
        "documento_comprobacion": "",
        "fecha_registro": "2025-09-21T01:03:40.667Z"
      }
    },
    {
      "model": "core.comprobacion",
      "pk": 90,
      "fields": {
        "equipo": 215,
        "fecha_comprobacion": "2025-10-05",
        "proveedor": null,
        "nombre_proveedor": null,
        "responsable": "Técnico de Calidad",
        "resultado": "Aprobado",
        "observaciones": "Verificación de funcionamiento básico programada",
        "documento_comprobacion": "",
        "fecha_registro": "2025-09-21T01:03:40.781Z"
      }
    },
    {
      "model": "core.comprobacion",
      "pk": 91,
      "fields": {
        "equipo": 216,
        "fecha_comprobacion": "2025-09-23",
        "proveedor": null,
        "nombre_proveedor": null,
        "responsable": "Técnico de Calidad",
        "resultado": "Aprobado",
        "observaciones": "Verificación de funcionamiento básico programada",
        "documento_comprobacion": "",
        "fecha_registro": "2025-09-21T01:03:40.847Z"
      }
    },
    {
      "model": "core.comprobacion",
      "pk": 92,
      "fields": {
        "equipo": 217,
        "fecha_comprobacion": "2025-10-17",
        "proveedor": null,
        "nombre_proveedor": null,
        "responsable": "Técnico de Calidad",
        "resultado": "Aprobado",
        "observaciones": "Verificación de funcionamiento básico programada",
        "documento_comprobacion": "",
        "fecha_registro": "2025-09-21T01:03:40.921Z"
      }
    },
    {
      "model": "core.comprobacion",
      "pk": 93,
      "fields": {
        "equipo": 219,
        "fecha_comprobacion": "2025-09-25",
        "proveedor": null,
        "nombre_proveedor": null,
        "responsable": "Técnico de Calidad",
        "resultado": "Aprobado",
        "observaciones": "Verificación de funcionamiento básico programada",
        "documento_comprobacion": "",
        "fecha_registro": "2025-09-21T01:03:41.048Z"
      }
    }
  ]
}