{
  "metadata": {
    "empresa_id": 20,
    "empresa_nombre": "Laboratorios Calidad S.A.S",
    "backup_date": "2025-09-23T14:50:39.481246+00:00",
    "version": "1.0"
  },
  "empresa": {
    "model": "core.empresa",
    "pk": 20,
    "fields": {
      "nombre": "Laboratorios Calidad S.A.S",
      "nit": "901234567-8",
      "direccion": "Avenida 6N #23-50, Cali",
      "telefono": "+57-2-3214567",
      "email": "info@labcalidad.com.co",
      "logo_empresa": "",
      "fecha_registro": "2025-09-21T01:03:26.652Z",
      "formato_version_empresa": null,
      "formato_fecha_version_empresa": null,
      "formato_codificacion_empresa": null,
      "es_periodo_prueba": true,
      "duracion_prueba_dias": 15,
      "fecha_inicio_plan": "2025-09-21",
      "limite_equipos_empresa": 50,
      "duracion_suscripcion_meses": null,
      "limite_almacenamiento_mb": 2048,
      "acceso_manual_activo": false,
      "estado_suscripcion": "Activo"
    }
  },
  "usuarios": [
    {
      "model": "core.customuser",
      "pk": 18,
      "fields": {
        "password": "pbkdf2_sha256$1000000$paeZcX6OJhACtAvxWwDbBF$aHv23iQRsTP4Y+5tgBgWHeuu5n/NQXTA/f4/O3QsZCc=",
        "last_login": null,
        "is_superuser": false,
        "username": "usuario3",
        "first_name": "Usuario3",
        "last_name": "Prueba",
        "email": "usuario3@laboratorioscalidads.a.s.com",
        "is_staff": false,
        "is_active": true,
        "date_joined": "2025-09-21T01:03:27.594Z",
        "empresa": 20,
        "groups": [],
        "user_permissions": []
      }
    }
  ],
  "equipos": [
    {
      "model": "core.equipo",
      "pk": 100,
      "fields": {
        "codigo_interno": "LAB-001",
        "nombre": "Microscopio Druck 1",
        "empresa": 20,
        "tipo_equipo": "Microscopio",
        "marca": "Druck",
        "modelo": "M-4444",
        "numero_serie": "SN733466",
        "ubicacion": "Oficina Técnica",
        "responsable": "Técnico Carlos",
        "estado": "Activo",
        "fecha_adquisicion": "2022-02-06",
        "fecha_registro": "2025-09-21T01:03:33.770Z",
        "rango_medida": "0-677 unidades",
        "resolucion": "0.2 unidades",
        "error_maximo_permisible": "1.0600356361568017",
        "observaciones": "Equipo generado para pruebas de calidad",
        "archivo_compra_pdf": "",
        "ficha_tecnica_pdf": "",
        "manual_pdf": "",
        "otros_documentos_pdf": "",
        "imagen_equipo": "",
        "version_formato": null,
        "fecha_version_formato": null,
        "codificacion_formato": null,
        "fecha_ultima_calibracion": "2025-10-06",
        "proxima_calibracion": "2027-10-06",
        "frecuencia_calibracion_meses": "24.00",
        "fecha_ultimo_mantenimiento": "2025-09-26",
        "proximo_mantenimiento": "2026-09-26",
        "frecuencia_mantenimiento_meses": "12.00",
        "fecha_ultima_comprobacion": null,
        "proxima_comprobacion": "2022-05-06",
        "frecuencia_comprobacion_meses": "3.00"
      }
    },
    {
      "model": "core.equipo",
      "pk": 101,
      "fields": {
        "codigo_interno": "LAB-002",
        "nombre": "Multímetro digital Cole-Parmer 2",
        "empresa": 20,
        "tipo_equipo": "Multímetro digital",
        "marca": "Cole-Parmer",
        "modelo": "M-7596",
        "numero_serie": "SN791933",
        "ubicacion": "Planta Principal",
        "responsable": "Técnico Luis",
        "estado": "Activo",
        "fecha_adquisicion": "2021-11-03",
        "fecha_registro": "2025-09-21T01:03:33.865Z",
        "rango_medida": "0-221 unidades",
        "resolucion": "0.2 unidades",
        "error_maximo_permisible": "1.2938868684032214",
        "observaciones": "Equipo generado para pruebas de calidad",
        "archivo_compra_pdf": "",
        "ficha_tecnica_pdf": "",
        "manual_pdf": "",
        "otros_documentos_pdf": "",
        "imagen_equipo": "",
        "version_formato": null,
        "fecha_version_formato": null,
        "codificacion_formato": null,
        "fecha_ultima_calibracion": "2025-10-13",
        "proxima_calibracion": "2026-10-13",
        "frecuencia_calibracion_meses": "12.00",
        "fecha_ultimo_mantenimiento": "2025-10-09",
        "proximo_mantenimiento": "2026-04-09",
        "frecuencia_mantenimiento_meses": "6.00",
        "fecha_ultima_comprobacion": "2025-10-08",
        "proxima_comprobacion": "2025-11-08",
        "frecuencia_comprobacion_meses": "1.00"
      }
    },
    {
      "model": "core.equipo",
      "pk": 102,
      "fields": {
        "codigo_interno": "LAB-003",
        "nombre": "Balanza analítica Omega 3",
        "empresa": 20,
        "tipo_equipo": "Balanza analítica",
        "marca": "Omega",
        "modelo": "M-5913",
        "numero_serie": "SN465190",
        "ubicacion": "Oficina Técnica",
        "responsable": "Técnico María",
        "estado": "Activo",
        "fecha_adquisicion": "2024-01-23",
        "fecha_registro": "2025-09-21T01:03:33.996Z",
        "rango_medida": "0-272 unidades",
        "resolucion": "0.2 unidades",
        "error_maximo_permisible": "1.7585062054866671",
        "observaciones": "Equipo generado para pruebas de calidad",
        "archivo_compra_pdf": "",
        "ficha_tecnica_pdf": "",
        "manual_pdf": "",
        "otros_documentos_pdf": "",
        "imagen_equipo": "",
        "version_formato": null,
        "fecha_version_formato": null,
        "codificacion_formato": null,
        "fecha_ultima_calibracion": null,
        "proxima_calibracion": "2025-01-23",
        "frecuencia_calibracion_meses": "12.00",
        "fecha_ultimo_mantenimiento": null,
        "proximo_mantenimiento": "2024-04-23",
        "frecuencia_mantenimiento_meses": "3.00",
        "fecha_ultima_comprobacion": null,
        "proxima_comprobacion": "2024-02-23",
        "frecuencia_comprobacion_meses": "1.00"
      }
    },
    {
      "model": "core.equipo",
      "pk": 103,
      "fields": {
        "codigo_interno": "LAB-004",
        "nombre": "Balanza analítica Fluke 4",
        "empresa": 20,
        "tipo_equipo": "Balanza analítica",
        "marca": "Fluke",
        "modelo": "M-4275",
        "numero_serie": "SN994868",
        "ubicacion": "Oficina Técnica",
        "responsable": "Técnico María",
        "estado": "Activo",
        "fecha_adquisicion": "2022-01-06",
        "fecha_registro": "2025-09-21T01:03:34.008Z",
        "rango_medida": "0-216 unidades",
        "resolucion": "0.2 unidades",
        "error_maximo_permisible": "1.496925033321958",
        "observaciones": "Equipo generado para pruebas de calidad",
        "archivo_compra_pdf": "",
        "ficha_tecnica_pdf": "",
        "manual_pdf": "",
        "otros_documentos_pdf": "",
        "imagen_equipo": "",
        "version_formato": null,
        "fecha_version_formato": null,
        "codificacion_formato": null,
        "fecha_ultima_calibracion": "2025-09-30",
        "proxima_calibracion": "2026-03-30",
        "frecuencia_calibracion_meses": "6.00",
        "fecha_ultimo_mantenimiento": "2025-09-29",
        "proximo_mantenimiento": "2026-09-29",
        "frecuencia_mantenimiento_meses": "12.00",
        "fecha_ultima_comprobacion": null,
        "proxima_comprobacion": "2022-02-06",
        "frecuencia_comprobacion_meses": "1.00"
      }
    },
    {
      "model": "core.equipo",
      "pk": 104,
      "fields": {
        "codigo_interno": "LAB-005",
        "nombre": "Balanza analítica Keysight 5",
        "empresa": 20,
        "tipo_equipo": "Balanza analítica",
        "marca": "Keysight",
        "modelo": "M-9652",
        "numero_serie": "SN284479",
        "ubicacion": "Laboratorio A",
        "responsable": "Técnico María",
        "estado": "Activo",
        "fecha_adquisicion": "2024-02-21",
        "fecha_registro": "2025-09-21T01:03:34.114Z",
        "rango_medida": "0-441 unidades",
        "resolucion": "0.2 unidades",
        "error_maximo_permisible": "1.493253481432227",
        "observaciones": "Equipo generado para pruebas de calidad",
        "archivo_compra_pdf": "",
        "ficha_tecnica_pdf": "",
        "manual_pdf": "",
        "otros_documentos_pdf": "",
        "imagen_equipo": "",
        "version_formato": null,
        "fecha_version_formato": null,
        "codificacion_formato": null,
        "fecha_ultima_calibracion": "2025-09-28",
        "proxima_calibracion": "2026-09-28",
        "frecuencia_calibracion_meses": "12.00",
        "fecha_ultimo_mantenimiento": null,
        "proximo_mantenimiento": "2024-05-21",
        "frecuencia_mantenimiento_meses": "3.00",
        "fecha_ultima_comprobacion": "2025-10-15",
        "proxima_comprobacion": "2026-04-15",
        "frecuencia_comprobacion_meses": "6.00"
      }
    },
    {
      "model": "core.equipo",
      "pk": 105,
      "fields": {
        "codigo_interno": "LAB-006",
        "nombre": "Termómetro infrarrojo Mettler Toledo 6",
        "empresa": 20,
        "tipo_equipo": "Termómetro infrarrojo",
        "marca": "Mettler Toledo",
        "modelo": "M-6153",
        "numero_serie": "SN580994",
        "ubicacion": "Laboratorio A",
        "responsable": "Técnico María",
        "estado": "Inactivo",
        "fecha_adquisicion": "2022-03-22",
        "fecha_registro": "2025-09-21T01:03:34.192Z",
        "rango_medida": "0-799 unidades",
        "resolucion": "0.2 unidades",
        "error_maximo_permisible": "0.16100691855174476",
        "observaciones": "Equipo generado para pruebas de calidad",
        "archivo_compra_pdf": "",
        "ficha_tecnica_pdf": "",
        "manual_pdf": "",
        "otros_documentos_pdf": "",
        "imagen_equipo": "",
        "version_formato": null,
        "fecha_version_formato": null,
        "codificacion_formato": null,
        "fecha_ultima_calibracion": "2025-10-07",
        "proxima_calibracion": null,
        "frecuencia_calibracion_meses": "24.00",
        "fecha_ultimo_mantenimiento": null,
        "proximo_mantenimiento": null,
        "frecuencia_mantenimiento_meses": "6.00",
        "fecha_ultima_comprobacion": null,
        "proxima_comprobacion": null,
        "frecuencia_comprobacion_meses": "3.00"
      }
    },
    {
      "model": "core.equipo",
      "pk": 106,
      "fields": {
        "codigo_interno": "LAB-007",
        "nombre": "Microscopio Keysight 7",
        "empresa": 20,
        "tipo_equipo": "Microscopio",
        "marca": "Keysight",
        "modelo": "M-5315",
        "numero_serie": "SN151303",
        "ubicacion": "Laboratorio A",
        "responsable": "Técnico Carlos",
        "estado": "Inactivo",
        "fecha_adquisicion": "2022-03-08",
        "fecha_registro": "2025-09-21T01:03:34.228Z",
        "rango_medida": "0-728 unidades",
        "resolucion": "0.2 unidades",
        "error_maximo_permisible": "0.31235889078344836",
        "observaciones": "Equipo generado para pruebas de calidad",
        "archivo_compra_pdf": "",
        "ficha_tecnica_pdf": "",
        "manual_pdf": "",
        "otros_documentos_pdf": "",
        "imagen_equipo": "",
        "version_formato": null,
        "fecha_version_formato": null,
        "codificacion_formato": null,
        "fecha_ultima_calibracion": "2025-10-19",
        "proxima_calibracion": null,
        "frecuencia_calibracion_meses": "24.00",
        "fecha_ultimo_mantenimiento": null,
        "proximo_mantenimiento": null,
        "frecuencia_mantenimiento_meses": "12.00",
        "fecha_ultima_comprobacion": null,
        "proxima_comprobacion": null,
        "frecuencia_comprobacion_meses": "6.00"
      }
    },
    {
      "model": "core.equipo",
      "pk": 107,
      "fields": {
        "codigo_interno": "LAB-008",
        "nombre": "Dinamómetro Cole-Parmer 8",
        "empresa": 20,
        "tipo_equipo": "Dinamómetro",
        "marca": "Cole-Parmer",
        "modelo": "M-7781",
        "numero_serie": "SN111070",
        "ubicacion": "Planta Principal",
        "responsable": "Técnico Ana",
        "estado": "Activo",
        "fecha_adquisicion": "2022-02-21",
        "fecha_registro": "2025-09-21T01:03:34.266Z",
        "rango_medida": "0-815 unidades",
        "resolucion": "0.4 unidades",
        "error_maximo_permisible": "0.17802526138308727",
        "observaciones": "Equipo generado para pruebas de calidad",
        "archivo_compra_pdf": "",
        "ficha_tecnica_pdf": "",
        "manual_pdf": "",
        "otros_documentos_pdf": "",
        "imagen_equipo": "",
        "version_formato": null,
        "fecha_version_formato": null,
        "codificacion_formato": null,
        "fecha_ultima_calibracion": "2025-10-16",
        "proxima_calibracion": "2027-10-16",
        "frecuencia_calibracion_meses": "24.00",
        "fecha_ultimo_mantenimiento": "2025-09-20",
        "proximo_mantenimiento": "2026-03-20",
        "frecuencia_mantenimiento_meses": "6.00",
        "fecha_ultima_comprobacion": "2025-09-20",
        "proxima_comprobacion": "2026-03-20",
        "frecuencia_comprobacion_meses": "6.00"
      }
    },
    {
      "model": "core.equipo",
      "pk": 108,
      "fields": {
        "codigo_interno": "LAB-009",
        "nombre": "Cronómetro Testo 9",
        "empresa": 20,
        "tipo_equipo": "Cronómetro",
        "marca": "Testo",
        "modelo": "M-5437",
        "numero_serie": "SN586678",
        "ubicacion": "Laboratorio B",
        "responsable": "Técnico Juan",
        "estado": "Activo",
        "fecha_adquisicion": "2021-01-09",
        "fecha_registro": "2025-09-21T01:03:34.384Z",
        "rango_medida": "0-138 unidades",
        "resolucion": "0.1 unidades",
        "error_maximo_permisible": "0.3990259796381388",
        "observaciones": "Equipo generado para pruebas de calidad",
        "archivo_compra_pdf": "",
        "ficha_tecnica_pdf": "",
        "manual_pdf": "",
        "otros_documentos_pdf": "",
        "imagen_equipo": "",
        "version_formato": null,
        "fecha_version_formato": null,
        "codificacion_formato": null,
        "fecha_ultima_calibracion": "2025-09-28",
        "proxima_calibracion": "2026-09-28",
        "frecuencia_calibracion_meses": "12.00",
        "fecha_ultimo_mantenimiento": null,
        "proximo_mantenimiento": "2021-04-09",
        "frecuencia_mantenimiento_meses": "3.00",
        "fecha_ultima_comprobacion": null,
        "proxima_comprobacion": "2021-07-09",
        "frecuencia_comprobacion_meses": "6.00"
      }
    },
    {
      "model": "core.equipo",
      "pk": 109,
      "fields": {
        "codigo_interno": "LAB-010",
        "nombre": "Multímetro digital Keysight 10",
        "empresa": 20,
        "tipo_equipo": "Multímetro digital",
        "marca": "Keysight",
        "modelo": "M-7334",
        "numero_serie": "SN776782",
        "ubicacion": "Oficina Técnica",
        "responsable": "Técnico Luis",
        "estado": "Activo",
        "fecha_adquisicion": "2025-01-12",
        "fecha_registro": "2025-09-21T01:03:34.425Z",
        "rango_medida": "0-332 unidades",
        "resolucion": "0.4 unidades",
        "error_maximo_permisible": "0.46173596292822383",
        "observaciones": "Equipo generado para pruebas de calidad",
        "archivo_compra_pdf": "",
        "ficha_tecnica_pdf": "",
        "manual_pdf": "",
        "otros_documentos_pdf": "",
        "imagen_equipo": "",
        "version_formato": null,
        "fecha_version_formato": null,
        "codificacion_formato": null,
        "fecha_ultima_calibracion": null,
        "proxima_calibracion": "2026-01-12",
        "frecuencia_calibracion_meses": "12.00",
        "fecha_ultimo_mantenimiento": "2025-10-11",
        "proximo_mantenimiento": "2026-10-11",
        "frecuencia_mantenimiento_meses": "12.00",
        "fecha_ultima_comprobacion": null,
        "proxima_comprobacion": "2025-07-12",
        "frecuencia_comprobacion_meses": "6.00"
      }
    },
    {
      "model": "core.equipo",
      "pk": 110,
      "fields": {
        "codigo_interno": "LAB-011",
        "nombre": "Microscopio Omega 11",
        "empresa": 20,
        "tipo_equipo": "Microscopio",
        "marca": "Omega",
        "modelo": "M-5320",
        "numero_serie": "SN920642",
        "ubicacion": "Laboratorio A",
        "responsable": "Técnico María",
        "estado": "Activo",
        "fecha_adquisicion": "2022-03-18",
        "fecha_registro": "2025-09-21T01:03:34.461Z",
        "rango_medida": "0-578 unidades",
        "resolucion": "0.1 unidades",
        "error_maximo_permisible": "0.516460466223219",
        "observaciones": "Equipo generado para pruebas de calidad",
        "archivo_compra_pdf": "",
        "ficha_tecnica_pdf": "",
        "manual_pdf": "",
        "otros_documentos_pdf": "",
        "imagen_equipo": "",
        "version_formato": null,
        "fecha_version_formato": null,
        "codificacion_formato": null,
        "fecha_ultima_calibracion": "2025-10-10",
        "proxima_calibracion": "2027-10-10",
        "frecuencia_calibracion_meses": "24.00",
        "fecha_ultimo_mantenimiento": null,
        "proximo_mantenimiento": "2023-03-18",
        "frecuencia_mantenimiento_meses": "12.00",
        "fecha_ultima_comprobacion": null,
        "proxima_comprobacion": "2022-06-18",
        "frecuencia_comprobacion_meses": "3.00"
      }
    },
    {
      "model": "core.equipo",
      "pk": 111,
      "fields": {
        "codigo_interno": "LAB-012",
        "nombre": "Cronómetro Yokogawa 12",
        "empresa": 20,
        "tipo_equipo": "Cronómetro",
        "marca": "Yokogawa",
        "modelo": "M-5534",
        "numero_serie": "SN862435",
        "ubicacion": "Planta Principal",
        "responsable": "Técnico Carlos",
        "estado": "Activo",
        "fecha_adquisicion": "2022-08-25",
        "fecha_registro": "2025-09-21T01:03:34.499Z",
        "rango_medida": "0-414 unidades",
        "resolucion": "0.1 unidades",
        "error_maximo_permisible": "0.5152899040325846",
        "observaciones": "Equipo generado para pruebas de calidad",
        "archivo_compra_pdf": "",
        "ficha_tecnica_pdf": "",
        "manual_pdf": "",
        "otros_documentos_pdf": "",
        "imagen_equipo": "",
        "version_formato": null,
        "fecha_version_formato": null,
        "codificacion_formato": null,
        "fecha_ultima_calibracion": null,
        "proxima_calibracion": "2024-08-25",
        "frecuencia_calibracion_meses": "24.00",
        "fecha_ultimo_mantenimiento": "2025-10-03",
        "proximo_mantenimiento": "2026-04-03",
        "frecuencia_mantenimiento_meses": "6.00",
        "fecha_ultima_comprobacion": null,
        "proxima_comprobacion": "2023-02-25",
        "frecuencia_comprobacion_meses": "6.00"
      }
    },
    {
      "model": "core.equipo",
      "pk": 112,
      "fields": {
        "codigo_interno": "LAB-013",
        "nombre": "Termómetro infrarrojo Mettler Toledo 13",
        "empresa": 20,
        "tipo_equipo": "Termómetro infrarrojo",
        "marca": "Mettler Toledo",
        "modelo": "M-4303",
        "numero_serie": "SN199058",
        "ubicacion": "Planta Principal",
        "responsable": "Técnico Carlos",
        "estado": "Activo",
        "fecha_adquisicion": "2022-11-07",
        "fecha_registro": "2025-09-21T01:03:34.549Z",
        "rango_medida": "0-881 unidades",
        "resolucion": "0.1 unidades",
        "error_maximo_permisible": "0.2152887085823765",
        "observaciones": "Equipo generado para pruebas de calidad",
        "archivo_compra_pdf": "",
        "ficha_tecnica_pdf": "",
        "manual_pdf": "",
        "otros_documentos_pdf": "",
        "imagen_equipo": "",
        "version_formato": null,
        "fecha_version_formato": null,
        "codificacion_formato": null,
        "fecha_ultima_calibracion": "2025-09-28",
        "proxima_calibracion": "2026-03-28",
        "frecuencia_calibracion_meses": "6.00",
        "fecha_ultimo_mantenimiento": "2025-10-04",
        "proximo_mantenimiento": "2026-01-04",
        "frecuencia_mantenimiento_meses": "3.00",
        "fecha_ultima_comprobacion": null,
        "proxima_comprobacion": "2023-02-07",
        "frecuencia_comprobacion_meses": "3.00"
      }
    },
    {
      "model": "core.equipo",
      "pk": 113,
      "fields": {
        "codigo_interno": "LAB-014",
        "nombre": "pH-metro Mettler Toledo 14",
        "empresa": 20,
        "tipo_equipo": "pH-metro",
        "marca": "Mettler Toledo",
        "modelo": "M-8748",
        "numero_serie": "SN112556",
        "ubicacion": "Laboratorio B",
        "responsable": "Técnico María",
        "estado": "Activo",
        "fecha_adquisicion": "2024-07-12",
        "fecha_registro": "2025-09-21T01:03:34.634Z",
        "rango_medida": "0-330 unidades",
        "resolucion": "0.4 unidades",
        "error_maximo_permisible": "0.6319533082698285",
        "observaciones": "Equipo generado para pruebas de calidad",
        "archivo_compra_pdf": "",
        "ficha_tecnica_pdf": "",
        "manual_pdf": "",
        "otros_documentos_pdf": "",
        "imagen_equipo": "",
        "version_formato": null,
        "fecha_version_formato": null,
        "codificacion_formato": null,
        "fecha_ultima_calibracion": null,
        "proxima_calibracion": "2025-07-12",
        "frecuencia_calibracion_meses": "12.00",
        "fecha_ultimo_mantenimiento": "2025-10-06",
        "proximo_mantenimiento": "2026-04-06",
        "frecuencia_mantenimiento_meses": "6.00",
        "fecha_ultima_comprobacion": null,
        "proxima_comprobacion": "2024-10-12",
        "frecuencia_comprobacion_meses": "3.00"
      }
    },
    {
      "model": "core.equipo",
      "pk": 114,
      "fields": {
        "codigo_interno": "LAB-015",
        "nombre": "Espectrofotómetro Keysight 15",
        "empresa": 20,
        "tipo_equipo": "Espectrofotómetro",
        "marca": "Keysight",
        "modelo": "M-4824",
        "numero_serie": "SN906640",
        "ubicacion": "Planta Principal",
        "responsable": "Técnico Luis",
        "estado": "Activo",
        "fecha_adquisicion": "2021-06-13",
        "fecha_registro": "2025-09-21T01:03:34.678Z",
        "rango_medida": "0-312 unidades",
        "resolucion": "0.5 unidades",
        "error_maximo_permisible": "1.2392031238402779",
        "observaciones": "Equipo generado para pruebas de calidad",
        "archivo_compra_pdf": "",
        "ficha_tecnica_pdf": "",
        "manual_pdf": "",
        "otros_documentos_pdf": "",
        "imagen_equipo": "",
        "version_formato": null,
        "fecha_version_formato": null,
        "codificacion_formato": null,
        "fecha_ultima_calibracion": null,
        "proxima_calibracion": "2022-06-13",
        "frecuencia_calibracion_meses": "12.00",
        "fecha_ultimo_mantenimiento": "2025-10-13",
        "proximo_mantenimiento": "2026-10-13",
        "frecuencia_mantenimiento_meses": "12.00",
        "fecha_ultima_comprobacion": "2025-09-20",
        "proxima_comprobacion": "2025-12-20",
        "frecuencia_comprobacion_meses": "3.00"
      }
    },
    {
      "model": "core.equipo",
      "pk": 115,
      "fields": {
        "codigo_interno": "LAB-016",
        "nombre": "Microscopio Fluke 16",
        "empresa": 20,
        "tipo_equipo": "Microscopio",
        "marca": "Fluke",
        "modelo": "M-9372",
        "numero_serie": "SN762694",
        "ubicacion": "Laboratorio B",
        "responsable": "Técnico María",
        "estado": "Activo",
        "fecha_adquisicion": "2022-02-17",
        "fecha_registro": "2025-09-21T01:03:34.752Z",
        "rango_medida": "0-267 unidades",
        "resolucion": "0.1 unidades",
        "error_maximo_permisible": "1.320889140382038",
        "observaciones": "Equipo generado para pruebas de calidad",
        "archivo_compra_pdf": "",
        "ficha_tecnica_pdf": "",
        "manual_pdf": "",
        "otros_documentos_pdf": "",
        "imagen_equipo": "",
        "version_formato": null,
        "fecha_version_formato": null,
        "codificacion_formato": null,
        "fecha_ultima_calibracion": "2025-09-25",
        "proxima_calibracion": "2026-09-25",
        "frecuencia_calibracion_meses": "12.00",
        "fecha_ultimo_mantenimiento": "2025-10-11",
        "proximo_mantenimiento": "2026-04-11",
        "frecuencia_mantenimiento_meses": "6.00",
        "fecha_ultima_comprobacion": null,
        "proxima_comprobacion": "2022-03-17",
        "frecuencia_comprobacion_meses": "1.00"
      }
    },
    {
      "model": "core.equipo",
      "pk": 116,
      "fields": {
        "codigo_interno": "LAB-017",
        "nombre": "Calibrador de presión Mettler Toledo 17",
        "empresa": 20,
        "tipo_equipo": "Calibrador de presión",
        "marca": "Mettler Toledo",
        "modelo": "M-1699",
        "numero_serie": "SN706947",
        "ubicacion": "Oficina Técnica",
        "responsable": "Técnico Carlos",
        "estado": "Activo",
        "fecha_adquisicion": "2022-09-19",
        "fecha_registro": "2025-09-21T01:03:34.845Z",
        "rango_medida": "0-785 unidades",
        "resolucion": "0.1 unidades",
        "error_maximo_permisible": "1.078711972712319",
        "observaciones": "Equipo generado para pruebas de calidad",
        "archivo_compra_pdf": "",
        "ficha_tecnica_pdf": "",
        "manual_pdf": "",
        "otros_documentos_pdf": "",
        "imagen_equipo": "",
        "version_formato": null,
        "fecha_version_formato": null,
        "codificacion_formato": null,
        "fecha_ultima_calibracion": null,
        "proxima_calibracion": "2023-09-19",
        "frecuencia_calibracion_meses": "12.00",
        "fecha_ultimo_mantenimiento": "2025-10-04",
        "proximo_mantenimiento": "2026-04-04",
        "frecuencia_mantenimiento_meses": "6.00",
        "fecha_ultima_comprobacion": null,
        "proxima_comprobacion": "2023-03-19",
        "frecuencia_comprobacion_meses": "6.00"
      }
    },
    {
      "model": "core.equipo",
      "pk": 117,
      "fields": {
        "codigo_interno": "LAB-018",
        "nombre": "pH-metro Omega 18",
        "empresa": 20,
        "tipo_equipo": "pH-metro",
        "marca": "Omega",
        "modelo": "M-1253",
        "numero_serie": "SN787193",
        "ubicacion": "Planta Principal",
        "responsable": "Técnico Luis",
        "estado": "De Baja",
        "fecha_adquisicion": "2024-04-01",
        "fecha_registro": "2025-09-21T01:03:34.894Z",
        "rango_medida": "0-104 unidades",
        "resolucion": "0.3 unidades",
        "error_maximo_permisible": "0.3192517977174568",
        "observaciones": "Equipo generado para pruebas de calidad",
        "archivo_compra_pdf": "",
        "ficha_tecnica_pdf": "",
        "manual_pdf": "",
        "otros_documentos_pdf": "",
        "imagen_equipo": "",
        "version_formato": null,
        "fecha_version_formato": null,
        "codificacion_formato": null,
        "fecha_ultima_calibracion": null,
        "proxima_calibracion": null,
        "frecuencia_calibracion_meses": "12.00",
        "fecha_ultimo_mantenimiento": null,
        "proximo_mantenimiento": null,
        "frecuencia_mantenimiento_meses": "3.00",
        "fecha_ultima_comprobacion": "2025-10-17",
        "proxima_comprobacion": null,
        "frecuencia_comprobacion_meses": "6.00"
      }
    },
    {
      "model": "core.equipo",
      "pk": 118,
      "fields": {
        "codigo_interno": "LAB-019",
        "nombre": "Espectrofotómetro Sartorius 19",
        "empresa": 20,
        "tipo_equipo": "Espectrofotómetro",
        "marca": "Sartorius",
        "modelo": "M-1282",
        "numero_serie": "SN101474",
        "ubicacion": "Oficina Técnica",
        "responsable": "Técnico Luis",
        "estado": "Activo",
        "fecha_adquisicion": "2024-08-24",
        "fecha_registro": "2025-09-21T01:03:34.932Z",
        "rango_medida": "0-423 unidades",
        "resolucion": "0.2 unidades",
        "error_maximo_permisible": "0.8279523110755821",
        "observaciones": "Equipo generado para pruebas de calidad",
        "archivo_compra_pdf": "",
        "ficha_tecnica_pdf": "",
        "manual_pdf": "",
        "otros_documentos_pdf": "",
        "imagen_equipo": "",
        "version_formato": null,
        "fecha_version_formato": null,
        "codificacion_formato": null,
        "fecha_ultima_calibracion": null,
        "proxima_calibracion": "2025-02-24",
        "frecuencia_calibracion_meses": "6.00",
        "fecha_ultimo_mantenimiento": null,
        "proximo_mantenimiento": "2024-11-24",
        "frecuencia_mantenimiento_meses": "3.00",
        "fecha_ultima_comprobacion": null,
        "proxima_comprobacion": "2024-09-24",
        "frecuencia_comprobacion_meses": "1.00"
      }
    },
    {
      "model": "core.equipo",
      "pk": 119,
      "fields": {
        "codigo_interno": "LAB-020",
        "nombre": "Dinamómetro Cole-Parmer 20",
        "empresa": 20,
        "tipo_equipo": "Dinamómetro",
        "marca": "Cole-Parmer",
        "modelo": "M-2779",
        "numero_serie": "SN370973",
        "ubicacion": "Oficina Técnica",
        "responsable": "Técnico Carlos",
        "estado": "Activo",
        "fecha_adquisicion": "2023-01-06",
        "fecha_registro": "2025-09-21T01:03:34.948Z",
        "rango_medida": "0-441 unidades",
        "resolucion": "0.3 unidades",
        "error_maximo_permisible": "1.002788466020075",
        "observaciones": "Equipo generado para pruebas de calidad",
        "archivo_compra_pdf": "",
        "ficha_tecnica_pdf": "",
        "manual_pdf": "",
        "otros_documentos_pdf": "",
        "imagen_equipo": "",
        "version_formato": null,
        "fecha_version_formato": null,
        "codificacion_formato": null,
        "fecha_ultima_calibracion": "2025-10-10",
        "proxima_calibracion": "2026-10-10",
        "frecuencia_calibracion_meses": "12.00",
        "fecha_ultimo_mantenimiento": null,
        "proximo_mantenimiento": "2024-01-06",
        "frecuencia_mantenimiento_meses": "12.00",
        "fecha_ultima_comprobacion": null,
        "proxima_comprobacion": "2023-04-06",
        "frecuencia_comprobacion_meses": "3.00"
      }
    },
    {
      "model": "core.equipo",
      "pk": 120,
      "fields": {
        "codigo_interno": "LAB-021",
        "nombre": "Multímetro digital Yokogawa 21",
        "empresa": 20,
        "tipo_equipo": "Multímetro digital",
        "marca": "Yokogawa",
        "modelo": "M-5206",
        "numero_serie": "SN287139",
        "ubicacion": "Planta Principal",
        "responsable": "Técnico María",
        "estado": "Activo",
        "fecha_adquisicion": "2022-12-08",
        "fecha_registro": "2025-09-21T01:03:34.998Z",
        "rango_medida": "0-438 unidades",
        "resolucion": "0.2 unidades",
        "error_maximo_permisible": "0.6246588993918483",
        "observaciones": "Equipo generado para pruebas de calidad",
        "archivo_compra_pdf": "",
        "ficha_tecnica_pdf": "",
        "manual_pdf": "",
        "otros_documentos_pdf": "",
        "imagen_equipo": "",
        "version_formato": null,
        "fecha_version_formato": null,
        "codificacion_formato": null,
        "fecha_ultima_calibracion": null,
        "proxima_calibracion": "2024-12-08",
        "frecuencia_calibracion_meses": "24.00",
        "fecha_ultimo_mantenimiento": null,
        "proximo_mantenimiento": "2023-12-08",
        "frecuencia_mantenimiento_meses": "12.00",
        "fecha_ultima_comprobacion": "2025-10-20",
        "proxima_comprobacion": "2025-11-20",
        "frecuencia_comprobacion_meses": "1.00"
      }
    },
    {
      "model": "core.equipo",
      "pk": 121,
      "fields": {
        "codigo_interno": "LAB-022",
        "nombre": "Manómetro digital Omega 22",
        "empresa": 20,
        "tipo_equipo": "Manómetro digital",
        "marca": "Omega",
        "modelo": "M-7720",
        "numero_serie": "SN367999",
        "ubicacion": "Oficina Técnica",
        "responsable": "Técnico Ana",
        "estado": "De Baja",
        "fecha_adquisicion": "2022-09-30",
        "fecha_registro": "2025-09-21T01:03:35.036Z",
        "rango_medida": "0-212 unidades",
        "resolucion": "0.2 unidades",
        "error_maximo_permisible": "0.7228337254349982",
        "observaciones": "Equipo generado para pruebas de calidad",
        "archivo_compra_pdf": "",
        "ficha_tecnica_pdf": "",
        "manual_pdf": "",
        "otros_documentos_pdf": "",
        "imagen_equipo": "",
        "version_formato": null,
        "fecha_version_formato": null,
        "codificacion_formato": null,
        "fecha_ultima_calibracion": null,
        "proxima_calibracion": null,
        "frecuencia_calibracion_meses": "6.00",
        "fecha_ultimo_mantenimiento": null,
        "proximo_mantenimiento": null,
        "frecuencia_mantenimiento_meses": "3.00",
        "fecha_ultima_comprobacion": null,
        "proxima_comprobacion": null,
        "frecuencia_comprobacion_meses": "1.00"
      }
    },
    {
      "model": "core.equipo",
      "pk": 122,
      "fields": {
        "codigo_interno": "LAB-023",
        "nombre": "Calibrador de presión Fluke 23",
        "empresa": 20,
        "tipo_equipo": "Calibrador de presión",
        "marca": "Fluke",
        "modelo": "M-5996",
        "numero_serie": "SN609203",
        "ubicacion": "Laboratorio A",
        "responsable": "Técnico Luis",
        "estado": "Activo",
        "fecha_adquisicion": "2024-03-12",
        "fecha_registro": "2025-09-21T01:03:35.045Z",
        "rango_medida": "0-584 unidades",
        "resolucion": "0.4 unidades",
        "error_maximo_permisible": "0.7695124698881004",
        "observaciones": "Equipo generado para pruebas de calidad",
        "archivo_compra_pdf": "",
        "ficha_tecnica_pdf": "",
        "manual_pdf": "",
        "otros_documentos_pdf": "",
        "imagen_equipo": "",
        "version_formato": null,
        "fecha_version_formato": null,
        "codificacion_formato": null,
        "fecha_ultima_calibracion": "2025-10-06",
        "proxima_calibracion": "2026-10-06",
        "frecuencia_calibracion_meses": "12.00",
        "fecha_ultimo_mantenimiento": null,
        "proximo_mantenimiento": "2024-09-12",
        "frecuencia_mantenimiento_meses": "6.00",
        "fecha_ultima_comprobacion": "2025-09-25",
        "proxima_comprobacion": "2025-12-25",
        "frecuencia_comprobacion_meses": "3.00"
      }
    },
    {
      "model": "core.equipo",
      "pk": 123,
      "fields": {
        "codigo_interno": "LAB-024",
        "nombre": "Manómetro digital Yokogawa 24",
        "empresa": 20,
        "tipo_equipo": "Manómetro digital",
        "marca": "Yokogawa",
        "modelo": "M-8834",
        "numero_serie": "SN845800",
        "ubicacion": "Laboratorio B",
        "responsable": "Técnico Juan",
        "estado": "Activo",
        "fecha_adquisicion": "2025-08-12",
        "fecha_registro": "2025-09-21T01:03:35.128Z",
        "rango_medida": "0-871 unidades",
        "resolucion": "0.1 unidades",
        "error_maximo_permisible": "0.49874274750980385",
        "observaciones": "Equipo generado para pruebas de calidad",
        "archivo_compra_pdf": "",
        "ficha_tecnica_pdf": "",
        "manual_pdf": "",
        "otros_documentos_pdf": "",
        "imagen_equipo": "",
        "version_formato": null,
        "fecha_version_formato": null,
        "codificacion_formato": null,
        "fecha_ultima_calibracion": null,
        "proxima_calibracion": "2026-08-12",
        "frecuencia_calibracion_meses": "12.00",
        "fecha_ultimo_mantenimiento": "2025-09-22",
        "proximo_mantenimiento": "2026-03-22",
        "frecuencia_mantenimiento_meses": "6.00",
        "fecha_ultima_comprobacion": "2025-10-19",
        "proxima_comprobacion": "2026-04-19",
        "frecuencia_comprobacion_meses": "6.00"
      }
    },
    {
      "model": "core.equipo",
      "pk": 124,
      "fields": {
        "codigo_interno": "LAB-025",
        "nombre": "Manómetro digital Hanna Instruments 25",
        "empresa": 20,
        "tipo_equipo": "Manómetro digital",
        "marca": "Hanna Instruments",
        "modelo": "M-6544",
        "numero_serie": "SN599564",
        "ubicacion": "Oficina Técnica",
        "responsable": "Técnico Juan",
        "estado": "Activo",
        "fecha_adquisicion": "2022-12-08",
        "fecha_registro": "2025-09-21T01:03:35.206Z",
        "rango_medida": "0-166 unidades",
        "resolucion": "0.1 unidades",
        "error_maximo_permisible": "0.19838341502599258",
        "observaciones": "Equipo generado para pruebas de calidad",
        "archivo_compra_pdf": "",
        "ficha_tecnica_pdf": "",
        "manual_pdf": "",
        "otros_documentos_pdf": "",
        "imagen_equipo": "",
        "version_formato": null,
        "fecha_version_formato": null,
        "codificacion_formato": null,
        "fecha_ultima_calibracion": null,
        "proxima_calibracion": "2023-12-08",
        "frecuencia_calibracion_meses": "12.00",
        "fecha_ultimo_mantenimiento": "2025-10-18",
        "proximo_mantenimiento": "2026-01-18",
        "frecuencia_mantenimiento_meses": "3.00",
        "fecha_ultima_comprobacion": "2025-10-15",
        "proxima_comprobacion": "2026-04-15",
        "frecuencia_comprobacion_meses": "6.00"
      }
    },
    {
      "model": "core.equipo",
      "pk": 125,
      "fields": {
        "codigo_interno": "LAB-026",
        "nombre": "Microscopio Mettler Toledo 26",
        "empresa": 20,
        "tipo_equipo": "Microscopio",
        "marca": "Mettler Toledo",
        "modelo": "M-2274",
        "numero_serie": "SN159617",
        "ubicacion": "Oficina Técnica",
        "responsable": "Técnico Luis",
        "estado": "Activo",
        "fecha_adquisicion": "2022-08-31",
        "fecha_registro": "2025-09-21T01:03:35.272Z",
        "rango_medida": "0-462 unidades",
        "resolucion": "0.2 unidades",
        "error_maximo_permisible": "0.644068088539214",
        "observaciones": "Equipo generado para pruebas de calidad",
        "archivo_compra_pdf": "",
        "ficha_tecnica_pdf": "",
        "manual_pdf": "",
        "otros_documentos_pdf": "",
        "imagen_equipo": "",
        "version_formato": null,
        "fecha_version_formato": null,
        "codificacion_formato": null,
        "fecha_ultima_calibracion": null,
        "proxima_calibracion": "2023-08-31",
        "frecuencia_calibracion_meses": "12.00",
        "fecha_ultimo_mantenimiento": "2025-10-13",
        "proximo_mantenimiento": "2026-10-13",
        "frecuencia_mantenimiento_meses": "12.00",
        "fecha_ultima_comprobacion": null,
        "proxima_comprobacion": "2023-02-28",
        "frecuencia_comprobacion_meses": "6.00"
      }
    },
    {
      "model": "core.equipo",
      "pk": 126,
      "fields": {
        "codigo_interno": "LAB-027",
        "nombre": "Termómetro infrarrojo Fluke 27",
        "empresa": 20,
        "tipo_equipo": "Termómetro infrarrojo",
        "marca": "Fluke",
        "modelo": "M-3367",
        "numero_serie": "SN101199",
        "ubicacion": "Planta Principal",
        "responsable": "Técnico Juan",
        "estado": "Activo",
        "fecha_adquisicion": "2024-01-31",
        "fecha_registro": "2025-09-21T01:03:35.307Z",
        "rango_medida": "0-477 unidades",
        "resolucion": "0.4 unidades",
        "error_maximo_permisible": "0.16305084584632665",
        "observaciones": "Equipo generado para pruebas de calidad",
        "archivo_compra_pdf": "",
        "ficha_tecnica_pdf": "",
        "manual_pdf": "",
        "otros_documentos_pdf": "",
        "imagen_equipo": "",
        "version_formato": null,
        "fecha_version_formato": null,
        "codificacion_formato": null,
        "fecha_ultima_calibracion": null,
        "proxima_calibracion": "2026-01-31",
        "frecuencia_calibracion_meses": "24.00",
        "fecha_ultimo_mantenimiento": "2025-10-20",
        "proximo_mantenimiento": "2026-01-20",
        "frecuencia_mantenimiento_meses": "3.00",
        "fecha_ultima_comprobacion": null,
        "proxima_comprobacion": "2024-02-29",
        "frecuencia_comprobacion_meses": "1.00"
      }
    },
    {
      "model": "core.equipo",
      "pk": 127,
      "fields": {
        "codigo_interno": "LAB-028",
        "nombre": "Dinamómetro Omega 28",
        "empresa": 20,
        "tipo_equipo": "Dinamómetro",
        "marca": "Omega",
        "modelo": "M-5369",
        "numero_serie": "SN181394",
        "ubicacion": "Planta Principal",
        "responsable": "Técnico Ana",
        "estado": "Activo",
        "fecha_adquisicion": "2025-02-27",
        "fecha_registro": "2025-09-21T01:03:35.357Z",
        "rango_medida": "0-328 unidades",
        "resolucion": "0.4 unidades",
        "error_maximo_permisible": "1.8047905921023102",
        "observaciones": "Equipo generado para pruebas de calidad",
        "archivo_compra_pdf": "",
        "ficha_tecnica_pdf": "",
        "manual_pdf": "",
        "otros_documentos_pdf": "",
        "imagen_equipo": "",
        "version_formato": null,
        "fecha_version_formato": null,
        "codificacion_formato": null,
        "fecha_ultima_calibracion": null,
        "proxima_calibracion": "2027-02-27",
        "frecuencia_calibracion_meses": "24.00",
        "fecha_ultimo_mantenimiento": "2025-10-05",
        "proximo_mantenimiento": "2026-04-05",
        "frecuencia_mantenimiento_meses": "6.00",
        "fecha_ultima_comprobacion": "2025-10-04",
        "proxima_comprobacion": "2026-04-04",
        "frecuencia_comprobacion_meses": "6.00"
      }
    },
    {
      "model": "core.equipo",
      "pk": 128,
      "fields": {
        "codigo_interno": "LAB-029",
        "nombre": "Manómetro digital Yokogawa 29",
        "empresa": 20,
        "tipo_equipo": "Manómetro digital",
        "marca": "Yokogawa",
        "modelo": "M-6335",
        "numero_serie": "SN645870",
        "ubicacion": "Planta Principal",
        "responsable": "Técnico Juan",
        "estado": "Activo",
        "fecha_adquisicion": "2024-07-09",
        "fecha_registro": "2025-09-21T01:03:35.442Z",
        "rango_medida": "0-992 unidades",
        "resolucion": "0.2 unidades",
        "error_maximo_permisible": "0.19170479826199016",
        "observaciones": "Equipo generado para pruebas de calidad",
        "archivo_compra_pdf": "",
        "ficha_tecnica_pdf": "",
        "manual_pdf": "",
        "otros_documentos_pdf": "",
        "imagen_equipo": "",
        "version_formato": null,
        "fecha_version_formato": null,
        "codificacion_formato": null,
        "fecha_ultima_calibracion": "2025-09-24",
        "proxima_calibracion": "2026-03-24",
        "frecuencia_calibracion_meses": "6.00",
        "fecha_ultimo_mantenimiento": "2025-10-09",
        "proximo_mantenimiento": "2026-01-09",
        "frecuencia_mantenimiento_meses": "3.00",
        "fecha_ultima_comprobacion": null,
        "proxima_comprobacion": "2025-01-09",
        "frecuencia_comprobacion_meses": "6.00"
      }
    },
    {
      "model": "core.equipo",
      "pk": 129,
      "fields": {
        "codigo_interno": "LAB-030",
        "nombre": "Espectrofotómetro Omega 30",
        "empresa": 20,
        "tipo_equipo": "Espectrofotómetro",
        "marca": "Omega",
        "modelo": "M-5166",
        "numero_serie": "SN212722",
        "ubicacion": "Laboratorio B",
        "responsable": "Técnico Luis",
        "estado": "Activo",
        "fecha_adquisicion": "2020-11-09",
        "fecha_registro": "2025-09-21T01:03:35.527Z",
        "rango_medida": "0-339 unidades",
        "resolucion": "0.5 unidades",
        "error_maximo_permisible": "1.838496546918446",
        "observaciones": "Equipo generado para pruebas de calidad",
        "archivo_compra_pdf": "",
        "ficha_tecnica_pdf": "",
        "manual_pdf": "",
        "otros_documentos_pdf": "",
        "imagen_equipo": "",
        "version_formato": null,
        "fecha_version_formato": null,
        "codificacion_formato": null,
        "fecha_ultima_calibracion": null,
        "proxima_calibracion": "2021-11-09",
        "frecuencia_calibracion_meses": "12.00",
        "fecha_ultimo_mantenimiento": "2025-09-24",
        "proximo_mantenimiento": "2025-12-24",
        "frecuencia_mantenimiento_meses": "3.00",
        "fecha_ultima_comprobacion": null,
        "proxima_comprobacion": "2021-05-09",
        "frecuencia_comprobacion_meses": "6.00"
      }
    },
    {
      "model": "core.equipo",
      "pk": 130,
      "fields": {
        "codigo_interno": "LAB-031",
        "nombre": "pH-metro Yokogawa 31",
        "empresa": 20,
        "tipo_equipo": "pH-metro",
        "marca": "Yokogawa",
        "modelo": "M-5869",
        "numero_serie": "SN679379",
        "ubicacion": "Oficina Técnica",
        "responsable": "Técnico María",
        "estado": "Activo",
        "fecha_adquisicion": "2024-10-17",
        "fecha_registro": "2025-09-21T01:03:35.591Z",
        "rango_medida": "0-877 unidades",
        "resolucion": "0.5 unidades",
        "error_maximo_permisible": "1.77587348069893",
        "observaciones": "Equipo generado para pruebas de calidad",
        "archivo_compra_pdf": "",
        "ficha_tecnica_pdf": "",
        "manual_pdf": "",
        "otros_documentos_pdf": "",
        "imagen_equipo": "",
        "version_formato": null,
        "fecha_version_formato": null,
        "codificacion_formato": null,
        "fecha_ultima_calibracion": null,
        "proxima_calibracion": "2026-10-17",
        "frecuencia_calibracion_meses": "24.00",
        "fecha_ultimo_mantenimiento": "2025-10-09",
        "proximo_mantenimiento": "2026-04-09",
        "frecuencia_mantenimiento_meses": "6.00",
        "fecha_ultima_comprobacion": "2025-10-20",
        "proxima_comprobacion": "2026-04-20",
        "frecuencia_comprobacion_meses": "6.00"
      }
    },
    {
      "model": "core.equipo",
      "pk": 131,
      "fields": {
        "codigo_interno": "LAB-032",
        "nombre": "Dinamómetro Cole-Parmer 32",
        "empresa": 20,
        "tipo_equipo": "Dinamómetro",
        "marca": "Cole-Parmer",
        "modelo": "M-8339",
        "numero_serie": "SN783734",
        "ubicacion": "Planta Principal",
        "responsable": "Técnico Carlos",
        "estado": "Inactivo",
        "fecha_adquisicion": "2022-05-05",
        "fecha_registro": "2025-09-21T01:03:35.678Z",
        "rango_medida": "0-928 unidades",
        "resolucion": "0.5 unidades",
        "error_maximo_permisible": "1.50425859385206",
        "observaciones": "Equipo generado para pruebas de calidad",
        "archivo_compra_pdf": "",
        "ficha_tecnica_pdf": "",
        "manual_pdf": "",
        "otros_documentos_pdf": "",
        "imagen_equipo": "",
        "version_formato": null,
        "fecha_version_formato": null,
        "codificacion_formato": null,
        "fecha_ultima_calibracion": null,
        "proxima_calibracion": null,
        "frecuencia_calibracion_meses": "24.00",
        "fecha_ultimo_mantenimiento": "2025-10-08",
        "proximo_mantenimiento": null,
        "frecuencia_mantenimiento_meses": "3.00",
        "fecha_ultima_comprobacion": "2025-10-15",
        "proxima_comprobacion": null,
        "frecuencia_comprobacion_meses": "1.00"
      }
    },
    {
      "model": "core.equipo",
      "pk": 132,
      "fields": {
        "codigo_interno": "LAB-033",
        "nombre": "Calibrador de presión Fluke 33",
        "empresa": 20,
        "tipo_equipo": "Calibrador de presión",
        "marca": "Fluke",
        "modelo": "M-2585",
        "numero_serie": "SN517869",
        "ubicacion": "Laboratorio B",
        "responsable": "Técnico Juan",
        "estado": "Activo",
        "fecha_adquisicion": "2024-06-03",
        "fecha_registro": "2025-09-21T01:03:35.952Z",
        "rango_medida": "0-332 unidades",
        "resolucion": "0.4 unidades",
        "error_maximo_permisible": "0.6805978441904793",
        "observaciones": "Equipo generado para pruebas de calidad",
        "archivo_compra_pdf": "",
        "ficha_tecnica_pdf": "",
        "manual_pdf": "",
        "otros_documentos_pdf": "",
        "imagen_equipo": "",
        "version_formato": null,
        "fecha_version_formato": null,
        "codificacion_formato": null,
        "fecha_ultima_calibracion": null,
        "proxima_calibracion": "2026-06-03",
        "frecuencia_calibracion_meses": "24.00",
        "fecha_ultimo_mantenimiento": "2025-10-04",
        "proximo_mantenimiento": "2026-04-04",
        "frecuencia_mantenimiento_meses": "6.00",
        "fecha_ultima_comprobacion": "2025-09-24",
        "proxima_comprobacion": "2025-10-24",
        "frecuencia_comprobacion_meses": "1.00"
      }
    },
    {
      "model": "core.equipo",
      "pk": 133,
      "fields": {
        "codigo_interno": "LAB-034",
        "nombre": "Termómetro infrarrojo Cole-Parmer 34",
        "empresa": 20,
        "tipo_equipo": "Termómetro infrarrojo",
        "marca": "Cole-Parmer",
        "modelo": "M-2729",
        "numero_serie": "SN393254",
        "ubicacion": "Laboratorio B",
        "responsable": "Técnico Carlos",
        "estado": "Inactivo",
        "fecha_adquisicion": "2025-02-26",
        "fecha_registro": "2025-09-21T01:03:36.030Z",
        "rango_medida": "0-226 unidades",
        "resolucion": "0.5 unidades",
        "error_maximo_permisible": "0.11306937237411593",
        "observaciones": "Equipo generado para pruebas de calidad",
        "archivo_compra_pdf": "",
        "ficha_tecnica_pdf": "",
        "manual_pdf": "",
        "otros_documentos_pdf": "",
        "imagen_equipo": "",
        "version_formato": null,
        "fecha_version_formato": null,
        "codificacion_formato": null,
        "fecha_ultima_calibracion": null,
        "proxima_calibracion": null,
        "frecuencia_calibracion_meses": "24.00",
        "fecha_ultimo_mantenimiento": null,
        "proximo_mantenimiento": null,
        "frecuencia_mantenimiento_meses": "12.00",
        "fecha_ultima_comprobacion": "2025-10-01",
        "proxima_comprobacion": null,
        "frecuencia_comprobacion_meses": "3.00"
      }
    },
    {
      "model": "core.equipo",
      "pk": 134,
      "fields": {
        "codigo_interno": "LAB-035",
        "nombre": "Calibrador de presión Testo 35",
        "empresa": 20,
        "tipo_equipo": "Calibrador de presión",
        "marca": "Testo",
        "modelo": "M-6818",
        "numero_serie": "SN117721",
        "ubicacion": "Planta Principal",
        "responsable": "Técnico Carlos",
        "estado": "Activo",
        "fecha_adquisicion": "2022-09-07",
        "fecha_registro": "2025-09-21T01:03:36.073Z",
        "rango_medida": "0-661 unidades",
        "resolucion": "0.1 unidades",
        "error_maximo_permisible": "1.4349777689383034",
        "observaciones": "Equipo generado para pruebas de calidad",
        "archivo_compra_pdf": "",
        "ficha_tecnica_pdf": "",
        "manual_pdf": "",
        "otros_documentos_pdf": "",
        "imagen_equipo": "",
        "version_formato": null,
        "fecha_version_formato": null,
        "codificacion_formato": null,
        "fecha_ultima_calibracion": null,
        "proxima_calibracion": "2024-09-07",
        "frecuencia_calibracion_meses": "24.00",
        "fecha_ultimo_mantenimiento": "2025-10-01",
        "proximo_mantenimiento": "2026-01-01",
        "frecuencia_mantenimiento_meses": "3.00",
        "fecha_ultima_comprobacion": "2025-09-21",
        "proxima_comprobacion": "2025-10-21",
        "frecuencia_comprobacion_meses": "1.00"
      }
    },
    {
      "model": "core.equipo",
      "pk": 135,
      "fields": {
        "codigo_interno": "LAB-036",
        "nombre": "Espectrofotómetro Cole-Parmer 36",
        "empresa": 20,
        "tipo_equipo": "Espectrofotómetro",
        "marca": "Cole-Parmer",
        "modelo": "M-9883",
        "numero_serie": "SN613395",
        "ubicacion": "Laboratorio B",
        "responsable": "Técnico Carlos",
        "estado": "Activo",
        "fecha_adquisicion": "2021-06-14",
        "fecha_registro": "2025-09-21T01:03:36.154Z",
        "rango_medida": "0-338 unidades",
        "resolucion": "0.2 unidades",
        "error_maximo_permisible": "0.7640020251429099",
        "observaciones": "Equipo generado para pruebas de calidad",
        "archivo_compra_pdf": "",
        "ficha_tecnica_pdf": "",
        "manual_pdf": "",
        "otros_documentos_pdf": "",
        "imagen_equipo": "",
        "version_formato": null,
        "fecha_version_formato": null,
        "codificacion_formato": null,
        "fecha_ultima_calibracion": null,
        "proxima_calibracion": "2023-06-14",
        "frecuencia_calibracion_meses": "24.00",
        "fecha_ultimo_mantenimiento": null,
        "proximo_mantenimiento": "2021-09-14",
        "frecuencia_mantenimiento_meses": "3.00",
        "fecha_ultima_comprobacion": "2025-09-22",
        "proxima_comprobacion": "2026-03-22",
        "frecuencia_comprobacion_meses": "6.00"
      }
    },
    {
      "model": "core.equipo",
      "pk": 136,
      "fields": {
        "codigo_interno": "LAB-037",
        "nombre": "Manómetro digital Omega 37",
        "empresa": 20,
        "tipo_equipo": "Manómetro digital",
        "marca": "Omega",
        "modelo": "M-3613",
        "numero_serie": "SN190217",
        "ubicacion": "Laboratorio A",
        "responsable": "Técnico Juan",
        "estado": "Activo",
        "fecha_adquisicion": "2025-06-05",
        "fecha_registro": "2025-09-21T01:03:36.198Z",
        "rango_medida": "0-261 unidades",
        "resolucion": "0.3 unidades",
        "error_maximo_permisible": "0.8881043088231927",
        "observaciones": "Equipo generado para pruebas de calidad",
        "archivo_compra_pdf": "",
        "ficha_tecnica_pdf": "",
        "manual_pdf": "",
        "otros_documentos_pdf": "",
        "imagen_equipo": "",
        "version_formato": null,
        "fecha_version_formato": null,
        "codificacion_formato": null,
        "fecha_ultima_calibracion": "2025-10-19",
        "proxima_calibracion": "2026-10-19",
        "frecuencia_calibracion_meses": "12.00",
        "fecha_ultimo_mantenimiento": null,
        "proximo_mantenimiento": "2025-09-05",
        "frecuencia_mantenimiento_meses": "3.00",
        "fecha_ultima_comprobacion": null,
        "proxima_comprobacion": "2025-09-05",
        "frecuencia_comprobacion_meses": "3.00"
      }
    },
    {
      "model": "core.equipo",
      "pk": 137,
      "fields": {
        "codigo_interno": "LAB-038",
        "nombre": "pH-metro Yokogawa 38",
        "empresa": 20,
        "tipo_equipo": "pH-metro",
        "marca": "Yokogawa",
        "modelo": "M-2407",
        "numero_serie": "SN835277",
        "ubicacion": "Planta Principal",
        "responsable": "Técnico María",
        "estado": "Activo",
        "fecha_adquisicion": "2024-08-08",
        "fecha_registro": "2025-09-21T01:03:36.231Z",
        "rango_medida": "0-814 unidades",
        "resolucion": "0.3 unidades",
        "error_maximo_permisible": "1.4941278961617857",
        "observaciones": "Equipo generado para pruebas de calidad",
        "archivo_compra_pdf": "",
        "ficha_tecnica_pdf": "",
        "manual_pdf": "",
        "otros_documentos_pdf": "",
        "imagen_equipo": "",
        "version_formato": null,
        "fecha_version_formato": null,
        "codificacion_formato": null,
        "fecha_ultima_calibracion": null,
        "proxima_calibracion": "2025-02-08",
        "frecuencia_calibracion_meses": "6.00",
        "fecha_ultimo_mantenimiento": null,
        "proximo_mantenimiento": "2024-11-08",
        "frecuencia_mantenimiento_meses": "3.00",
        "fecha_ultima_comprobacion": null,
        "proxima_comprobacion": "2025-02-08",
        "frecuencia_comprobacion_meses": "6.00"
      }
    },
    {
      "model": "core.equipo",
      "pk": 138,
      "fields": {
        "codigo_interno": "LAB-039",
        "nombre": "Espectrofotómetro Hanna Instruments 39",
        "empresa": 20,
        "tipo_equipo": "Espectrofotómetro",
        "marca": "Hanna Instruments",
        "modelo": "M-4465",
        "numero_serie": "SN610718",
        "ubicacion": "Oficina Técnica",
        "responsable": "Técnico María",
        "estado": "De Baja",
        "fecha_adquisicion": "2022-04-13",
        "fecha_registro": "2025-09-21T01:03:36.241Z",
        "rango_medida": "0-521 unidades",
        "resolucion": "0.5 unidades",
        "error_maximo_permisible": "0.6112902243884974",
        "observaciones": "Equipo generado para pruebas de calidad",
        "archivo_compra_pdf": "",
        "ficha_tecnica_pdf": "",
        "manual_pdf": "",
        "otros_documentos_pdf": "",
        "imagen_equipo": "",
        "version_formato": null,
        "fecha_version_formato": null,
        "codificacion_formato": null,
        "fecha_ultima_calibracion": "2025-09-23",
        "proxima_calibracion": null,
        "frecuencia_calibracion_meses": "6.00",
        "fecha_ultimo_mantenimiento": "2025-09-23",
        "proximo_mantenimiento": null,
        "frecuencia_mantenimiento_meses": "6.00",
        "fecha_ultima_comprobacion": null,
        "proxima_comprobacion": null,
        "frecuencia_comprobacion_meses": "6.00"
      }
    },
    {
      "model": "core.equipo",
      "pk": 139,
      "fields": {
        "codigo_interno": "LAB-040",
        "nombre": "Microscopio Fluke 40",
        "empresa": 20,
        "tipo_equipo": "Microscopio",
        "marca": "Fluke",
        "modelo": "M-2081",
        "numero_serie": "SN493455",
        "ubicacion": "Laboratorio A",
        "responsable": "Técnico Juan",
        "estado": "Activo",
        "fecha_adquisicion": "2023-12-11",
        "fecha_registro": "2025-09-21T01:03:36.290Z",
        "rango_medida": "0-514 unidades",
        "resolucion": "0.5 unidades",
        "error_maximo_permisible": "0.3823269899873467",
        "observaciones": "Equipo generado para pruebas de calidad",
        "archivo_compra_pdf": "",
        "ficha_tecnica_pdf": "",
        "manual_pdf": "",
        "otros_documentos_pdf": "",
        "imagen_equipo": "",
        "version_formato": null,
        "fecha_version_formato": null,
        "codificacion_formato": null,
        "fecha_ultima_calibracion": "2025-10-15",
        "proxima_calibracion": "2026-04-15",
        "frecuencia_calibracion_meses": "6.00",
        "fecha_ultimo_mantenimiento": null,
        "proximo_mantenimiento": "2024-12-11",
        "frecuencia_mantenimiento_meses": "12.00",
        "fecha_ultima_comprobacion": "2025-09-23",
        "proxima_comprobacion": "2026-03-23",
        "frecuencia_comprobacion_meses": "6.00"
      }
    }
  ],
  "calibraciones": [
    {
      "model": "core.calibracion",
      "pk": 38,
      "fields": {
        "equipo": 100,
        "fecha_calibracion": "2025-10-06",
        "proveedor": null,
        "nombre_proveedor": "Laboratorio de Calibración Certificado",
        "resultado": "Aprobado",
        "numero_certificado": null,
        "documento_calibracion": "",
        "confirmacion_metrologica_pdf": "",
        "intervalos_calibracion_pdf": "",
        "observaciones": "Calibración programada para 06/10/2025",
        "fecha_registro": "2025-09-21T01:03:33.783Z"
      }
    },
    {
      "model": "core.calibracion",
      "pk": 39,
      "fields": {
        "equipo": 101,
        "fecha_calibracion": "2025-10-13",
        "proveedor": null,
        "nombre_proveedor": "Laboratorio de Calibración Certificado",
        "resultado": "Aprobado",
        "numero_certificado": null,
        "documento_calibracion": "",
        "confirmacion_metrologica_pdf": "",
        "intervalos_calibracion_pdf": "",
        "observaciones": "Calibración programada para 13/10/2025",
        "fecha_registro": "2025-09-21T01:03:33.878Z"
      }
    },
    {
      "model": "core.calibracion",
      "pk": 40,
      "fields": {
        "equipo": 103,
        "fecha_calibracion": "2025-09-30",
        "proveedor": null,
        "nombre_proveedor": "Laboratorio de Calibración Certificado",
        "resultado": "Aprobado",
        "numero_certificado": null,
        "documento_calibracion": "",
        "confirmacion_metrologica_pdf": "",
        "intervalos_calibracion_pdf": "",
        "observaciones": "Calibración programada para 30/09/2025",
        "fecha_registro": "2025-09-21T01:03:34.020Z"
      }
    },
    {
      "model": "core.calibracion",
      "pk": 41,
      "fields": {
        "equipo": 104,
        "fecha_calibracion": "2025-09-28",
        "proveedor": null,
        "nombre_proveedor": "Laboratorio de Calibración Certificado",
        "resultado": "Aprobado",
        "numero_certificado": null,
        "documento_calibracion": "",
        "confirmacion_metrologica_pdf": "",
        "intervalos_calibracion_pdf": "",
        "observaciones": "Calibración programada para 28/09/2025",
        "fecha_registro": "2025-09-21T01:03:34.126Z"
      }
    },
    {
      "model": "core.calibracion",
      "pk": 42,
      "fields": {
        "equipo": 105,
        "fecha_calibracion": "2025-10-07",
        "proveedor": null,
        "nombre_proveedor": "Laboratorio de Calibración Certificado",
        "resultado": "Aprobado",
        "numero_certificado": null,
        "documento_calibracion": "",
        "confirmacion_metrologica_pdf": "",
        "intervalos_calibracion_pdf": "",
        "observaciones": "Calibración programada para 07/10/2025",
        "fecha_registro": "2025-09-21T01:03:34.202Z"
      }
    },
    {
      "model": "core.calibracion",
      "pk": 43,
      "fields": {
        "equipo": 106,
        "fecha_calibracion": "2025-10-19",
        "proveedor": null,
        "nombre_proveedor": "Laboratorio de Calibración Certificado",
        "resultado": "Aprobado",
        "numero_certificado": null,
        "documento_calibracion": "",
        "confirmacion_metrologica_pdf": "",
        "intervalos_calibracion_pdf": "",
        "observaciones": "Calibración programada para 19/10/2025",
        "fecha_registro": "2025-09-21T01:03:34.241Z"
      }
    },
    {
      "model": "core.calibracion",
      "pk": 44,
      "fields": {
        "equipo": 107,
        "fecha_calibracion": "2025-10-16",
        "proveedor": null,
        "nombre_proveedor": "Laboratorio de Calibración Certificado",
        "resultado": "Aprobado",
        "numero_certificado": null,
        "documento_calibracion": "",
        "confirmacion_metrologica_pdf": "",
        "intervalos_calibracion_pdf": "",
        "observaciones": "Calibración programada para 16/10/2025",
        "fecha_registro": "2025-09-21T01:03:34.275Z"
      }
    },
    {
      "model": "core.calibracion",
      "pk": 45,
      "fields": {
        "equipo": 108,
        "fecha_calibracion": "2025-09-28",
        "proveedor": null,
        "nombre_proveedor": "Laboratorio de Calibración Certificado",
        "resultado": "Aprobado",
        "numero_certificado": null,
        "documento_calibracion": "",
        "confirmacion_metrologica_pdf": "",
        "intervalos_calibracion_pdf": "",
        "observaciones": "Calibración programada para 28/09/2025",
        "fecha_registro": "2025-09-21T01:03:34.393Z"
      }
    },
    {
      "model": "core.calibracion",
      "pk": 46,
      "fields": {
        "equipo": 110,
        "fecha_calibracion": "2025-10-10",
        "proveedor": null,
        "nombre_proveedor": "Laboratorio de Calibración Certificado",
        "resultado": "Aprobado",
        "numero_certificado": null,
        "documento_calibracion": "",
        "confirmacion_metrologica_pdf": "",
        "intervalos_calibracion_pdf": "",
        "observaciones": "Calibración programada para 10/10/2025",
        "fecha_registro": "2025-09-21T01:03:34.470Z"
      }
    },
    {
      "model": "core.calibracion",
      "pk": 47,
      "fields": {
        "equipo": 112,
        "fecha_calibracion": "2025-09-28",
        "proveedor": null,
        "nombre_proveedor": "Laboratorio de Calibración Certificado",
        "resultado": "Aprobado",
        "numero_certificado": null,
        "documento_calibracion": "",
        "confirmacion_metrologica_pdf": "",
        "intervalos_calibracion_pdf": "",
        "observaciones": "Calibración programada para 28/09/2025",
        "fecha_registro": "2025-09-21T01:03:34.565Z"
      }
    },
    {
      "model": "core.calibracion",
      "pk": 48,
      "fields": {
        "equipo": 115,
        "fecha_calibracion": "2025-09-25",
        "proveedor": null,
        "nombre_proveedor": "Laboratorio de Calibración Certificado",
        "resultado": "Aprobado",
        "numero_certificado": null,
        "documento_calibracion": "",
        "confirmacion_metrologica_pdf": "",
        "intervalos_calibracion_pdf": "",
        "observaciones": "Calibración programada para 25/09/2025",
        "fecha_registro": "2025-09-21T01:03:34.763Z"
      }
    },
    {
      "model": "core.calibracion",
      "pk": 49,
      "fields": {
        "equipo": 119,
        "fecha_calibracion": "2025-10-10",
        "proveedor": null,
        "nombre_proveedor": "Laboratorio de Calibración Certificado",
        "resultado": "Aprobado",
        "numero_certificado": null,
        "documento_calibracion": "",
        "confirmacion_metrologica_pdf": "",
        "intervalos_calibracion_pdf": "",
        "observaciones": "Calibración programada para 10/10/2025",
        "fecha_registro": "2025-09-21T01:03:34.964Z"
      }
    },
    {
      "model": "core.calibracion",
      "pk": 50,
      "fields": {
        "equipo": 122,
        "fecha_calibracion": "2025-10-06",
        "proveedor": null,
        "nombre_proveedor": "Laboratorio de Calibración Certificado",
        "resultado": "Aprobado",
        "numero_certificado": null,
        "documento_calibracion": "",
        "confirmacion_metrologica_pdf": "",
        "intervalos_calibracion_pdf": "",
        "observaciones": "Calibración programada para 06/10/2025",
        "fecha_registro": "2025-09-21T01:03:35.062Z"
      }
    },
    {
      "model": "core.calibracion",
      "pk": 51,
      "fields": {
        "equipo": 128,
        "fecha_calibracion": "2025-09-24",
        "proveedor": null,
        "nombre_proveedor": "Laboratorio de Calibración Certificado",
        "resultado": "Aprobado",
        "numero_certificado": null,
        "documento_calibracion": "",
        "confirmacion_metrologica_pdf": "",
        "intervalos_calibracion_pdf": "",
        "observaciones": "Calibración programada para 24/09/2025",
        "fecha_registro": "2025-09-21T01:03:35.455Z"
      }
    },
    {
      "model": "core.calibracion",
      "pk": 52,
      "fields": {
        "equipo": 136,
        "fecha_calibracion": "2025-10-19",
        "proveedor": null,
        "nombre_proveedor": "Laboratorio de Calibración Certificado",
        "resultado": "Aprobado",
        "numero_certificado": null,
        "documento_calibracion": "",
        "confirmacion_metrologica_pdf": "",
        "intervalos_calibracion_pdf": "",
        "observaciones": "Calibración programada para 19/10/2025",
        "fecha_registro": "2025-09-21T01:03:36.206Z"
      }
    },
    {
      "model": "core.calibracion",
      "pk": 53,
      "fields": {
        "equipo": 138,
        "fecha_calibracion": "2025-09-23",
        "proveedor": null,
        "nombre_proveedor": "Laboratorio de Calibración Certificado",
        "resultado": "Aprobado",
        "numero_certificado": null,
        "documento_calibracion": "",
        "confirmacion_metrologica_pdf": "",
        "intervalos_calibracion_pdf": "",
        "observaciones": "Calibración programada para 23/09/2025",
        "fecha_registro": "2025-09-21T01:03:36.249Z"
      }
    },
    {
      "model": "core.calibracion",
      "pk": 54,
      "fields": {
        "equipo": 139,
        "fecha_calibracion": "2025-10-15",
        "proveedor": null,
        "nombre_proveedor": "Laboratorio de Calibración Certificado",
        "resultado": "Aprobado",
        "numero_certificado": null,
        "documento_calibracion": "",
        "confirmacion_metrologica_pdf": "",
        "intervalos_calibracion_pdf": "",
        "observaciones": "Calibración programada para 15/10/2025",
        "fecha_registro": "2025-09-21T01:03:36.299Z"
      }
    }
  ],
  "mantenimientos": [
    {
      "model": "core.mantenimiento",
      "pk": 43,
      "fields": {
        "equipo": 100,
        "fecha_mantenimiento": "2025-09-26",
        "tipo_mantenimiento": "Correctivo",
        "proveedor": null,
        "nombre_proveedor": null,
        "responsable": "Técnico de Mantenimiento",
        "costo": null,
        "descripcion": "Mantenimiento programado de rutina",
        "documento_mantenimiento": "",
        "observaciones": "Mantenimiento generado para pruebas",
        "fecha_registro": "2025-09-21T01:03:33.820Z"
      }
    },
    {
      "model": "core.mantenimiento",
      "pk": 44,
      "fields": {
        "equipo": 101,
        "fecha_mantenimiento": "2025-10-09",
        "tipo_mantenimiento": "Preventivo",
        "proveedor": null,
        "nombre_proveedor": null,
        "responsable": "Técnico de Mantenimiento",
        "costo": null,
        "descripcion": "Mantenimiento programado de rutina",
        "documento_mantenimiento": "",
        "observaciones": "Mantenimiento generado para pruebas",
        "fecha_registro": "2025-09-21T01:03:33.909Z"
      }
    },
    {
      "model": "core.mantenimiento",
      "pk": 45,
      "fields": {
        "equipo": 103,
        "fecha_mantenimiento": "2025-09-29",
        "tipo_mantenimiento": "Preventivo",
        "proveedor": null,
        "nombre_proveedor": null,
        "responsable": "Técnico de Mantenimiento",
        "costo": null,
        "descripcion": "Mantenimiento programado de rutina",
        "documento_mantenimiento": "",
        "observaciones": "Mantenimiento generado para pruebas",
        "fecha_registro": "2025-09-21T01:03:34.061Z"
      }
    },
    {
      "model": "core.mantenimiento",
      "pk": 46,
      "fields": {
        "equipo": 107,
        "fecha_mantenimiento": "2025-09-20",
        "tipo_mantenimiento": "Correctivo",
        "proveedor": null,
        "nombre_proveedor": null,
        "responsable": "Técnico de Mantenimiento",
        "costo": null,
        "descripcion": "Mantenimiento programado de rutina",
        "documento_mantenimiento": "",
        "observaciones": "Mantenimiento generado para pruebas",
        "fecha_registro": "2025-09-21T01:03:34.321Z"
      }
    },
    {
      "model": "core.mantenimiento",
      "pk": 47,
      "fields": {
        "equipo": 109,
        "fecha_mantenimiento": "2025-10-11",
        "tipo_mantenimiento": "Preventivo",
        "proveedor": null,
        "nombre_proveedor": null,
        "responsable": "Técnico de Mantenimiento",
        "costo": null,
        "descripcion": "Mantenimiento programado de rutina",
        "documento_mantenimiento": "",
        "observaciones": "Mantenimiento generado para pruebas",
        "fecha_registro": "2025-09-21T01:03:34.433Z"
      }
    },
    {
      "model": "core.mantenimiento",
      "pk": 48,
      "fields": {
        "equipo": 111,
        "fecha_mantenimiento": "2025-10-03",
        "tipo_mantenimiento": "Correctivo",
        "proveedor": null,
        "nombre_proveedor": null,
        "responsable": "Técnico de Mantenimiento",
        "costo": null,
        "descripcion": "Mantenimiento programado de rutina",
        "documento_mantenimiento": "",
        "observaciones": "Mantenimiento generado para pruebas",
        "fecha_registro": "2025-09-21T01:03:34.513Z"
      }
    },
    {
      "model": "core.mantenimiento",
      "pk": 49,
      "fields": {
        "equipo": 112,
        "fecha_mantenimiento": "2025-10-04",
        "tipo_mantenimiento": "Correctivo",
        "proveedor": null,
        "nombre_proveedor": null,
        "responsable": "Técnico de Mantenimiento",
        "costo": null,
        "descripcion": "Mantenimiento programado de rutina",
        "documento_mantenimiento": "",
        "observaciones": "Mantenimiento generado para pruebas",
        "fecha_registro": "2025-09-21T01:03:34.601Z"
      }
    },
    {
      "model": "core.mantenimiento",
      "pk": 50,
      "fields": {
        "equipo": 113,
        "fecha_mantenimiento": "2025-10-06",
        "tipo_mantenimiento": "Correctivo",
        "proveedor": null,
        "nombre_proveedor": null,
        "responsable": "Técnico de Mantenimiento",
        "costo": null,
        "descripcion": "Mantenimiento programado de rutina",
        "documento_mantenimiento": "",
        "observaciones": "Mantenimiento generado para pruebas",
        "fecha_registro": "2025-09-21T01:03:34.648Z"
      }
    },
    {
      "model": "core.mantenimiento",
      "pk": 51,
      "fields": {
        "equipo": 114,
        "fecha_mantenimiento": "2025-10-13",
        "tipo_mantenimiento": "Correctivo",
        "proveedor": null,
        "nombre_proveedor": null,
        "responsable": "Técnico de Mantenimiento",
        "costo": null,
        "descripcion": "Mantenimiento programado de rutina",
        "documento_mantenimiento": "",
        "observaciones": "Mantenimiento generado para pruebas",
        "fecha_registro": "2025-09-21T01:03:34.689Z"
      }
    },
    {
      "model": "core.mantenimiento",
      "pk": 52,
      "fields": {
        "equipo": 115,
        "fecha_mantenimiento": "2025-10-11",
        "tipo_mantenimiento": "Correctivo",
        "proveedor": null,
        "nombre_proveedor": null,
        "responsable": "Técnico de Mantenimiento",
        "costo": null,
        "descripcion": "Mantenimiento programado de rutina",
        "documento_mantenimiento": "",
        "observaciones": "Mantenimiento generado para pruebas",
        "fecha_registro": "2025-09-21T01:03:34.808Z"
      }
    },
    {
      "model": "core.mantenimiento",
      "pk": 53,
      "fields": {
        "equipo": 116,
        "fecha_mantenimiento": "2025-10-04",
        "tipo_mantenimiento": "Correctivo",
        "proveedor": null,
        "nombre_proveedor": null,
        "responsable": "Técnico de Mantenimiento",
        "costo": null,
        "descripcion": "Mantenimiento programado de rutina",
        "documento_mantenimiento": "",
        "observaciones": "Mantenimiento generado para pruebas",
        "fecha_registro": "2025-09-21T01:03:34.853Z"
      }
    },
    {
      "model": "core.mantenimiento",
      "pk": 54,
      "fields": {
        "equipo": 123,
        "fecha_mantenimiento": "2025-09-22",
        "tipo_mantenimiento": "Preventivo",
        "proveedor": null,
        "nombre_proveedor": null,
        "responsable": "Técnico de Mantenimiento",
        "costo": null,
        "descripcion": "Mantenimiento programado de rutina",
        "documento_mantenimiento": "",
        "observaciones": "Mantenimiento generado para pruebas",
        "fecha_registro": "2025-09-21T01:03:35.138Z"
      }
    },
    {
      "model": "core.mantenimiento",
      "pk": 55,
      "fields": {
        "equipo": 124,
        "fecha_mantenimiento": "2025-10-18",
        "tipo_mantenimiento": "Correctivo",
        "proveedor": null,
        "nombre_proveedor": null,
        "responsable": "Técnico de Mantenimiento",
        "costo": null,
        "descripcion": "Mantenimiento programado de rutina",
        "documento_mantenimiento": "",
        "observaciones": "Mantenimiento generado para pruebas",
        "fecha_registro": "2025-09-21T01:03:35.215Z"
      }
    },
    {
      "model": "core.mantenimiento",
      "pk": 56,
      "fields": {
        "equipo": 125,
        "fecha_mantenimiento": "2025-10-13",
        "tipo_mantenimiento": "Preventivo",
        "proveedor": null,
        "nombre_proveedor": null,
        "responsable": "Técnico de Mantenimiento",
        "costo": null,
        "descripcion": "Mantenimiento programado de rutina",
        "documento_mantenimiento": "",
        "observaciones": "Mantenimiento generado para pruebas",
        "fecha_registro": "2025-09-21T01:03:35.281Z"
      }
    },
    {
      "model": "core.mantenimiento",
      "pk": 57,
      "fields": {
        "equipo": 126,
        "fecha_mantenimiento": "2025-10-20",
        "tipo_mantenimiento": "Preventivo",
        "proveedor": null,
        "nombre_proveedor": null,
        "responsable": "Técnico de Mantenimiento",
        "costo": null,
        "descripcion": "Mantenimiento programado de rutina",
        "documento_mantenimiento": "",
        "observaciones": "Mantenimiento generado para pruebas",
        "fecha_registro": "2025-09-21T01:03:35.316Z"
      }
    },
    {
      "model": "core.mantenimiento",
      "pk": 58,
      "fields": {
        "equipo": 127,
        "fecha_mantenimiento": "2025-10-05",
        "tipo_mantenimiento": "Correctivo",
        "proveedor": null,
        "nombre_proveedor": null,
        "responsable": "Técnico de Mantenimiento",
        "costo": null,
        "descripcion": "Mantenimiento programado de rutina",
        "documento_mantenimiento": "",
        "observaciones": "Mantenimiento generado para pruebas",
        "fecha_registro": "2025-09-21T01:03:35.372Z"
      }
    },
    {
      "model": "core.mantenimiento",
      "pk": 59,
      "fields": {
        "equipo": 128,
        "fecha_mantenimiento": "2025-10-09",
        "tipo_mantenimiento": "Preventivo",
        "proveedor": null,
        "nombre_proveedor": null,
        "responsable": "Técnico de Mantenimiento",
        "costo": null,
        "descripcion": "Mantenimiento programado de rutina",
        "documento_mantenimiento": "",
        "observaciones": "Mantenimiento generado para pruebas",
        "fecha_registro": "2025-09-21T01:03:35.494Z"
      }
    },
    {
      "model": "core.mantenimiento",
      "pk": 60,
      "fields": {
        "equipo": 129,
        "fecha_mantenimiento": "2025-09-24",
        "tipo_mantenimiento": "Correctivo",
        "proveedor": null,
        "nombre_proveedor": null,
        "responsable": "Técnico de Mantenimiento",
        "costo": null,
        "descripcion": "Mantenimiento programado de rutina",
        "documento_mantenimiento": "",
        "observaciones": "Mantenimiento generado para pruebas",
        "fecha_registro": "2025-09-21T01:03:35.539Z"
      }
    },
    {
      "model": "core.mantenimiento",
      "pk": 61,
      "fields": {
        "equipo": 130,
        "fecha_mantenimiento": "2025-10-09",
        "tipo_mantenimiento": "Correctivo",
        "proveedor": null,
        "nombre_proveedor": null,
        "responsable": "Técnico de Mantenimiento",
        "costo": null,
        "descripcion": "Mantenimiento programado de rutina",
        "documento_mantenimiento": "",
        "observaciones": "Mantenimiento generado para pruebas",
        "fecha_registro": "2025-09-21T01:03:35.606Z"
      }
    },
    {
      "model": "core.mantenimiento",
      "pk": 62,
      "fields": {
        "equipo": 131,
        "fecha_mantenimiento": "2025-10-08",
        "tipo_mantenimiento": "Preventivo",
        "proveedor": null,
        "nombre_proveedor": null,
        "responsable": "Técnico de Mantenimiento",
        "costo": null,
        "descripcion": "Mantenimiento programado de rutina",
        "documento_mantenimiento": "",
        "observaciones": "Mantenimiento generado para pruebas",
        "fecha_registro": "2025-09-21T01:03:35.690Z"
      }
    },
    {
      "model": "core.mantenimiento",
      "pk": 63,
      "fields": {
        "equipo": 132,
        "fecha_mantenimiento": "2025-10-04",
        "tipo_mantenimiento": "Correctivo",
        "proveedor": null,
        "nombre_proveedor": null,
        "responsable": "Técnico de Mantenimiento",
        "costo": null,
        "descripcion": "Mantenimiento programado de rutina",
        "documento_mantenimiento": "",
        "observaciones": "Mantenimiento generado para pruebas",
        "fecha_registro": "2025-09-21T01:03:35.964Z"
      }
    },
    {
      "model": "core.mantenimiento",
      "pk": 64,
      "fields": {
        "equipo": 134,
        "fecha_mantenimiento": "2025-10-01",
        "tipo_mantenimiento": "Preventivo",
        "proveedor": null,
        "nombre_proveedor": null,
        "responsable": "Técnico de Mantenimiento",
        "costo": null,
        "descripcion": "Mantenimiento programado de rutina",
        "documento_mantenimiento": "",
        "observaciones": "Mantenimiento generado para pruebas",
        "fecha_registro": "2025-09-21T01:03:36.086Z"
      }
    },
    {
      "model": "core.mantenimiento",
      "pk": 65,
      "fields": {
        "equipo": 138,
        "fecha_mantenimiento": "2025-09-23",
        "tipo_mantenimiento": "Correctivo",
        "proveedor": null,
        "nombre_proveedor": null,
        "responsable": "Técnico de Mantenimiento",
        "costo": null,
        "descripcion": "Mantenimiento programado de rutina",
        "documento_mantenimiento": "",
        "observaciones": "Mantenimiento generado para pruebas",
        "fecha_registro": "2025-09-21T01:03:36.269Z"
      }
    }
  ],
  "comprobaciones": [
    {
      "model": "core.comprobacion",
      "pk": 41,
      "fields": {
        "equipo": 101,
        "fecha_comprobacion": "2025-10-08",
        "proveedor": null,
        "nombre_proveedor": null,
        "responsable": "Técnico de Calidad",
        "resultado": "Aprobado",
        "observaciones": "Verificación de funcionamiento básico programada",
        "documento_comprobacion": "",
        "fecha_registro": "2025-09-21T01:03:33.958Z"
      }
    },
    {
      "model": "core.comprobacion",
      "pk": 42,
      "fields": {
        "equipo": 104,
        "fecha_comprobacion": "2025-10-15",
        "proveedor": null,
        "nombre_proveedor": null,
        "responsable": "Técnico de Calidad",
        "resultado": "Aprobado",
        "observaciones": "Verificación de funcionamiento básico programada",
        "documento_comprobacion": "",
        "fecha_registro": "2025-09-21T01:03:34.161Z"
      }
    },
    {
      "model": "core.comprobacion",
      "pk": 43,
      "fields": {
        "equipo": 107,
        "fecha_comprobacion": "2025-09-20",
        "proveedor": null,
        "nombre_proveedor": null,
        "responsable": "Técnico de Calidad",
        "resultado": "Aprobado",
        "observaciones": "Verificación de funcionamiento básico programada",
        "documento_comprobacion": "",
        "fecha_registro": "2025-09-21T01:03:34.357Z"
      }
    },
    {
      "model": "core.comprobacion",
      "pk": 44,
      "fields": {
        "equipo": 114,
        "fecha_comprobacion": "2025-09-20",
        "proveedor": null,
        "nombre_proveedor": null,
        "responsable": "Técnico de Calidad",
        "resultado": "Aprobado",
        "observaciones": "Verificación de funcionamiento básico programada",
        "documento_comprobacion": "",
        "fecha_registro": "2025-09-21T01:03:34.721Z"
      }
    },
    {
      "model": "core.comprobacion",
      "pk": 45,
      "fields": {
        "equipo": 117,
        "fecha_comprobacion": "2025-10-17",
        "proveedor": null,
        "nombre_proveedor": null,
        "responsable": "Técnico de Calidad",
        "resultado": "Aprobado",
        "observaciones": "Verificación de funcionamiento básico programada",
        "documento_comprobacion": "",
        "fecha_registro": "2025-09-21T01:03:34.908Z"
      }
    },
    {
      "model": "core.comprobacion",
      "pk": 46,
      "fields": {
        "equipo": 120,
        "fecha_comprobacion": "2025-10-20",
        "proveedor": null,
        "nombre_proveedor": null,
        "responsable": "Técnico de Calidad",
        "resultado": "Aprobado",
        "observaciones": "Verificación de funcionamiento básico programada",
        "documento_comprobacion": "",
        "fecha_registro": "2025-09-21T01:03:35.008Z"
      }
    },
    {
      "model": "core.comprobacion",
      "pk": 47,
      "fields": {
        "equipo": 122,
        "fecha_comprobacion": "2025-09-25",
        "proveedor": null,
        "nombre_proveedor": null,
        "responsable": "Técnico de Calidad",
        "resultado": "Aprobado",
        "observaciones": "Verificación de funcionamiento básico programada",
        "documento_comprobacion": "",
        "fecha_registro": "2025-09-21T01:03:35.096Z"
      }
    },
    {
      "model": "core.comprobacion",
      "pk": 48,
      "fields": {
        "equipo": 123,
        "fecha_comprobacion": "2025-10-19",
        "proveedor": null,
        "nombre_proveedor": null,
        "responsable": "Técnico de Calidad",
        "resultado": "Aprobado",
        "observaciones": "Verificación de funcionamiento básico programada",
        "documento_comprobacion": "",
        "fecha_registro": "2025-09-21T01:03:35.174Z"
      }
    },
    {
      "model": "core.comprobacion",
      "pk": 49,
      "fields": {
        "equipo": 124,
        "fecha_comprobacion": "2025-10-15",
        "proveedor": null,
        "nombre_proveedor": null,
        "responsable": "Técnico de Calidad",
        "resultado": "Aprobado",
        "observaciones": "Verificación de funcionamiento básico programada",
        "documento_comprobacion": "",
        "fecha_registro": "2025-09-21T01:03:35.243Z"
      }
    },
    {
      "model": "core.comprobacion",
      "pk": 50,
      "fields": {
        "equipo": 127,
        "fecha_comprobacion": "2025-10-04",
        "proveedor": null,
        "nombre_proveedor": null,
        "responsable": "Técnico de Calidad",
        "resultado": "Aprobado",
        "observaciones": "Verificación de funcionamiento básico programada",
        "documento_comprobacion": "",
        "fecha_registro": "2025-09-21T01:03:35.410Z"
      }
    },
    {
      "model": "core.comprobacion",
      "pk": 51,
      "fields": {
        "equipo": 130,
        "fecha_comprobacion": "2025-10-20",
        "proveedor": null,
        "nombre_proveedor": null,
        "responsable": "Técnico de Calidad",
        "resultado": "Aprobado",
        "observaciones": "Verificación de funcionamiento básico programada",
        "documento_comprobacion": "",
        "fecha_registro": "2025-09-21T01:03:35.641Z"
      }
    },
    {
      "model": "core.comprobacion",
      "pk": 52,
      "fields": {
        "equipo": 131,
        "fecha_comprobacion": "2025-10-15",
        "proveedor": null,
        "nombre_proveedor": null,
        "responsable": "Técnico de Calidad",
        "resultado": "Aprobado",
        "observaciones": "Verificación de funcionamiento básico programada",
        "documento_comprobacion": "",
        "fecha_registro": "2025-09-21T01:03:35.874Z"
      }
    },
    {
      "model": "core.comprobacion",
      "pk": 53,
      "fields": {
        "equipo": 132,
        "fecha_comprobacion": "2025-09-24",
        "proveedor": null,
        "nombre_proveedor": null,
        "responsable": "Técnico de Calidad",
        "resultado": "Aprobado",
        "observaciones": "Verificación de funcionamiento básico programada",
        "documento_comprobacion": "",
        "fecha_registro": "2025-09-21T01:03:35.993Z"
      }
    },
    {
      "model": "core.comprobacion",
      "pk": 54,
      "fields": {
        "equipo": 133,
        "fecha_comprobacion": "2025-10-01",
        "proveedor": null,
        "nombre_proveedor": null,
        "responsable": "Técnico de Calidad",
        "resultado": "Aprobado",
        "observaciones": "Verificación de funcionamiento básico programada",
        "documento_comprobacion": "",
        "fecha_registro": "2025-09-21T01:03:36.041Z"
      }
    },
    {
      "model": "core.comprobacion",
      "pk": 55,
      "fields": {
        "equipo": 134,
        "fecha_comprobacion": "2025-09-21",
        "proveedor": null,
        "nombre_proveedor": null,
        "responsable": "Técnico de Calidad",
        "resultado": "Aprobado",
        "observaciones": "Verificación de funcionamiento básico programada",
        "documento_comprobacion": "",
        "fecha_registro": "2025-09-21T01:03:36.121Z"
      }
    },
    {
      "model": "core.comprobacion",
      "pk": 56,
      "fields": {
        "equipo": 135,
        "fecha_comprobacion": "2025-09-22",
        "proveedor": null,
        "nombre_proveedor": null,
        "responsable": "Técnico de Calidad",
        "resultado": "Aprobado",
        "observaciones": "Verificación de funcionamiento básico programada",
        "documento_comprobacion": "",
        "fecha_registro": "2025-09-21T01:03:36.164Z"
      }
    },
    {
      "model": "core.comprobacion",
      "pk": 57,
      "fields": {
        "equipo": 139,
        "fecha_comprobacion": "2025-09-23",
        "proveedor": null,
        "nombre_proveedor": null,
        "responsable": "Técnico de Calidad",
        "resultado": "Aprobado",
        "observaciones": "Verificación de funcionamiento básico programada",
        "documento_comprobacion": "",
        "fecha_registro": "2025-09-21T01:03:36.327Z"
      }
    }
  ]
}