{
  "metadata": {
    "empresa_id": 115,
    "empresa_nombre": "Prueba01",
    "backup_date": "2025-10-02T01:17:17.742213+00:00",
    "version": "1.0"
  },
  "empresa": {
    "model": "core.empresa",
    "pk": 115,
    "fields": {
      "nombre": "Prueba01",
      "nit": "2225266554552",
      "direccion": "carrrera 12",
      "telefono": "asasasas",
      "email": "metrologia@gmail.com",
      "logo_empresa": "empresas_logos/BGT305666_Entrega.jpg",
      "fecha_registro": "2025-10-01T01:48:21.370Z",
      "formato_version_empresa": "zs",
      "formato_fecha_version_empresa": "2025-09-30",
      "formato_codificacion_empresa": "ssddssd",
      "es_periodo_prueba": true,
      "duracion_prueba_dias": 30,
      "fecha_inicio_plan": "2025-10-01",
      "limite_equipos_empresa": 50,
      "duracion_suscripcion_meses": 12,
      "limite_almacenamiento_mb": 500,
      "acceso_manual_activo": false,
      "estado_suscripcion": "Activo",
      "is_deleted": false,
      "deleted_at": null,
      "deleted_by": null,
      "delete_reason": null,
      "tarifa_mensual_sam": null,
      "fecha_inicio_contrato_sam": null,
      "nivel_servicio_sam": "Estándar",
      "modalidad_pago": "MENSUAL",
      "valor_pago_acordado": null,
      "fecha_ultimo_pago": null,
      "fecha_proximo_pago": null,
      "tipo_organismo": "Industrial",
      "normas_aplicables": null
    }
  },
  "usuarios": [
    {
      "model": "core.customuser",
      "pk": 12,
      "fields": {
        "password": "pbkdf2_sha256$1000000$FyvAgoRKlsshdVl25uJNwQ$M6NY1B4Kq8rlfnoeFVvwpGXDbSakJfmme+J0gphInPE=",
        "last_login": null,
        "is_superuser": false,
        "username": "Prueba1",
        "first_name": "Prueba",
        "last_name": "Prueba",
        "email": "villy@gmail.com",
        "is_staff": false,
        "is_active": true,
        "date_joined": "2025-10-01T01:51:17.990Z",
        "empresa": 115,
        "can_access_dashboard_decisiones": true,
        "is_management_user": false,
        "rol_usuario": "GERENCIA",
        "groups": [],
        "user_permissions": []
      }
    }
  ],
  "equipos": [],
  "calibraciones": [],
  "mantenimientos": [],
  "comprobaciones": []
}