{
  "metadata": {
    "empresa_id": 21,
    "empresa_nombre": "Control Metrológico Andino",
    "backup_date": "2025-09-23T15:22:29.670122+00:00",
    "version": "1.0"
  },
  "empresa": {
    "model": "core.empresa",
    "pk": 21,
    "fields": {
      "nombre": "Control Metrológico Andino",
      "nit": "800654321-2",
      "direccion": "Calle 19 #4-62, Bucaramanga",
      "telefono": "+57-7-6547890",
      "email": "gerencia@metroandino.com.co",
      "logo_empresa": "",
      "fecha_registro": "2025-09-21T01:03:26.663Z",
      "formato_version_empresa": null,
      "formato_fecha_version_empresa": null,
      "formato_codificacion_empresa": null,
      "es_periodo_prueba": true,
      "duracion_prueba_dias": 15,
      "fecha_inicio_plan": "2025-09-21",
      "limite_equipos_empresa": 50,
      "duracion_suscripcion_meses": null,
      "limite_almacenamiento_mb": 2048,
      "acceso_manual_activo": false,
      "estado_suscripcion": "Activo"
    }
  },
  "usuarios": [
    {
      "model": "core.customuser",
      "pk": 19,
      "fields": {
        "password": "pbkdf2_sha256$1000000$I0isRsI0rimDVHneWQUN2E$q/3Ljhf3GV+tDb0lGEkgb9DG4d6zSZ2rOEZXNBd2QOQ=",
        "last_login": null,
        "is_superuser": false,
        "username": "usuario4",
        "first_name": "Usuario4",
        "last_name": "Prueba",
        "email": "usuario4@controlmetrológicoandino.com",
        "is_staff": false,
        "is_active": true,
        "date_joined": "2025-09-21T01:03:28.051Z",
        "empresa": 21,
        "groups": [],
        "user_permissions": []
      }
    }
  ],
  "equipos": [
    {
      "model": "core.equipo",
      "pk": 140,
      "fields": {
        "codigo_interno": "CON-001",
        "nombre": "Balanza analítica Keysight 1",
        "empresa": 21,
        "tipo_equipo": "Balanza analítica",
        "marca": "Keysight",
        "modelo": "M-1485",
        "numero_serie": "SN572673",
        "ubicacion": "Oficina Técnica",
        "responsable": "Técnico Ana",
        "estado": "De Baja",
        "fecha_adquisicion": "2022-07-11",
        "fecha_registro": "2025-09-21T01:03:36.353Z",
        "rango_medida": "0-947 unidades",
        "resolucion": "0.5 unidades",
        "error_maximo_permisible": "0.8161243361953989",
        "observaciones": "Equipo generado para pruebas de calidad",
        "archivo_compra_pdf": "",
        "ficha_tecnica_pdf": "",
        "manual_pdf": "",
        "otros_documentos_pdf": "",
        "imagen_equipo": "",
        "version_formato": null,
        "fecha_version_formato": null,
        "codificacion_formato": null,
        "fecha_ultima_calibracion": "2025-09-23",
        "proxima_calibracion": null,
        "frecuencia_calibracion_meses": "24.00",
        "fecha_ultimo_mantenimiento": "2025-09-23",
        "proximo_mantenimiento": null,
        "frecuencia_mantenimiento_meses": "12.00",
        "fecha_ultima_comprobacion": "2025-10-20",
        "proxima_comprobacion": null,
        "frecuencia_comprobacion_meses": "1.00"
      }
    },
    {
      "model": "core.equipo",
      "pk": 141,
      "fields": {
        "codigo_interno": "CON-002",
        "nombre": "Calibrador de presión Mettler Toledo 2",
        "empresa": 21,
        "tipo_equipo": "Calibrador de presión",
        "marca": "Mettler Toledo",
        "modelo": "M-8180",
        "numero_serie": "SN614542",
        "ubicacion": "Laboratorio B",
        "responsable": "Técnico Juan",
        "estado": "Activo",
        "fecha_adquisicion": "2023-10-30",
        "fecha_registro": "2025-09-21T01:03:36.434Z",
        "rango_medida": "0-618 unidades",
        "resolucion": "0.4 unidades",
        "error_maximo_permisible": "1.711076627747932",
        "observaciones": "Equipo generado para pruebas de calidad",
        "archivo_compra_pdf": "",
        "ficha_tecnica_pdf": "",
        "manual_pdf": "",
        "otros_documentos_pdf": "",
        "imagen_equipo": "",
        "version_formato": null,
        "fecha_version_formato": null,
        "codificacion_formato": null,
        "fecha_ultima_calibracion": null,
        "proxima_calibracion": "2025-10-30",
        "frecuencia_calibracion_meses": "24.00",
        "fecha_ultimo_mantenimiento": null,
        "proximo_mantenimiento": "2024-01-30",
        "frecuencia_mantenimiento_meses": "3.00",
        "fecha_ultima_comprobacion": null,
        "proxima_comprobacion": "2024-01-30",
        "frecuencia_comprobacion_meses": "3.00"
      }
    },
    {
      "model": "core.equipo",
      "pk": 142,
      "fields": {
        "codigo_interno": "CON-003",
        "nombre": "Cronómetro Mettler Toledo 3",
        "empresa": 21,
        "tipo_equipo": "Cronómetro",
        "marca": "Mettler Toledo",
        "modelo": "M-5510",
        "numero_serie": "SN931456",
        "ubicacion": "Laboratorio A",
        "responsable": "Técnico María",
        "estado": "Activo",
        "fecha_adquisicion": "2023-07-16",
        "fecha_registro": "2025-09-21T01:03:36.444Z",
        "rango_medida": "0-801 unidades",
        "resolucion": "0.1 unidades",
        "error_maximo_permisible": "0.2798319960243999",
        "observaciones": "Equipo generado para pruebas de calidad",
        "archivo_compra_pdf": "",
        "ficha_tecnica_pdf": "",
        "manual_pdf": "",
        "otros_documentos_pdf": "",
        "imagen_equipo": "",
        "version_formato": null,
        "fecha_version_formato": null,
        "codificacion_formato": null,
        "fecha_ultima_calibracion": null,
        "proxima_calibracion": "2024-01-16",
        "frecuencia_calibracion_meses": "6.00",
        "fecha_ultimo_mantenimiento": null,
        "proximo_mantenimiento": "2024-07-16",
        "frecuencia_mantenimiento_meses": "12.00",
        "fecha_ultima_comprobacion": null,
        "proxima_comprobacion": "2024-01-16",
        "frecuencia_comprobacion_meses": "6.00"
      }
    },
    {
      "model": "core.equipo",
      "pk": 143,
      "fields": {
        "codigo_interno": "CON-004",
        "nombre": "Cronómetro Yokogawa 4",
        "empresa": 21,
        "tipo_equipo": "Cronómetro",
        "marca": "Yokogawa",
        "modelo": "M-6940",
        "numero_serie": "SN721279",
        "ubicacion": "Oficina Técnica",
        "responsable": "Técnico Luis",
        "estado": "Activo",
        "fecha_adquisicion": "2025-04-23",
        "fecha_registro": "2025-09-21T01:03:36.454Z",
        "rango_medida": "0-908 unidades",
        "resolucion": "0.5 unidades",
        "error_maximo_permisible": "0.7636301668720371",
        "observaciones": "Equipo generado para pruebas de calidad",
        "archivo_compra_pdf": "",
        "ficha_tecnica_pdf": "",
        "manual_pdf": "",
        "otros_documentos_pdf": "",
        "imagen_equipo": "",
        "version_formato": null,
        "fecha_version_formato": null,
        "codificacion_formato": null,
        "fecha_ultima_calibracion": "2025-10-07",
        "proxima_calibracion": "2027-10-07",
        "frecuencia_calibracion_meses": "24.00",
        "fecha_ultimo_mantenimiento": null,
        "proximo_mantenimiento": "2026-01-07",
        "frecuencia_mantenimiento_meses": "3.00",
        "fecha_ultima_comprobacion": "2025-10-11",
        "proxima_comprobacion": "2026-01-11",
        "frecuencia_comprobacion_meses": "3.00"
      }
    },
    {
      "model": "core.equipo",
      "pk": 144,
      "fields": {
        "codigo_interno": "CON-005",
        "nombre": "Cronómetro Fluke 5",
        "empresa": 21,
        "tipo_equipo": "Cronómetro",
        "marca": "Fluke",
        "modelo": "M-8896",
        "numero_serie": "SN713677",
        "ubicacion": "Planta Principal",
        "responsable": "Técnico Carlos",
        "estado": "Activo",
        "fecha_adquisicion": "2025-06-20",
        "fecha_registro": "2025-09-21T01:03:36.518Z",
        "rango_medida": "0-448 unidades",
        "resolucion": "0.4 unidades",
        "error_maximo_permisible": "0.6446109622258411",
        "observaciones": "Equipo generado para pruebas de calidad",
        "archivo_compra_pdf": "",
        "ficha_tecnica_pdf": "",
        "manual_pdf": "",
        "otros_documentos_pdf": "",
        "imagen_equipo": "",
        "version_formato": null,
        "fecha_version_formato": null,
        "codificacion_formato": null,
        "fecha_ultima_calibracion": null,
        "proxima_calibracion": "2025-12-20",
        "frecuencia_calibracion_meses": "6.00",
        "fecha_ultimo_mantenimiento": "2025-10-04",
        "proximo_mantenimiento": "2026-01-04",
        "frecuencia_mantenimiento_meses": "3.00",
        "fecha_ultima_comprobacion": "2025-09-27",
        "proxima_comprobacion": "2025-12-27",
        "frecuencia_comprobacion_meses": "3.00"
      }
    },
    {
      "model": "core.equipo",
      "pk": 145,
      "fields": {
        "codigo_interno": "CON-006",
        "nombre": "Multímetro digital Cole-Parmer 6",
        "empresa": 21,
        "tipo_equipo": "Multímetro digital",
        "marca": "Cole-Parmer",
        "modelo": "M-7052",
        "numero_serie": "SN605540",
        "ubicacion": "Laboratorio A",
        "responsable": "Técnico Juan",
        "estado": "De Baja",
        "fecha_adquisicion": "2022-09-11",
        "fecha_registro": "2025-09-21T01:03:36.591Z",
        "rango_medida": "0-221 unidades",
        "resolucion": "0.2 unidades",
        "error_maximo_permisible": "1.20628390118288",
        "observaciones": "Equipo generado para pruebas de calidad",
        "archivo_compra_pdf": "",
        "ficha_tecnica_pdf": "",
        "manual_pdf": "",
        "otros_documentos_pdf": "",
        "imagen_equipo": "",
        "version_formato": null,
        "fecha_version_formato": null,
        "codificacion_formato": null,
        "fecha_ultima_calibracion": "2025-09-24",
        "proxima_calibracion": null,
        "frecuencia_calibracion_meses": "12.00",
        "fecha_ultimo_mantenimiento": "2025-10-17",
        "proximo_mantenimiento": null,
        "frecuencia_mantenimiento_meses": "3.00",
        "fecha_ultima_comprobacion": "2025-10-11",
        "proxima_comprobacion": null,
        "frecuencia_comprobacion_meses": "6.00"
      }
    },
    {
      "model": "core.equipo",
      "pk": 146,
      "fields": {
        "codigo_interno": "CON-007",
        "nombre": "Manómetro digital Yokogawa 7",
        "empresa": 21,
        "tipo_equipo": "Manómetro digital",
        "marca": "Yokogawa",
        "modelo": "M-1189",
        "numero_serie": "SN156243",
        "ubicacion": "Laboratorio A",
        "responsable": "Técnico Carlos",
        "estado": "Inactivo",
        "fecha_adquisicion": "2023-02-01",
        "fecha_registro": "2025-09-21T01:03:36.697Z",
        "rango_medida": "0-297 unidades",
        "resolucion": "0.2 unidades",
        "error_maximo_permisible": "0.1355416534025069",
        "observaciones": "Equipo generado para pruebas de calidad",
        "archivo_compra_pdf": "",
        "ficha_tecnica_pdf": "",
        "manual_pdf": "",
        "otros_documentos_pdf": "",
        "imagen_equipo": "",
        "version_formato": null,
        "fecha_version_formato": null,
        "codificacion_formato": null,
        "fecha_ultima_calibracion": "2025-09-28",
        "proxima_calibracion": null,
        "frecuencia_calibracion_meses": "12.00",
        "fecha_ultimo_mantenimiento": null,
        "proximo_mantenimiento": null,
        "frecuencia_mantenimiento_meses": "12.00",
        "fecha_ultima_comprobacion": null,
        "proxima_comprobacion": null,
        "frecuencia_comprobacion_meses": "1.00"
      }
    },
    {
      "model": "core.equipo",
      "pk": 147,
      "fields": {
        "codigo_interno": "CON-008",
        "nombre": "Manómetro digital Hanna Instruments 8",
        "empresa": 21,
        "tipo_equipo": "Manómetro digital",
        "marca": "Hanna Instruments",
        "modelo": "M-7780",
        "numero_serie": "SN537585",
        "ubicacion": "Planta Principal",
        "responsable": "Técnico Luis",
        "estado": "Activo",
        "fecha_adquisicion": "2023-10-15",
        "fecha_registro": "2025-09-21T01:03:36.741Z",
        "rango_medida": "0-621 unidades",
        "resolucion": "0.4 unidades",
        "error_maximo_permisible": "0.13187615200988412",
        "observaciones": "Equipo generado para pruebas de calidad",
        "archivo_compra_pdf": "",
        "ficha_tecnica_pdf": "",
        "manual_pdf": "",
        "otros_documentos_pdf": "",
        "imagen_equipo": "",
        "version_formato": null,
        "fecha_version_formato": null,
        "codificacion_formato": null,
        "fecha_ultima_calibracion": "2025-10-05",
        "proxima_calibracion": "2026-10-05",
        "frecuencia_calibracion_meses": "12.00",
        "fecha_ultimo_mantenimiento": null,
        "proximo_mantenimiento": "2026-04-05",
        "frecuencia_mantenimiento_meses": "6.00",
        "fecha_ultima_comprobacion": "2025-09-30",
        "proxima_comprobacion": "2026-03-30",
        "frecuencia_comprobacion_meses": "6.00"
      }
    },
    {
      "model": "core.equipo",
      "pk": 148,
      "fields": {
        "codigo_interno": "CON-009",
        "nombre": "Manómetro digital Druck 9",
        "empresa": 21,
        "tipo_equipo": "Manómetro digital",
        "marca": "Druck",
        "modelo": "M-5711",
        "numero_serie": "SN924478",
        "ubicacion": "Oficina Técnica",
        "responsable": "Técnico Ana",
        "estado": "Activo",
        "fecha_adquisicion": "2024-05-28",
        "fecha_registro": "2025-09-21T01:03:36.830Z",
        "rango_medida": "0-188 unidades",
        "resolucion": "0.3 unidades",
        "error_maximo_permisible": "1.5647147963190449",
        "observaciones": "Equipo generado para pruebas de calidad",
        "archivo_compra_pdf": "",
        "ficha_tecnica_pdf": "",
        "manual_pdf": "",
        "otros_documentos_pdf": "",
        "imagen_equipo": "",
        "version_formato": null,
        "fecha_version_formato": null,
        "codificacion_formato": null,
        "fecha_ultima_calibracion": null,
        "proxima_calibracion": "2026-05-28",
        "frecuencia_calibracion_meses": "24.00",
        "fecha_ultimo_mantenimiento": null,
        "proximo_mantenimiento": "2024-08-28",
        "frecuencia_mantenimiento_meses": "3.00",
        "fecha_ultima_comprobacion": null,
        "proxima_comprobacion": "2024-11-28",
        "frecuencia_comprobacion_meses": "6.00"
      }
    },
    {
      "model": "core.equipo",
      "pk": 149,
      "fields": {
        "codigo_interno": "CON-010",
        "nombre": "Manómetro digital Testo 10",
        "empresa": 21,
        "tipo_equipo": "Manómetro digital",
        "marca": "Testo",
        "modelo": "M-7075",
        "numero_serie": "SN235401",
        "ubicacion": "Laboratorio B",
        "responsable": "Técnico Luis",
        "estado": "Activo",
        "fecha_adquisicion": "2024-03-30",
        "fecha_registro": "2025-09-21T01:03:36.840Z",
        "rango_medida": "0-736 unidades",
        "resolucion": "0.5 unidades",
        "error_maximo_permisible": "0.419439893476762",
        "observaciones": "Equipo generado para pruebas de calidad",
        "archivo_compra_pdf": "",
        "ficha_tecnica_pdf": "",
        "manual_pdf": "",
        "otros_documentos_pdf": "",
        "imagen_equipo": "",
        "version_formato": null,
        "fecha_version_formato": null,
        "codificacion_formato": null,
        "fecha_ultima_calibracion": null,
        "proxima_calibracion": "2025-03-30",
        "frecuencia_calibracion_meses": "12.00",
        "fecha_ultimo_mantenimiento": "2025-09-28",
        "proximo_mantenimiento": "2025-12-28",
        "frecuencia_mantenimiento_meses": "3.00",
        "fecha_ultima_comprobacion": null,
        "proxima_comprobacion": "2024-09-30",
        "frecuencia_comprobacion_meses": "6.00"
      }
    },
    {
      "model": "core.equipo",
      "pk": 150,
      "fields": {
        "codigo_interno": "CON-011",
        "nombre": "Dinamómetro Keysight 11",
        "empresa": 21,
        "tipo_equipo": "Dinamómetro",
        "marca": "Keysight",
        "modelo": "M-3970",
        "numero_serie": "SN384501",
        "ubicacion": "Laboratorio A",
        "responsable": "Técnico Carlos",
        "estado": "Activo",
        "fecha_adquisicion": "2022-09-02",
        "fecha_registro": "2025-09-21T01:03:36.881Z",
        "rango_medida": "0-243 unidades",
        "resolucion": "0.3 unidades",
        "error_maximo_permisible": "0.36664410593681107",
        "observaciones": "Equipo generado para pruebas de calidad",
        "archivo_compra_pdf": "",
        "ficha_tecnica_pdf": "",
        "manual_pdf": "",
        "otros_documentos_pdf": "",
        "imagen_equipo": "",
        "version_formato": null,
        "fecha_version_formato": null,
        "codificacion_formato": null,
        "fecha_ultima_calibracion": null,
        "proxima_calibracion": "2023-03-02",
        "frecuencia_calibracion_meses": "6.00",
        "fecha_ultimo_mantenimiento": "2025-09-28",
        "proximo_mantenimiento": "2025-12-28",
        "frecuencia_mantenimiento_meses": "3.00",
        "fecha_ultima_comprobacion": null,
        "proxima_comprobacion": "2022-12-02",
        "frecuencia_comprobacion_meses": "3.00"
      }
    },
    {
      "model": "core.equipo",
      "pk": 151,
      "fields": {
        "codigo_interno": "CON-012",
        "nombre": "Microscopio Omega 12",
        "empresa": 21,
        "tipo_equipo": "Microscopio",
        "marca": "Omega",
        "modelo": "M-1318",
        "numero_serie": "SN825968",
        "ubicacion": "Planta Principal",
        "responsable": "Técnico Luis",
        "estado": "Activo",
        "fecha_adquisicion": "2021-06-14",
        "fecha_registro": "2025-09-21T01:03:36.925Z",
        "rango_medida": "0-254 unidades",
        "resolucion": "0.2 unidades",
        "error_maximo_permisible": "0.5370602733914333",
        "observaciones": "Equipo generado para pruebas de calidad",
        "archivo_compra_pdf": "",
        "ficha_tecnica_pdf": "",
        "manual_pdf": "",
        "otros_documentos_pdf": "",
        "imagen_equipo": "",
        "version_formato": null,
        "fecha_version_formato": null,
        "codificacion_formato": null,
        "fecha_ultima_calibracion": "2025-09-29",
        "proxima_calibracion": "2026-09-29",
        "frecuencia_calibracion_meses": "12.00",
        "fecha_ultimo_mantenimiento": "2025-09-25",
        "proximo_mantenimiento": "2026-09-25",
        "frecuencia_mantenimiento_meses": "12.00",
        "fecha_ultima_comprobacion": "2025-09-26",
        "proxima_comprobacion": "2026-03-26",
        "frecuencia_comprobacion_meses": "6.00"
      }
    },
    {
      "model": "core.equipo",
      "pk": 152,
      "fields": {
        "codigo_interno": "CON-013",
        "nombre": "Termómetro infrarrojo Keysight 13",
        "empresa": 21,
        "tipo_equipo": "Termómetro infrarrojo",
        "marca": "Keysight",
        "modelo": "M-3820",
        "numero_serie": "SN887164",
        "ubicacion": "Laboratorio A",
        "responsable": "Técnico María",
        "estado": "Activo",
        "fecha_adquisicion": "2024-07-15",
        "fecha_registro": "2025-09-21T01:03:37.020Z",
        "rango_medida": "0-150 unidades",
        "resolucion": "0.1 unidades",
        "error_maximo_permisible": "0.7405196880012782",
        "observaciones": "Equipo generado para pruebas de calidad",
        "archivo_compra_pdf": "",
        "ficha_tecnica_pdf": "",
        "manual_pdf": "",
        "otros_documentos_pdf": "",
        "imagen_equipo": "",
        "version_formato": null,
        "fecha_version_formato": null,
        "codificacion_formato": null,
        "fecha_ultima_calibracion": "2025-09-30",
        "proxima_calibracion": "2026-03-30",
        "frecuencia_calibracion_meses": "6.00",
        "fecha_ultimo_mantenimiento": "2025-09-22",
        "proximo_mantenimiento": "2026-03-22",
        "frecuencia_mantenimiento_meses": "6.00",
        "fecha_ultima_comprobacion": "2025-09-21",
        "proxima_comprobacion": "2026-03-21",
        "frecuencia_comprobacion_meses": "6.00"
      }
    },
    {
      "model": "core.equipo",
      "pk": 153,
      "fields": {
        "codigo_interno": "CON-014",
        "nombre": "Balanza analítica Cole-Parmer 14",
        "empresa": 21,
        "tipo_equipo": "Balanza analítica",
        "marca": "Cole-Parmer",
        "modelo": "M-2335",
        "numero_serie": "SN163804",
        "ubicacion": "Planta Principal",
        "responsable": "Técnico María",
        "estado": "Activo",
        "fecha_adquisicion": "2023-12-10",
        "fecha_registro": "2025-09-21T01:03:37.127Z",
        "rango_medida": "0-495 unidades",
        "resolucion": "0.1 unidades",
        "error_maximo_permisible": "0.3207399541833409",
        "observaciones": "Equipo generado para pruebas de calidad",
        "archivo_compra_pdf": "",
        "ficha_tecnica_pdf": "",
        "manual_pdf": "",
        "otros_documentos_pdf": "",
        "imagen_equipo": "",
        "version_formato": null,
        "fecha_version_formato": null,
        "codificacion_formato": null,
        "fecha_ultima_calibracion": null,
        "proxima_calibracion": "2024-06-10",
        "frecuencia_calibracion_meses": "6.00",
        "fecha_ultimo_mantenimiento": null,
        "proximo_mantenimiento": "2024-03-10",
        "frecuencia_mantenimiento_meses": "3.00",
        "fecha_ultima_comprobacion": "2025-10-10",
        "proxima_comprobacion": "2025-11-10",
        "frecuencia_comprobacion_meses": "1.00"
      }
    },
    {
      "model": "core.equipo",
      "pk": 154,
      "fields": {
        "codigo_interno": "CON-015",
        "nombre": "Espectrofotómetro Mettler Toledo 15",
        "empresa": 21,
        "tipo_equipo": "Espectrofotómetro",
        "marca": "Mettler Toledo",
        "modelo": "M-3904",
        "numero_serie": "SN336741",
        "ubicacion": "Oficina Técnica",
        "responsable": "Técnico Luis",
        "estado": "Activo",
        "fecha_adquisicion": "2024-05-01",
        "fecha_registro": "2025-09-21T01:03:37.170Z",
        "rango_medida": "0-209 unidades",
        "resolucion": "0.2 unidades",
        "error_maximo_permisible": "1.7778417186113862",
        "observaciones": "Equipo generado para pruebas de calidad",
        "archivo_compra_pdf": "",
        "ficha_tecnica_pdf": "",
        "manual_pdf": "",
        "otros_documentos_pdf": "",
        "imagen_equipo": "",
        "version_formato": null,
        "fecha_version_formato": null,
        "codificacion_formato": null,
        "fecha_ultima_calibracion": "2025-10-08",
        "proxima_calibracion": "2026-04-08",
        "frecuencia_calibracion_meses": "6.00",
        "fecha_ultimo_mantenimiento": "2025-09-22",
        "proximo_mantenimiento": "2026-03-22",
        "frecuencia_mantenimiento_meses": "6.00",
        "fecha_ultima_comprobacion": "2025-10-16",
        "proxima_comprobacion": "2026-04-16",
        "frecuencia_comprobacion_meses": "6.00"
      }
    },
    {
      "model": "core.equipo",
      "pk": 155,
      "fields": {
        "codigo_interno": "CON-016",
        "nombre": "Cronómetro Keysight 16",
        "empresa": 21,
        "tipo_equipo": "Cronómetro",
        "marca": "Keysight",
        "modelo": "M-1208",
        "numero_serie": "SN614246",
        "ubicacion": "Laboratorio A",
        "responsable": "Técnico Juan",
        "estado": "Activo",
        "fecha_adquisicion": "2025-07-26",
        "fecha_registro": "2025-09-21T01:03:37.256Z",
        "rango_medida": "0-126 unidades",
        "resolucion": "0.1 unidades",
        "error_maximo_permisible": "0.7382972926373049",
        "observaciones": "Equipo generado para pruebas de calidad",
        "archivo_compra_pdf": "",
        "ficha_tecnica_pdf": "",
        "manual_pdf": "",
        "otros_documentos_pdf": "",
        "imagen_equipo": "",
        "version_formato": null,
        "fecha_version_formato": null,
        "codificacion_formato": null,
        "fecha_ultima_calibracion": "2025-09-22",
        "proxima_calibracion": "2026-03-22",
        "frecuencia_calibracion_meses": "6.00",
        "fecha_ultimo_mantenimiento": null,
        "proximo_mantenimiento": "2026-09-22",
        "frecuencia_mantenimiento_meses": "12.00",
        "fecha_ultima_comprobacion": null,
        "proxima_comprobacion": "2025-12-22",
        "frecuencia_comprobacion_meses": "3.00"
      }
    },
    {
      "model": "core.equipo",
      "pk": 156,
      "fields": {
        "codigo_interno": "CON-017",
        "nombre": "Dinamómetro Yokogawa 17",
        "empresa": 21,
        "tipo_equipo": "Dinamómetro",
        "marca": "Yokogawa",
        "modelo": "M-5341",
        "numero_serie": "SN515811",
        "ubicacion": "Planta Principal",
        "responsable": "Técnico Carlos",
        "estado": "De Baja",
        "fecha_adquisicion": "2024-07-09",
        "fecha_registro": "2025-09-21T01:03:37.291Z",
        "rango_medida": "0-821 unidades",
        "resolucion": "0.4 unidades",
        "error_maximo_permisible": "1.489742252279687",
        "observaciones": "Equipo generado para pruebas de calidad",
        "archivo_compra_pdf": "",
        "ficha_tecnica_pdf": "",
        "manual_pdf": "",
        "otros_documentos_pdf": "",
        "imagen_equipo": "",
        "version_formato": null,
        "fecha_version_formato": null,
        "codificacion_formato": null,
        "fecha_ultima_calibracion": null,
        "proxima_calibracion": null,
        "frecuencia_calibracion_meses": "24.00",
        "fecha_ultimo_mantenimiento": "2025-10-13",
        "proximo_mantenimiento": null,
        "frecuencia_mantenimiento_meses": "12.00",
        "fecha_ultima_comprobacion": null,
        "proxima_comprobacion": null,
        "frecuencia_comprobacion_meses": "1.00"
      }
    },
    {
      "model": "core.equipo",
      "pk": 157,
      "fields": {
        "codigo_interno": "CON-018",
        "nombre": "Multímetro digital Cole-Parmer 18",
        "empresa": 21,
        "tipo_equipo": "Multímetro digital",
        "marca": "Cole-Parmer",
        "modelo": "M-2530",
        "numero_serie": "SN462443",
        "ubicacion": "Laboratorio B",
        "responsable": "Técnico Juan",
        "estado": "Inactivo",
        "fecha_adquisicion": "2023-08-16",
        "fecha_registro": "2025-09-21T01:03:37.324Z",
        "rango_medida": "0-566 unidades",
        "resolucion": "0.2 unidades",
        "error_maximo_permisible": "1.0575242500200428",
        "observaciones": "Equipo generado para pruebas de calidad",
        "archivo_compra_pdf": "",
        "ficha_tecnica_pdf": "",
        "manual_pdf": "",
        "otros_documentos_pdf": "",
        "imagen_equipo": "",
        "version_formato": null,
        "fecha_version_formato": null,
        "codificacion_formato": null,
        "fecha_ultima_calibracion": "2025-10-09",
        "proxima_calibracion": null,
        "frecuencia_calibracion_meses": "12.00",
        "fecha_ultimo_mantenimiento": null,
        "proximo_mantenimiento": null,
        "frecuencia_mantenimiento_meses": "3.00",
        "fecha_ultima_comprobacion": null,
        "proxima_comprobacion": null,
        "frecuencia_comprobacion_meses": "1.00"
      }
    },
    {
      "model": "core.equipo",
      "pk": 158,
      "fields": {
        "codigo_interno": "CON-019",
        "nombre": "Multímetro digital Keysight 19",
        "empresa": 21,
        "tipo_equipo": "Multímetro digital",
        "marca": "Keysight",
        "modelo": "M-9264",
        "numero_serie": "SN662991",
        "ubicacion": "Laboratorio A",
        "responsable": "Técnico María",
        "estado": "Activo",
        "fecha_adquisicion": "2021-02-22",
        "fecha_registro": "2025-09-21T01:03:37.354Z",
        "rango_medida": "0-326 unidades",
        "resolucion": "0.5 unidades",
        "error_maximo_permisible": "0.1022305696021835",
        "observaciones": "Equipo generado para pruebas de calidad",
        "archivo_compra_pdf": "",
        "ficha_tecnica_pdf": "",
        "manual_pdf": "",
        "otros_documentos_pdf": "",
        "imagen_equipo": "",
        "version_formato": null,
        "fecha_version_formato": null,
        "codificacion_formato": null,
        "fecha_ultima_calibracion": "2025-10-15",
        "proxima_calibracion": "2026-04-15",
        "frecuencia_calibracion_meses": "6.00",
        "fecha_ultimo_mantenimiento": null,
        "proximo_mantenimiento": "2026-01-15",
        "frecuencia_mantenimiento_meses": "3.00",
        "fecha_ultima_comprobacion": null,
        "proxima_comprobacion": "2026-04-15",
        "frecuencia_comprobacion_meses": "6.00"
      }
    },
    {
      "model": "core.equipo",
      "pk": 159,
      "fields": {
        "codigo_interno": "CON-020",
        "nombre": "Cronómetro Cole-Parmer 20",
        "empresa": 21,
        "tipo_equipo": "Cronómetro",
        "marca": "Cole-Parmer",
        "modelo": "M-8950",
        "numero_serie": "SN805749",
        "ubicacion": "Laboratorio A",
        "responsable": "Técnico Ana",
        "estado": "Activo",
        "fecha_adquisicion": "2022-12-24",
        "fecha_registro": "2025-09-21T01:03:37.398Z",
        "rango_medida": "0-131 unidades",
        "resolucion": "0.1 unidades",
        "error_maximo_permisible": "1.5725412052821177",
        "observaciones": "Equipo generado para pruebas de calidad",
        "archivo_compra_pdf": "",
        "ficha_tecnica_pdf": "",
        "manual_pdf": "",
        "otros_documentos_pdf": "",
        "imagen_equipo": "",
        "version_formato": null,
        "fecha_version_formato": null,
        "codificacion_formato": null,
        "fecha_ultima_calibracion": null,
        "proxima_calibracion": "2023-12-24",
        "frecuencia_calibracion_meses": "12.00",
        "fecha_ultimo_mantenimiento": "2025-09-20",
        "proximo_mantenimiento": "2025-12-20",
        "frecuencia_mantenimiento_meses": "3.00",
        "fecha_ultima_comprobacion": null,
        "proxima_comprobacion": "2023-06-24",
        "frecuencia_comprobacion_meses": "6.00"
      }
    },
    {
      "model": "core.equipo",
      "pk": 160,
      "fields": {
        "codigo_interno": "CON-021",
        "nombre": "Microscopio Mettler Toledo 21",
        "empresa": 21,
        "tipo_equipo": "Microscopio",
        "marca": "Mettler Toledo",
        "modelo": "M-4438",
        "numero_serie": "SN964344",
        "ubicacion": "Laboratorio A",
        "responsable": "Técnico Ana",
        "estado": "Inactivo",
        "fecha_adquisicion": "2021-11-09",
        "fecha_registro": "2025-09-21T01:03:37.431Z",
        "rango_medida": "0-169 unidades",
        "resolucion": "0.5 unidades",
        "error_maximo_permisible": "0.5012596971223324",
        "observaciones": "Equipo generado para pruebas de calidad",
        "archivo_compra_pdf": "",
        "ficha_tecnica_pdf": "",
        "manual_pdf": "",
        "otros_documentos_pdf": "",
        "imagen_equipo": "",
        "version_formato": null,
        "fecha_version_formato": null,
        "codificacion_formato": null,
        "fecha_ultima_calibracion": null,
        "proxima_calibracion": null,
        "frecuencia_calibracion_meses": "24.00",
        "fecha_ultimo_mantenimiento": null,
        "proximo_mantenimiento": null,
        "frecuencia_mantenimiento_meses": "12.00",
        "fecha_ultima_comprobacion": null,
        "proxima_comprobacion": null,
        "frecuencia_comprobacion_meses": "6.00"
      }
    },
    {
      "model": "core.equipo",
      "pk": 161,
      "fields": {
        "codigo_interno": "CON-022",
        "nombre": "Dinamómetro Testo 22",
        "empresa": 21,
        "tipo_equipo": "Dinamómetro",
        "marca": "Testo",
        "modelo": "M-9483",
        "numero_serie": "SN296108",
        "ubicacion": "Laboratorio B",
        "responsable": "Técnico María",
        "estado": "Activo",
        "fecha_adquisicion": "2025-03-02",
        "fecha_registro": "2025-09-21T01:03:37.439Z",
        "rango_medida": "0-150 unidades",
        "resolucion": "0.2 unidades",
        "error_maximo_permisible": "1.0216595891735607",
        "observaciones": "Equipo generado para pruebas de calidad",
        "archivo_compra_pdf": "",
        "ficha_tecnica_pdf": "",
        "manual_pdf": "",
        "otros_documentos_pdf": "",
        "imagen_equipo": "",
        "version_formato": null,
        "fecha_version_formato": null,
        "codificacion_formato": null,
        "fecha_ultima_calibracion": null,
        "proxima_calibracion": "2027-03-02",
        "frecuencia_calibracion_meses": "24.00",
        "fecha_ultimo_mantenimiento": "2025-10-01",
        "proximo_mantenimiento": "2026-04-01",
        "frecuencia_mantenimiento_meses": "6.00",
        "fecha_ultima_comprobacion": "2025-09-24",
        "proxima_comprobacion": "2025-12-24",
        "frecuencia_comprobacion_meses": "3.00"
      }
    },
    {
      "model": "core.equipo",
      "pk": 162,
      "fields": {
        "codigo_interno": "CON-023",
        "nombre": "Manómetro digital Omega 23",
        "empresa": 21,
        "tipo_equipo": "Manómetro digital",
        "marca": "Omega",
        "modelo": "M-2207",
        "numero_serie": "SN521000",
        "ubicacion": "Oficina Técnica",
        "responsable": "Técnico Carlos",
        "estado": "Activo",
        "fecha_adquisicion": "2025-02-05",
        "fecha_registro": "2025-09-21T01:03:37.508Z",
        "rango_medida": "0-287 unidades",
        "resolucion": "0.1 unidades",
        "error_maximo_permisible": "1.3505606698048094",
        "observaciones": "Equipo generado para pruebas de calidad",
        "archivo_compra_pdf": "",
        "ficha_tecnica_pdf": "",
        "manual_pdf": "",
        "otros_documentos_pdf": "",
        "imagen_equipo": "",
        "version_formato": null,
        "fecha_version_formato": null,
        "codificacion_formato": null,
        "fecha_ultima_calibracion": null,
        "proxima_calibracion": "2027-02-05",
        "frecuencia_calibracion_meses": "24.00",
        "fecha_ultimo_mantenimiento": null,
        "proximo_mantenimiento": "2025-08-05",
        "frecuencia_mantenimiento_meses": "6.00",
        "fecha_ultima_comprobacion": "2025-10-19",
        "proxima_comprobacion": "2026-01-19",
        "frecuencia_comprobacion_meses": "3.00"
      }
    },
    {
      "model": "core.equipo",
      "pk": 163,
      "fields": {
        "codigo_interno": "CON-024",
        "nombre": "pH-metro Druck 24",
        "empresa": 21,
        "tipo_equipo": "pH-metro",
        "marca": "Druck",
        "modelo": "M-8809",
        "numero_serie": "SN236764",
        "ubicacion": "Laboratorio A",
        "responsable": "Técnico Luis",
        "estado": "Activo",
        "fecha_adquisicion": "2024-03-10",
        "fecha_registro": "2025-09-21T01:03:37.548Z",
        "rango_medida": "0-343 unidades",
        "resolucion": "0.1 unidades",
        "error_maximo_permisible": "0.4131224786166561",
        "observaciones": "Equipo generado para pruebas de calidad",
        "archivo_compra_pdf": "",
        "ficha_tecnica_pdf": "",
        "manual_pdf": "",
        "otros_documentos_pdf": "",
        "imagen_equipo": "",
        "version_formato": null,
        "fecha_version_formato": null,
        "codificacion_formato": null,
        "fecha_ultima_calibracion": "2025-09-21",
        "proxima_calibracion": "2026-09-21",
        "frecuencia_calibracion_meses": "12.00",
        "fecha_ultimo_mantenimiento": "2025-09-20",
        "proximo_mantenimiento": "2026-03-20",
        "frecuencia_mantenimiento_meses": "6.00",
        "fecha_ultima_comprobacion": "2025-09-23",
        "proxima_comprobacion": "2025-12-23",
        "frecuencia_comprobacion_meses": "3.00"
      }
    },
    {
      "model": "core.equipo",
      "pk": 164,
      "fields": {
        "codigo_interno": "CON-025",
        "nombre": "Cronómetro Testo 25",
        "empresa": 21,
        "tipo_equipo": "Cronómetro",
        "marca": "Testo",
        "modelo": "M-6940",
        "numero_serie": "SN568314",
        "ubicacion": "Laboratorio A",
        "responsable": "Técnico Ana",
        "estado": "De Baja",
        "fecha_adquisicion": "2021-04-21",
        "fecha_registro": "2025-09-21T01:03:37.665Z",
        "rango_medida": "0-348 unidades",
        "resolucion": "0.4 unidades",
        "error_maximo_permisible": "1.5517484277761597",
        "observaciones": "Equipo generado para pruebas de calidad",
        "archivo_compra_pdf": "",
        "ficha_tecnica_pdf": "",
        "manual_pdf": "",
        "otros_documentos_pdf": "",
        "imagen_equipo": "",
        "version_formato": null,
        "fecha_version_formato": null,
        "codificacion_formato": null,
        "fecha_ultima_calibracion": "2025-09-30",
        "proxima_calibracion": null,
        "frecuencia_calibracion_meses": "6.00",
        "fecha_ultimo_mantenimiento": "2025-09-24",
        "proximo_mantenimiento": null,
        "frecuencia_mantenimiento_meses": "6.00",
        "fecha_ultima_comprobacion": null,
        "proxima_comprobacion": null,
        "frecuencia_comprobacion_meses": "1.00"
      }
    },
    {
      "model": "core.equipo",
      "pk": 165,
      "fields": {
        "codigo_interno": "CON-026",
        "nombre": "Multímetro digital Hanna Instruments 26",
        "empresa": 21,
        "tipo_equipo": "Multímetro digital",
        "marca": "Hanna Instruments",
        "modelo": "M-3498",
        "numero_serie": "SN905763",
        "ubicacion": "Laboratorio B",
        "responsable": "Técnico María",
        "estado": "Activo",
        "fecha_adquisicion": "2023-11-17",
        "fecha_registro": "2025-09-21T01:03:37.739Z",
        "rango_medida": "0-181 unidades",
        "resolucion": "0.1 unidades",
        "error_maximo_permisible": "0.14474534996484736",
        "observaciones": "Equipo generado para pruebas de calidad",
        "archivo_compra_pdf": "",
        "ficha_tecnica_pdf": "",
        "manual_pdf": "",
        "otros_documentos_pdf": "",
        "imagen_equipo": "",
        "version_formato": null,
        "fecha_version_formato": null,
        "codificacion_formato": null,
        "fecha_ultima_calibracion": null,
        "proxima_calibracion": "2024-05-17",
        "frecuencia_calibracion_meses": "6.00",
        "fecha_ultimo_mantenimiento": "2025-10-17",
        "proximo_mantenimiento": "2026-04-17",
        "frecuencia_mantenimiento_meses": "6.00",
        "fecha_ultima_comprobacion": null,
        "proxima_comprobacion": "2023-12-17",
        "frecuencia_comprobacion_meses": "1.00"
      }
    },
    {
      "model": "core.equipo",
      "pk": 166,
      "fields": {
        "codigo_interno": "CON-027",
        "nombre": "Termómetro infrarrojo Keysight 27",
        "empresa": 21,
        "tipo_equipo": "Termómetro infrarrojo",
        "marca": "Keysight",
        "modelo": "M-2020",
        "numero_serie": "SN870933",
        "ubicacion": "Laboratorio B",
        "responsable": "Técnico Juan",
        "estado": "Inactivo",
        "fecha_adquisicion": "2022-04-20",
        "fecha_registro": "2025-09-21T01:03:37.793Z",
        "rango_medida": "0-582 unidades",
        "resolucion": "0.2 unidades",
        "error_maximo_permisible": "1.9087425681294465",
        "observaciones": "Equipo generado para pruebas de calidad",
        "archivo_compra_pdf": "",
        "ficha_tecnica_pdf": "",
        "manual_pdf": "",
        "otros_documentos_pdf": "",
        "imagen_equipo": "",
        "version_formato": null,
        "fecha_version_formato": null,
        "codificacion_formato": null,
        "fecha_ultima_calibracion": null,
        "proxima_calibracion": null,
        "frecuencia_calibracion_meses": "12.00",
        "fecha_ultimo_mantenimiento": "2025-09-30",
        "proximo_mantenimiento": null,
        "frecuencia_mantenimiento_meses": "6.00",
        "fecha_ultima_comprobacion": null,
        "proxima_comprobacion": null,
        "frecuencia_comprobacion_meses": "1.00"
      }
    },
    {
      "model": "core.equipo",
      "pk": 167,
      "fields": {
        "codigo_interno": "CON-028",
        "nombre": "Multímetro digital Hanna Instruments 28",
        "empresa": 21,
        "tipo_equipo": "Multímetro digital",
        "marca": "Hanna Instruments",
        "modelo": "M-6615",
        "numero_serie": "SN445496",
        "ubicacion": "Oficina Técnica",
        "responsable": "Técnico Carlos",
        "estado": "Activo",
        "fecha_adquisicion": "2023-01-27",
        "fecha_registro": "2025-09-21T01:03:37.838Z",
        "rango_medida": "0-345 unidades",
        "resolucion": "0.2 unidades",
        "error_maximo_permisible": "1.9835925565862749",
        "observaciones": "Equipo generado para pruebas de calidad",
        "archivo_compra_pdf": "",
        "ficha_tecnica_pdf": "",
        "manual_pdf": "",
        "otros_documentos_pdf": "",
        "imagen_equipo": "",
        "version_formato": null,
        "fecha_version_formato": null,
        "codificacion_formato": null,
        "fecha_ultima_calibracion": "2025-09-25",
        "proxima_calibracion": "2026-03-25",
        "frecuencia_calibracion_meses": "6.00",
        "fecha_ultimo_mantenimiento": null,
        "proximo_mantenimiento": "2026-09-25",
        "frecuencia_mantenimiento_meses": "12.00",
        "fecha_ultima_comprobacion": null,
        "proxima_comprobacion": "2026-03-25",
        "frecuencia_comprobacion_meses": "6.00"
      }
    },
    {
      "model": "core.equipo",
      "pk": 168,
      "fields": {
        "codigo_interno": "CON-029",
        "nombre": "Calibrador de presión Sartorius 29",
        "empresa": 21,
        "tipo_equipo": "Calibrador de presión",
        "marca": "Sartorius",
        "modelo": "M-5772",
        "numero_serie": "SN982697",
        "ubicacion": "Planta Principal",
        "responsable": "Técnico Ana",
        "estado": "Activo",
        "fecha_adquisicion": "2023-08-09",
        "fecha_registro": "2025-09-21T01:03:37.890Z",
        "rango_medida": "0-203 unidades",
        "resolucion": "0.3 unidades",
        "error_maximo_permisible": "1.4154607234226004",
        "observaciones": "Equipo generado para pruebas de calidad",
        "archivo_compra_pdf": "",
        "ficha_tecnica_pdf": "",
        "manual_pdf": "",
        "otros_documentos_pdf": "",
        "imagen_equipo": "",
        "version_formato": null,
        "fecha_version_formato": null,
        "codificacion_formato": null,
        "fecha_ultima_calibracion": "2025-09-22",
        "proxima_calibracion": "2027-09-22",
        "frecuencia_calibracion_meses": "24.00",
        "fecha_ultimo_mantenimiento": null,
        "proximo_mantenimiento": "2026-09-22",
        "frecuencia_mantenimiento_meses": "12.00",
        "fecha_ultima_comprobacion": null,
        "proxima_comprobacion": "2025-12-22",
        "frecuencia_comprobacion_meses": "3.00"
      }
    },
    {
      "model": "core.equipo",
      "pk": 169,
      "fields": {
        "codigo_interno": "CON-030",
        "nombre": "pH-metro Keysight 30",
        "empresa": 21,
        "tipo_equipo": "pH-metro",
        "marca": "Keysight",
        "modelo": "M-6583",
        "numero_serie": "SN219337",
        "ubicacion": "Oficina Técnica",
        "responsable": "Técnico Luis",
        "estado": "Activo",
        "fecha_adquisicion": "2023-11-16",
        "fecha_registro": "2025-09-21T01:03:37.943Z",
        "rango_medida": "0-288 unidades",
        "resolucion": "0.4 unidades",
        "error_maximo_permisible": "1.6881834597890284",
        "observaciones": "Equipo generado para pruebas de calidad",
        "archivo_compra_pdf": "",
        "ficha_tecnica_pdf": "",
        "manual_pdf": "",
        "otros_documentos_pdf": "",
        "imagen_equipo": "",
        "version_formato": null,
        "fecha_version_formato": null,
        "codificacion_formato": null,
        "fecha_ultima_calibracion": "2025-10-13",
        "proxima_calibracion": "2026-10-13",
        "frecuencia_calibracion_meses": "12.00",
        "fecha_ultimo_mantenimiento": "2025-10-08",
        "proximo_mantenimiento": "2026-01-08",
        "frecuencia_mantenimiento_meses": "3.00",
        "fecha_ultima_comprobacion": null,
        "proxima_comprobacion": "2025-11-13",
        "frecuencia_comprobacion_meses": "1.00"
      }
    },
    {
      "model": "core.equipo",
      "pk": 170,
      "fields": {
        "codigo_interno": "CON-031",
        "nombre": "Calibrador de presión Sartorius 31",
        "empresa": 21,
        "tipo_equipo": "Calibrador de presión",
        "marca": "Sartorius",
        "modelo": "M-3512",
        "numero_serie": "SN266602",
        "ubicacion": "Laboratorio B",
        "responsable": "Técnico María",
        "estado": "Activo",
        "fecha_adquisicion": "2025-04-19",
        "fecha_registro": "2025-09-21T01:03:38.031Z",
        "rango_medida": "0-185 unidades",
        "resolucion": "0.1 unidades",
        "error_maximo_permisible": "1.2491993866871844",
        "observaciones": "Equipo generado para pruebas de calidad",
        "archivo_compra_pdf": "",
        "ficha_tecnica_pdf": "",
        "manual_pdf": "",
        "otros_documentos_pdf": "",
        "imagen_equipo": "",
        "version_formato": null,
        "fecha_version_formato": null,
        "codificacion_formato": null,
        "fecha_ultima_calibracion": "2025-10-02",
        "proxima_calibracion": "2026-04-02",
        "frecuencia_calibracion_meses": "6.00",
        "fecha_ultimo_mantenimiento": null,
        "proximo_mantenimiento": "2026-01-02",
        "frecuencia_mantenimiento_meses": "3.00",
        "fecha_ultima_comprobacion": null,
        "proxima_comprobacion": "2026-04-02",
        "frecuencia_comprobacion_meses": "6.00"
      }
    },
    {
      "model": "core.equipo",
      "pk": 171,
      "fields": {
        "codigo_interno": "CON-032",
        "nombre": "Multímetro digital Testo 32",
        "empresa": 21,
        "tipo_equipo": "Multímetro digital",
        "marca": "Testo",
        "modelo": "M-2768",
        "numero_serie": "SN534817",
        "ubicacion": "Laboratorio A",
        "responsable": "Técnico Luis",
        "estado": "Inactivo",
        "fecha_adquisicion": "2021-06-18",
        "fecha_registro": "2025-09-21T01:03:38.085Z",
        "rango_medida": "0-647 unidades",
        "resolucion": "0.1 unidades",
        "error_maximo_permisible": "1.6865160798266665",
        "observaciones": "Equipo generado para pruebas de calidad",
        "archivo_compra_pdf": "",
        "ficha_tecnica_pdf": "",
        "manual_pdf": "",
        "otros_documentos_pdf": "",
        "imagen_equipo": "",
        "version_formato": null,
        "fecha_version_formato": null,
        "codificacion_formato": null,
        "fecha_ultima_calibracion": null,
        "proxima_calibracion": null,
        "frecuencia_calibracion_meses": "12.00",
        "fecha_ultimo_mantenimiento": "2025-10-15",
        "proximo_mantenimiento": null,
        "frecuencia_mantenimiento_meses": "3.00",
        "fecha_ultima_comprobacion": null,
        "proxima_comprobacion": null,
        "frecuencia_comprobacion_meses": "3.00"
      }
    },
    {
      "model": "core.equipo",
      "pk": 172,
      "fields": {
        "codigo_interno": "CON-033",
        "nombre": "Microscopio Cole-Parmer 33",
        "empresa": 21,
        "tipo_equipo": "Microscopio",
        "marca": "Cole-Parmer",
        "modelo": "M-5897",
        "numero_serie": "SN384326",
        "ubicacion": "Laboratorio A",
        "responsable": "Técnico Carlos",
        "estado": "Inactivo",
        "fecha_adquisicion": "2024-08-21",
        "fecha_registro": "2025-09-21T01:03:38.128Z",
        "rango_medida": "0-419 unidades",
        "resolucion": "0.2 unidades",
        "error_maximo_permisible": "0.2877714957639802",
        "observaciones": "Equipo generado para pruebas de calidad",
        "archivo_compra_pdf": "",
        "ficha_tecnica_pdf": "",
        "manual_pdf": "",
        "otros_documentos_pdf": "",
        "imagen_equipo": "",
        "version_formato": null,
        "fecha_version_formato": null,
        "codificacion_formato": null,
        "fecha_ultima_calibracion": null,
        "proxima_calibracion": null,
        "frecuencia_calibracion_meses": "24.00",
        "fecha_ultimo_mantenimiento": "2025-09-29",
        "proximo_mantenimiento": null,
        "frecuencia_mantenimiento_meses": "12.00",
        "fecha_ultima_comprobacion": "2025-10-20",
        "proxima_comprobacion": null,
        "frecuencia_comprobacion_meses": "6.00"
      }
    },
    {
      "model": "core.equipo",
      "pk": 173,
      "fields": {
        "codigo_interno": "CON-034",
        "nombre": "Microscopio Yokogawa 34",
        "empresa": 21,
        "tipo_equipo": "Microscopio",
        "marca": "Yokogawa",
        "modelo": "M-7203",
        "numero_serie": "SN135405",
        "ubicacion": "Laboratorio B",
        "responsable": "Técnico María",
        "estado": "Activo",
        "fecha_adquisicion": "2021-02-07",
        "fecha_registro": "2025-09-21T01:03:38.192Z",
        "rango_medida": "0-821 unidades",
        "resolucion": "0.5 unidades",
        "error_maximo_permisible": "0.5882963912418574",
        "observaciones": "Equipo generado para pruebas de calidad",
        "archivo_compra_pdf": "",
        "ficha_tecnica_pdf": "",
        "manual_pdf": "",
        "otros_documentos_pdf": "",
        "imagen_equipo": "",
        "version_formato": null,
        "fecha_version_formato": null,
        "codificacion_formato": null,
        "fecha_ultima_calibracion": null,
        "proxima_calibracion": "2022-02-07",
        "frecuencia_calibracion_meses": "12.00",
        "fecha_ultimo_mantenimiento": "2025-10-03",
        "proximo_mantenimiento": "2026-10-03",
        "frecuencia_mantenimiento_meses": "12.00",
        "fecha_ultima_comprobacion": null,
        "proxima_comprobacion": "2021-05-07",
        "frecuencia_comprobacion_meses": "3.00"
      }
    },
    {
      "model": "core.equipo",
      "pk": 174,
      "fields": {
        "codigo_interno": "CON-035",
        "nombre": "Balanza analítica Omega 35",
        "empresa": 21,
        "tipo_equipo": "Balanza analítica",
        "marca": "Omega",
        "modelo": "M-8282",
        "numero_serie": "SN482743",
        "ubicacion": "Laboratorio A",
        "responsable": "Técnico María",
        "estado": "De Baja",
        "fecha_adquisicion": "2023-04-06",
        "fecha_registro": "2025-09-21T01:03:38.238Z",
        "rango_medida": "0-297 unidades",
        "resolucion": "0.3 unidades",
        "error_maximo_permisible": "0.4138477686152988",
        "observaciones": "Equipo generado para pruebas de calidad",
        "archivo_compra_pdf": "",
        "ficha_tecnica_pdf": "",
        "manual_pdf": "",
        "otros_documentos_pdf": "",
        "imagen_equipo": "",
        "version_formato": null,
        "fecha_version_formato": null,
        "codificacion_formato": null,
        "fecha_ultima_calibracion": null,
        "proxima_calibracion": null,
        "frecuencia_calibracion_meses": "6.00",
        "fecha_ultimo_mantenimiento": null,
        "proximo_mantenimiento": null,
        "frecuencia_mantenimiento_meses": "6.00",
        "fecha_ultima_comprobacion": "2025-09-21",
        "proxima_comprobacion": null,
        "frecuencia_comprobacion_meses": "6.00"
      }
    },
    {
      "model": "core.equipo",
      "pk": 175,
      "fields": {
        "codigo_interno": "CON-036",
        "nombre": "Espectrofotómetro Fluke 36",
        "empresa": 21,
        "tipo_equipo": "Espectrofotómetro",
        "marca": "Fluke",
        "modelo": "M-8360",
        "numero_serie": "SN832057",
        "ubicacion": "Laboratorio A",
        "responsable": "Técnico María",
        "estado": "Activo",
        "fecha_adquisicion": "2025-04-21",
        "fecha_registro": "2025-09-21T01:03:38.281Z",
        "rango_medida": "0-638 unidades",
        "resolucion": "0.5 unidades",
        "error_maximo_permisible": "1.2994841630239595",
        "observaciones": "Equipo generado para pruebas de calidad",
        "archivo_compra_pdf": "",
        "ficha_tecnica_pdf": "",
        "manual_pdf": "",
        "otros_documentos_pdf": "",
        "imagen_equipo": "",
        "version_formato": null,
        "fecha_version_formato": null,
        "codificacion_formato": null,
        "fecha_ultima_calibracion": null,
        "proxima_calibracion": "2026-04-21",
        "frecuencia_calibracion_meses": "12.00",
        "fecha_ultimo_mantenimiento": null,
        "proximo_mantenimiento": "2025-10-21",
        "frecuencia_mantenimiento_meses": "6.00",
        "fecha_ultima_comprobacion": null,
        "proxima_comprobacion": "2025-05-21",
        "frecuencia_comprobacion_meses": "1.00"
      }
    },
    {
      "model": "core.equipo",
      "pk": 176,
      "fields": {
        "codigo_interno": "CON-037",
        "nombre": "pH-metro Hanna Instruments 37",
        "empresa": 21,
        "tipo_equipo": "pH-metro",
        "marca": "Hanna Instruments",
        "modelo": "M-8035",
        "numero_serie": "SN895332",
        "ubicacion": "Laboratorio B",
        "responsable": "Técnico Carlos",
        "estado": "Activo",
        "fecha_adquisicion": "2020-11-13",
        "fecha_registro": "2025-09-21T01:03:38.292Z",
        "rango_medida": "0-699 unidades",
        "resolucion": "0.5 unidades",
        "error_maximo_permisible": "0.38449597676613156",
        "observaciones": "Equipo generado para pruebas de calidad",
        "archivo_compra_pdf": "",
        "ficha_tecnica_pdf": "",
        "manual_pdf": "",
        "otros_documentos_pdf": "",
        "imagen_equipo": "",
        "version_formato": null,
        "fecha_version_formato": null,
        "codificacion_formato": null,
        "fecha_ultima_calibracion": "2025-10-10",
        "proxima_calibracion": "2026-04-10",
        "frecuencia_calibracion_meses": "6.00",
        "fecha_ultimo_mantenimiento": "2025-10-06",
        "proximo_mantenimiento": "2026-01-06",
        "frecuencia_mantenimiento_meses": "3.00",
        "fecha_ultima_comprobacion": "2025-10-09",
        "proxima_comprobacion": "2026-01-09",
        "frecuencia_comprobacion_meses": "3.00"
      }
    },
    {
      "model": "core.equipo",
      "pk": 177,
      "fields": {
        "codigo_interno": "CON-038",
        "nombre": "Espectrofotómetro Hanna Instruments 38",
        "empresa": 21,
        "tipo_equipo": "Espectrofotómetro",
        "marca": "Hanna Instruments",
        "modelo": "M-4244",
        "numero_serie": "SN609650",
        "ubicacion": "Oficina Técnica",
        "responsable": "Técnico Ana",
        "estado": "Activo",
        "fecha_adquisicion": "2021-04-18",
        "fecha_registro": "2025-09-21T01:03:38.410Z",
        "rango_medida": "0-845 unidades",
        "resolucion": "0.2 unidades",
        "error_maximo_permisible": "1.4150722269921272",
        "observaciones": "Equipo generado para pruebas de calidad",
        "archivo_compra_pdf": "",
        "ficha_tecnica_pdf": "",
        "manual_pdf": "",
        "otros_documentos_pdf": "",
        "imagen_equipo": "",
        "version_formato": null,
        "fecha_version_formato": null,
        "codificacion_formato": null,
        "fecha_ultima_calibracion": null,
        "proxima_calibracion": "2022-04-18",
        "frecuencia_calibracion_meses": "12.00",
        "fecha_ultimo_mantenimiento": "2025-10-12",
        "proximo_mantenimiento": "2026-10-12",
        "frecuencia_mantenimiento_meses": "12.00",
        "fecha_ultima_comprobacion": null,
        "proxima_comprobacion": "2021-05-18",
        "frecuencia_comprobacion_meses": "1.00"
      }
    },
    {
      "model": "core.equipo",
      "pk": 178,
      "fields": {
        "codigo_interno": "CON-039",
        "nombre": "Termómetro infrarrojo Druck 39",
        "empresa": 21,
        "tipo_equipo": "Termómetro infrarrojo",
        "marca": "Druck",
        "modelo": "M-6878",
        "numero_serie": "SN495614",
        "ubicacion": "Laboratorio A",
        "responsable": "Técnico Ana",
        "estado": "Activo",
        "fecha_adquisicion": "2024-10-05",
        "fecha_registro": "2025-09-21T01:03:38.460Z",
        "rango_medida": "0-109 unidades",
        "resolucion": "0.1 unidades",
        "error_maximo_permisible": "0.10202002645583286",
        "observaciones": "Equipo generado para pruebas de calidad",
        "archivo_compra_pdf": "",
        "ficha_tecnica_pdf": "",
        "manual_pdf": "",
        "otros_documentos_pdf": "",
        "imagen_equipo": "",
        "version_formato": null,
        "fecha_version_formato": null,
        "codificacion_formato": null,
        "fecha_ultima_calibracion": "2025-09-21",
        "proxima_calibracion": "2026-09-21",
        "frecuencia_calibracion_meses": "12.00",
        "fecha_ultimo_mantenimiento": null,
        "proximo_mantenimiento": "2026-09-21",
        "frecuencia_mantenimiento_meses": "12.00",
        "fecha_ultima_comprobacion": "2025-10-03",
        "proxima_comprobacion": "2026-04-03",
        "frecuencia_comprobacion_meses": "6.00"
      }
    },
    {
      "model": "core.equipo",
      "pk": 179,
      "fields": {
        "codigo_interno": "CON-040",
        "nombre": "Termómetro infrarrojo Cole-Parmer 40",
        "empresa": 21,
        "tipo_equipo": "Termómetro infrarrojo",
        "marca": "Cole-Parmer",
        "modelo": "M-7605",
        "numero_serie": "SN141239",
        "ubicacion": "Laboratorio B",
        "responsable": "Técnico Luis",
        "estado": "Inactivo",
        "fecha_adquisicion": "2021-12-27",
        "fecha_registro": "2025-09-21T01:03:38.537Z",
        "rango_medida": "0-113 unidades",
        "resolucion": "0.1 unidades",
        "error_maximo_permisible": "0.6988079063028979",
        "observaciones": "Equipo generado para pruebas de calidad",
        "archivo_compra_pdf": "",
        "ficha_tecnica_pdf": "",
        "manual_pdf": "",
        "otros_documentos_pdf": "",
        "imagen_equipo": "",
        "version_formato": null,
        "fecha_version_formato": null,
        "codificacion_formato": null,
        "fecha_ultima_calibracion": "2025-10-06",
        "proxima_calibracion": null,
        "frecuencia_calibracion_meses": "12.00",
        "fecha_ultimo_mantenimiento": null,
        "proximo_mantenimiento": null,
        "frecuencia_mantenimiento_meses": "6.00",
        "fecha_ultima_comprobacion": "2025-09-22",
        "proxima_comprobacion": null,
        "frecuencia_comprobacion_meses": "3.00"
      }
    }
  ],
  "calibraciones": [
    {
      "model": "core.calibracion",
      "pk": 55,
      "fields": {
        "equipo": 140,
        "fecha_calibracion": "2025-09-23",
        "proveedor": null,
        "nombre_proveedor": "Laboratorio de Calibración Certificado",
        "resultado": "Aprobado",
        "numero_certificado": null,
        "documento_calibracion": "",
        "confirmacion_metrologica_pdf": "",
        "intervalos_calibracion_pdf": "",
        "observaciones": "Calibración programada para 23/09/2025",
        "fecha_registro": "2025-09-21T01:03:36.361Z"
      }
    },
    {
      "model": "core.calibracion",
      "pk": 56,
      "fields": {
        "equipo": 143,
        "fecha_calibracion": "2025-10-07",
        "proveedor": null,
        "nombre_proveedor": "Laboratorio de Calibración Certificado",
        "resultado": "Aprobado",
        "numero_certificado": null,
        "documento_calibracion": "",
        "confirmacion_metrologica_pdf": "",
        "intervalos_calibracion_pdf": "",
        "observaciones": "Calibración programada para 07/10/2025",
        "fecha_registro": "2025-09-21T01:03:36.464Z"
      }
    },
    {
      "model": "core.calibracion",
      "pk": 57,
      "fields": {
        "equipo": 145,
        "fecha_calibracion": "2025-09-24",
        "proveedor": null,
        "nombre_proveedor": "Laboratorio de Calibración Certificado",
        "resultado": "Aprobado",
        "numero_certificado": null,
        "documento_calibracion": "",
        "confirmacion_metrologica_pdf": "",
        "intervalos_calibracion_pdf": "",
        "observaciones": "Calibración programada para 24/09/2025",
        "fecha_registro": "2025-09-21T01:03:36.601Z"
      }
    },
    {
      "model": "core.calibracion",
      "pk": 58,
      "fields": {
        "equipo": 146,
        "fecha_calibracion": "2025-09-28",
        "proveedor": null,
        "nombre_proveedor": "Laboratorio de Calibración Certificado",
        "resultado": "Aprobado",
        "numero_certificado": null,
        "documento_calibracion": "",
        "confirmacion_metrologica_pdf": "",
        "intervalos_calibracion_pdf": "",
        "observaciones": "Calibración programada para 28/09/2025",
        "fecha_registro": "2025-09-21T01:03:36.711Z"
      }
    },
    {
      "model": "core.calibracion",
      "pk": 59,
      "fields": {
        "equipo": 147,
        "fecha_calibracion": "2025-10-05",
        "proveedor": null,
        "nombre_proveedor": "Laboratorio de Calibración Certificado",
        "resultado": "Aprobado",
        "numero_certificado": null,
        "documento_calibracion": "",
        "confirmacion_metrologica_pdf": "",
        "intervalos_calibracion_pdf": "",
        "observaciones": "Calibración programada para 05/10/2025",
        "fecha_registro": "2025-09-21T01:03:36.754Z"
      }
    },
    {
      "model": "core.calibracion",
      "pk": 60,
      "fields": {
        "equipo": 151,
        "fecha_calibracion": "2025-09-29",
        "proveedor": null,
        "nombre_proveedor": "Laboratorio de Calibración Certificado",
        "resultado": "Aprobado",
        "numero_certificado": null,
        "documento_calibracion": "",
        "confirmacion_metrologica_pdf": "",
        "intervalos_calibracion_pdf": "",
        "observaciones": "Calibración programada para 29/09/2025",
        "fecha_registro": "2025-09-21T01:03:36.937Z"
      }
    },
    {
      "model": "core.calibracion",
      "pk": 61,
      "fields": {
        "equipo": 152,
        "fecha_calibracion": "2025-09-30",
        "proveedor": null,
        "nombre_proveedor": "Laboratorio de Calibración Certificado",
        "resultado": "Aprobado",
        "numero_certificado": null,
        "documento_calibracion": "",
        "confirmacion_metrologica_pdf": "",
        "intervalos_calibracion_pdf": "",
        "observaciones": "Calibración programada para 30/09/2025",
        "fecha_registro": "2025-09-21T01:03:37.030Z"
      }
    },
    {
      "model": "core.calibracion",
      "pk": 62,
      "fields": {
        "equipo": 154,
        "fecha_calibracion": "2025-10-08",
        "proveedor": null,
        "nombre_proveedor": "Laboratorio de Calibración Certificado",
        "resultado": "Aprobado",
        "numero_certificado": null,
        "documento_calibracion": "",
        "confirmacion_metrologica_pdf": "",
        "intervalos_calibracion_pdf": "",
        "observaciones": "Calibración programada para 08/10/2025",
        "fecha_registro": "2025-09-21T01:03:37.179Z"
      }
    },
    {
      "model": "core.calibracion",
      "pk": 63,
      "fields": {
        "equipo": 155,
        "fecha_calibracion": "2025-09-22",
        "proveedor": null,
        "nombre_proveedor": "Laboratorio de Calibración Certificado",
        "resultado": "Aprobado",
        "numero_certificado": null,
        "documento_calibracion": "",
        "confirmacion_metrologica_pdf": "",
        "intervalos_calibracion_pdf": "",
        "observaciones": "Calibración programada para 22/09/2025",
        "fecha_registro": "2025-09-21T01:03:37.266Z"
      }
    },
    {
      "model": "core.calibracion",
      "pk": 64,
      "fields": {
        "equipo": 157,
        "fecha_calibracion": "2025-10-09",
        "proveedor": null,
        "nombre_proveedor": "Laboratorio de Calibración Certificado",
        "resultado": "Aprobado",
        "numero_certificado": null,
        "documento_calibracion": "",
        "confirmacion_metrologica_pdf": "",
        "intervalos_calibracion_pdf": "",
        "observaciones": "Calibración programada para 09/10/2025",
        "fecha_registro": "2025-09-21T01:03:37.333Z"
      }
    },
    {
      "model": "core.calibracion",
      "pk": 65,
      "fields": {
        "equipo": 158,
        "fecha_calibracion": "2025-10-15",
        "proveedor": null,
        "nombre_proveedor": "Laboratorio de Calibración Certificado",
        "resultado": "Aprobado",
        "numero_certificado": null,
        "documento_calibracion": "",
        "confirmacion_metrologica_pdf": "",
        "intervalos_calibracion_pdf": "",
        "observaciones": "Calibración programada para 15/10/2025",
        "fecha_registro": "2025-09-21T01:03:37.364Z"
      }
    },
    {
      "model": "core.calibracion",
      "pk": 66,
      "fields": {
        "equipo": 163,
        "fecha_calibracion": "2025-09-21",
        "proveedor": null,
        "nombre_proveedor": "Laboratorio de Calibración Certificado",
        "resultado": "Aprobado",
        "numero_certificado": null,
        "documento_calibracion": "",
        "confirmacion_metrologica_pdf": "",
        "intervalos_calibracion_pdf": "",
        "observaciones": "Calibración programada para 21/09/2025",
        "fecha_registro": "2025-09-21T01:03:37.561Z"
      }
    },
    {
      "model": "core.calibracion",
      "pk": 67,
      "fields": {
        "equipo": 164,
        "fecha_calibracion": "2025-09-30",
        "proveedor": null,
        "nombre_proveedor": "Laboratorio de Calibración Certificado",
        "resultado": "Aprobado",
        "numero_certificado": null,
        "documento_calibracion": "",
        "confirmacion_metrologica_pdf": "",
        "intervalos_calibracion_pdf": "",
        "observaciones": "Calibración programada para 30/09/2025",
        "fecha_registro": "2025-09-21T01:03:37.675Z"
      }
    },
    {
      "model": "core.calibracion",
      "pk": 68,
      "fields": {
        "equipo": 167,
        "fecha_calibracion": "2025-09-25",
        "proveedor": null,
        "nombre_proveedor": "Laboratorio de Calibración Certificado",
        "resultado": "Aprobado",
        "numero_certificado": null,
        "documento_calibracion": "",
        "confirmacion_metrologica_pdf": "",
        "intervalos_calibracion_pdf": "",
        "observaciones": "Calibración programada para 25/09/2025",
        "fecha_registro": "2025-09-21T01:03:37.851Z"
      }
    },
    {
      "model": "core.calibracion",
      "pk": 69,
      "fields": {
        "equipo": 168,
        "fecha_calibracion": "2025-09-22",
        "proveedor": null,
        "nombre_proveedor": "Laboratorio de Calibración Certificado",
        "resultado": "Aprobado",
        "numero_certificado": null,
        "documento_calibracion": "",
        "confirmacion_metrologica_pdf": "",
        "intervalos_calibracion_pdf": "",
        "observaciones": "Calibración programada para 22/09/2025",
        "fecha_registro": "2025-09-21T01:03:37.904Z"
      }
    },
    {
      "model": "core.calibracion",
      "pk": 70,
      "fields": {
        "equipo": 169,
        "fecha_calibracion": "2025-10-13",
        "proveedor": null,
        "nombre_proveedor": "Laboratorio de Calibración Certificado",
        "resultado": "Aprobado",
        "numero_certificado": null,
        "documento_calibracion": "",
        "confirmacion_metrologica_pdf": "",
        "intervalos_calibracion_pdf": "",
        "observaciones": "Calibración programada para 13/10/2025",
        "fecha_registro": "2025-09-21T01:03:37.955Z"
      }
    },
    {
      "model": "core.calibracion",
      "pk": 71,
      "fields": {
        "equipo": 170,
        "fecha_calibracion": "2025-10-02",
        "proveedor": null,
        "nombre_proveedor": "Laboratorio de Calibración Certificado",
        "resultado": "Aprobado",
        "numero_certificado": null,
        "documento_calibracion": "",
        "confirmacion_metrologica_pdf": "",
        "intervalos_calibracion_pdf": "",
        "observaciones": "Calibración programada para 02/10/2025",
        "fecha_registro": "2025-09-21T01:03:38.046Z"
      }
    },
    {
      "model": "core.calibracion",
      "pk": 72,
      "fields": {
        "equipo": 176,
        "fecha_calibracion": "2025-10-10",
        "proveedor": null,
        "nombre_proveedor": "Laboratorio de Calibración Certificado",
        "resultado": "Aprobado",
        "numero_certificado": null,
        "documento_calibracion": "",
        "confirmacion_metrologica_pdf": "",
        "intervalos_calibracion_pdf": "",
        "observaciones": "Calibración programada para 10/10/2025",
        "fecha_registro": "2025-09-21T01:03:38.302Z"
      }
    },
    {
      "model": "core.calibracion",
      "pk": 73,
      "fields": {
        "equipo": 178,
        "fecha_calibracion": "2025-09-21",
        "proveedor": null,
        "nombre_proveedor": "Laboratorio de Calibración Certificado",
        "resultado": "Aprobado",
        "numero_certificado": null,
        "documento_calibracion": "",
        "confirmacion_metrologica_pdf": "",
        "intervalos_calibracion_pdf": "",
        "observaciones": "Calibración programada para 21/09/2025",
        "fecha_registro": "2025-09-21T01:03:38.470Z"
      }
    },
    {
      "model": "core.calibracion",
      "pk": 74,
      "fields": {
        "equipo": 179,
        "fecha_calibracion": "2025-10-06",
        "proveedor": null,
        "nombre_proveedor": "Laboratorio de Calibración Certificado",
        "resultado": "Aprobado",
        "numero_certificado": null,
        "documento_calibracion": "",
        "confirmacion_metrologica_pdf": "",
        "intervalos_calibracion_pdf": "",
        "observaciones": "Calibración programada para 06/10/2025",
        "fecha_registro": "2025-09-21T01:03:38.546Z"
      }
    }
  ],
  "mantenimientos": [
    {
      "model": "core.mantenimiento",
      "pk": 66,
      "fields": {
        "equipo": 140,
        "fecha_mantenimiento": "2025-09-23",
        "tipo_mantenimiento": "Preventivo",
        "proveedor": null,
        "nombre_proveedor": null,
        "responsable": "Técnico de Mantenimiento",
        "costo": null,
        "descripcion": "Mantenimiento programado de rutina",
        "documento_mantenimiento": "",
        "observaciones": "Mantenimiento generado para pruebas",
        "fecha_registro": "2025-09-21T01:03:36.383Z"
      }
    },
    {
      "model": "core.mantenimiento",
      "pk": 67,
      "fields": {
        "equipo": 144,
        "fecha_mantenimiento": "2025-10-04",
        "tipo_mantenimiento": "Correctivo",
        "proveedor": null,
        "nombre_proveedor": null,
        "responsable": "Técnico de Mantenimiento",
        "costo": null,
        "descripcion": "Mantenimiento programado de rutina",
        "documento_mantenimiento": "",
        "observaciones": "Mantenimiento generado para pruebas",
        "fecha_registro": "2025-09-21T01:03:36.527Z"
      }
    },
    {
      "model": "core.mantenimiento",
      "pk": 68,
      "fields": {
        "equipo": 145,
        "fecha_mantenimiento": "2025-10-17",
        "tipo_mantenimiento": "Correctivo",
        "proveedor": null,
        "nombre_proveedor": null,
        "responsable": "Técnico de Mantenimiento",
        "costo": null,
        "descripcion": "Mantenimiento programado de rutina",
        "documento_mantenimiento": "",
        "observaciones": "Mantenimiento generado para pruebas",
        "fecha_registro": "2025-09-21T01:03:36.631Z"
      }
    },
    {
      "model": "core.mantenimiento",
      "pk": 69,
      "fields": {
        "equipo": 149,
        "fecha_mantenimiento": "2025-09-28",
        "tipo_mantenimiento": "Preventivo",
        "proveedor": null,
        "nombre_proveedor": null,
        "responsable": "Técnico de Mantenimiento",
        "costo": null,
        "descripcion": "Mantenimiento programado de rutina",
        "documento_mantenimiento": "",
        "observaciones": "Mantenimiento generado para pruebas",
        "fecha_registro": "2025-09-21T01:03:36.849Z"
      }
    },
    {
      "model": "core.mantenimiento",
      "pk": 70,
      "fields": {
        "equipo": 150,
        "fecha_mantenimiento": "2025-09-28",
        "tipo_mantenimiento": "Preventivo",
        "proveedor": null,
        "nombre_proveedor": null,
        "responsable": "Técnico de Mantenimiento",
        "costo": null,
        "descripcion": "Mantenimiento programado de rutina",
        "documento_mantenimiento": "",
        "observaciones": "Mantenimiento generado para pruebas",
        "fecha_registro": "2025-09-21T01:03:36.895Z"
      }
    },
    {
      "model": "core.mantenimiento",
      "pk": 71,
      "fields": {
        "equipo": 151,
        "fecha_mantenimiento": "2025-09-25",
        "tipo_mantenimiento": "Correctivo",
        "proveedor": null,
        "nombre_proveedor": null,
        "responsable": "Técnico de Mantenimiento",
        "costo": null,
        "descripcion": "Mantenimiento programado de rutina",
        "documento_mantenimiento": "",
        "observaciones": "Mantenimiento generado para pruebas",
        "fecha_registro": "2025-09-21T01:03:36.967Z"
      }
    },
    {
      "model": "core.mantenimiento",
      "pk": 72,
      "fields": {
        "equipo": 152,
        "fecha_mantenimiento": "2025-09-22",
        "tipo_mantenimiento": "Correctivo",
        "proveedor": null,
        "nombre_proveedor": null,
        "responsable": "Técnico de Mantenimiento",
        "costo": null,
        "descripcion": "Mantenimiento programado de rutina",
        "documento_mantenimiento": "",
        "observaciones": "Mantenimiento generado para pruebas",
        "fecha_registro": "2025-09-21T01:03:37.057Z"
      }
    },
    {
      "model": "core.mantenimiento",
      "pk": 73,
      "fields": {
        "equipo": 154,
        "fecha_mantenimiento": "2025-09-22",
        "tipo_mantenimiento": "Correctivo",
        "proveedor": null,
        "nombre_proveedor": null,
        "responsable": "Técnico de Mantenimiento",
        "costo": null,
        "descripcion": "Mantenimiento programado de rutina",
        "documento_mantenimiento": "",
        "observaciones": "Mantenimiento generado para pruebas",
        "fecha_registro": "2025-09-21T01:03:37.205Z"
      }
    },
    {
      "model": "core.mantenimiento",
      "pk": 74,
      "fields": {
        "equipo": 156,
        "fecha_mantenimiento": "2025-10-13",
        "tipo_mantenimiento": "Preventivo",
        "proveedor": null,
        "nombre_proveedor": null,
        "responsable": "Técnico de Mantenimiento",
        "costo": null,
        "descripcion": "Mantenimiento programado de rutina",
        "documento_mantenimiento": "",
        "observaciones": "Mantenimiento generado para pruebas",
        "fecha_registro": "2025-09-21T01:03:37.301Z"
      }
    },
    {
      "model": "core.mantenimiento",
      "pk": 75,
      "fields": {
        "equipo": 159,
        "fecha_mantenimiento": "2025-09-20",
        "tipo_mantenimiento": "Correctivo",
        "proveedor": null,
        "nombre_proveedor": null,
        "responsable": "Técnico de Mantenimiento",
        "costo": null,
        "descripcion": "Mantenimiento programado de rutina",
        "documento_mantenimiento": "",
        "observaciones": "Mantenimiento generado para pruebas",
        "fecha_registro": "2025-09-21T01:03:37.406Z"
      }
    },
    {
      "model": "core.mantenimiento",
      "pk": 76,
      "fields": {
        "equipo": 161,
        "fecha_mantenimiento": "2025-10-01",
        "tipo_mantenimiento": "Preventivo",
        "proveedor": null,
        "nombre_proveedor": null,
        "responsable": "Técnico de Mantenimiento",
        "costo": null,
        "descripcion": "Mantenimiento programado de rutina",
        "documento_mantenimiento": "",
        "observaciones": "Mantenimiento generado para pruebas",
        "fecha_registro": "2025-09-21T01:03:37.448Z"
      }
    },
    {
      "model": "core.mantenimiento",
      "pk": 77,
      "fields": {
        "equipo": 163,
        "fecha_mantenimiento": "2025-09-20",
        "tipo_mantenimiento": "Correctivo",
        "proveedor": null,
        "nombre_proveedor": null,
        "responsable": "Técnico de Mantenimiento",
        "costo": null,
        "descripcion": "Mantenimiento programado de rutina",
        "documento_mantenimiento": "",
        "observaciones": "Mantenimiento generado para pruebas",
        "fecha_registro": "2025-09-21T01:03:37.600Z"
      }
    },
    {
      "model": "core.mantenimiento",
      "pk": 78,
      "fields": {
        "equipo": 164,
        "fecha_mantenimiento": "2025-09-24",
        "tipo_mantenimiento": "Correctivo",
        "proveedor": null,
        "nombre_proveedor": null,
        "responsable": "Técnico de Mantenimiento",
        "costo": null,
        "descripcion": "Mantenimiento programado de rutina",
        "documento_mantenimiento": "",
        "observaciones": "Mantenimiento generado para pruebas",
        "fecha_registro": "2025-09-21T01:03:37.704Z"
      }
    },
    {
      "model": "core.mantenimiento",
      "pk": 79,
      "fields": {
        "equipo": 165,
        "fecha_mantenimiento": "2025-10-17",
        "tipo_mantenimiento": "Preventivo",
        "proveedor": null,
        "nombre_proveedor": null,
        "responsable": "Técnico de Mantenimiento",
        "costo": null,
        "descripcion": "Mantenimiento programado de rutina",
        "documento_mantenimiento": "",
        "observaciones": "Mantenimiento generado para pruebas",
        "fecha_registro": "2025-09-21T01:03:37.750Z"
      }
    },
    {
      "model": "core.mantenimiento",
      "pk": 80,
      "fields": {
        "equipo": 166,
        "fecha_mantenimiento": "2025-09-30",
        "tipo_mantenimiento": "Preventivo",
        "proveedor": null,
        "nombre_proveedor": null,
        "responsable": "Técnico de Mantenimiento",
        "costo": null,
        "descripcion": "Mantenimiento programado de rutina",
        "documento_mantenimiento": "",
        "observaciones": "Mantenimiento generado para pruebas",
        "fecha_registro": "2025-09-21T01:03:37.806Z"
      }
    },
    {
      "model": "core.mantenimiento",
      "pk": 81,
      "fields": {
        "equipo": 169,
        "fecha_mantenimiento": "2025-10-08",
        "tipo_mantenimiento": "Preventivo",
        "proveedor": null,
        "nombre_proveedor": null,
        "responsable": "Técnico de Mantenimiento",
        "costo": null,
        "descripcion": "Mantenimiento programado de rutina",
        "documento_mantenimiento": "",
        "observaciones": "Mantenimiento generado para pruebas",
        "fecha_registro": "2025-09-21T01:03:37.991Z"
      }
    },
    {
      "model": "core.mantenimiento",
      "pk": 82,
      "fields": {
        "equipo": 171,
        "fecha_mantenimiento": "2025-10-15",
        "tipo_mantenimiento": "Correctivo",
        "proveedor": null,
        "nombre_proveedor": null,
        "responsable": "Técnico de Mantenimiento",
        "costo": null,
        "descripcion": "Mantenimiento programado de rutina",
        "documento_mantenimiento": "",
        "observaciones": "Mantenimiento generado para pruebas",
        "fecha_registro": "2025-09-21T01:03:38.098Z"
      }
    },
    {
      "model": "core.mantenimiento",
      "pk": 83,
      "fields": {
        "equipo": 172,
        "fecha_mantenimiento": "2025-09-29",
        "tipo_mantenimiento": "Preventivo",
        "proveedor": null,
        "nombre_proveedor": null,
        "responsable": "Técnico de Mantenimiento",
        "costo": null,
        "descripcion": "Mantenimiento programado de rutina",
        "documento_mantenimiento": "",
        "observaciones": "Mantenimiento generado para pruebas",
        "fecha_registro": "2025-09-21T01:03:38.138Z"
      }
    },
    {
      "model": "core.mantenimiento",
      "pk": 84,
      "fields": {
        "equipo": 173,
        "fecha_mantenimiento": "2025-10-03",
        "tipo_mantenimiento": "Correctivo",
        "proveedor": null,
        "nombre_proveedor": null,
        "responsable": "Técnico de Mantenimiento",
        "costo": null,
        "descripcion": "Mantenimiento programado de rutina",
        "documento_mantenimiento": "",
        "observaciones": "Mantenimiento generado para pruebas",
        "fecha_registro": "2025-09-21T01:03:38.201Z"
      }
    },
    {
      "model": "core.mantenimiento",
      "pk": 85,
      "fields": {
        "equipo": 176,
        "fecha_mantenimiento": "2025-10-06",
        "tipo_mantenimiento": "Correctivo",
        "proveedor": null,
        "nombre_proveedor": null,
        "responsable": "Técnico de Mantenimiento",
        "costo": null,
        "descripcion": "Mantenimiento programado de rutina",
        "documento_mantenimiento": "",
        "observaciones": "Mantenimiento generado para pruebas",
        "fecha_registro": "2025-09-21T01:03:38.336Z"
      }
    },
    {
      "model": "core.mantenimiento",
      "pk": 86,
      "fields": {
        "equipo": 177,
        "fecha_mantenimiento": "2025-10-12",
        "tipo_mantenimiento": "Correctivo",
        "proveedor": null,
        "nombre_proveedor": null,
        "responsable": "Técnico de Mantenimiento",
        "costo": null,
        "descripcion": "Mantenimiento programado de rutina",
        "documento_mantenimiento": "",
        "observaciones": "Mantenimiento generado para pruebas",
        "fecha_registro": "2025-09-21T01:03:38.419Z"
      }
    }
  ],
  "comprobaciones": [
    {
      "model": "core.comprobacion",
      "pk": 58,
      "fields": {
        "equipo": 140,
        "fecha_comprobacion": "2025-10-20",
        "proveedor": null,
        "nombre_proveedor": null,
        "responsable": "Técnico de Calidad",
        "resultado": "Aprobado",
        "observaciones": "Verificación de funcionamiento básico programada",
        "documento_comprobacion": "",
        "fecha_registro": "2025-09-21T01:03:36.407Z"
      }
    },
    {
      "model": "core.comprobacion",
      "pk": 59,
      "fields": {
        "equipo": 143,
        "fecha_comprobacion": "2025-10-11",
        "proveedor": null,
        "nombre_proveedor": null,
        "responsable": "Técnico de Calidad",
        "resultado": "Aprobado",
        "observaciones": "Verificación de funcionamiento básico programada",
        "documento_comprobacion": "",
        "fecha_registro": "2025-09-21T01:03:36.492Z"
      }
    },
    {
      "model": "core.comprobacion",
      "pk": 60,
      "fields": {
        "equipo": 144,
        "fecha_comprobacion": "2025-09-27",
        "proveedor": null,
        "nombre_proveedor": null,
        "responsable": "Técnico de Calidad",
        "resultado": "Aprobado",
        "observaciones": "Verificación de funcionamiento básico programada",
        "documento_comprobacion": "",
        "fecha_registro": "2025-09-21T01:03:36.556Z"
      }
    },
    {
      "model": "core.comprobacion",
      "pk": 61,
      "fields": {
        "equipo": 145,
        "fecha_comprobacion": "2025-10-11",
        "proveedor": null,
        "nombre_proveedor": null,
        "responsable": "Técnico de Calidad",
        "resultado": "Aprobado",
        "observaciones": "Verificación de funcionamiento básico programada",
        "documento_comprobacion": "",
        "fecha_registro": "2025-09-21T01:03:36.665Z"
      }
    },
    {
      "model": "core.comprobacion",
      "pk": 62,
      "fields": {
        "equipo": 147,
        "fecha_comprobacion": "2025-09-30",
        "proveedor": null,
        "nombre_proveedor": null,
        "responsable": "Técnico de Calidad",
        "resultado": "Aprobado",
        "observaciones": "Verificación de funcionamiento básico programada",
        "documento_comprobacion": "",
        "fecha_registro": "2025-09-21T01:03:36.791Z"
      }
    },
    {
      "model": "core.comprobacion",
      "pk": 63,
      "fields": {
        "equipo": 151,
        "fecha_comprobacion": "2025-09-26",
        "proveedor": null,
        "nombre_proveedor": null,
        "responsable": "Técnico de Calidad",
        "resultado": "Aprobado",
        "observaciones": "Verificación de funcionamiento básico programada",
        "documento_comprobacion": "",
        "fecha_registro": "2025-09-21T01:03:36.994Z"
      }
    },
    {
      "model": "core.comprobacion",
      "pk": 64,
      "fields": {
        "equipo": 152,
        "fecha_comprobacion": "2025-09-21",
        "proveedor": null,
        "nombre_proveedor": null,
        "responsable": "Técnico de Calidad",
        "resultado": "Aprobado",
        "observaciones": "Verificación de funcionamiento básico programada",
        "documento_comprobacion": "",
        "fecha_registro": "2025-09-21T01:03:37.088Z"
      }
    },
    {
      "model": "core.comprobacion",
      "pk": 65,
      "fields": {
        "equipo": 153,
        "fecha_comprobacion": "2025-10-10",
        "proveedor": null,
        "nombre_proveedor": null,
        "responsable": "Técnico de Calidad",
        "resultado": "Aprobado",
        "observaciones": "Verificación de funcionamiento básico programada",
        "documento_comprobacion": "",
        "fecha_registro": "2025-09-21T01:03:37.137Z"
      }
    },
    {
      "model": "core.comprobacion",
      "pk": 66,
      "fields": {
        "equipo": 154,
        "fecha_comprobacion": "2025-10-16",
        "proveedor": null,
        "nombre_proveedor": null,
        "responsable": "Técnico de Calidad",
        "resultado": "Aprobado",
        "observaciones": "Verificación de funcionamiento básico programada",
        "documento_comprobacion": "",
        "fecha_registro": "2025-09-21T01:03:37.230Z"
      }
    },
    {
      "model": "core.comprobacion",
      "pk": 67,
      "fields": {
        "equipo": 161,
        "fecha_comprobacion": "2025-09-24",
        "proveedor": null,
        "nombre_proveedor": null,
        "responsable": "Técnico de Calidad",
        "resultado": "Aprobado",
        "observaciones": "Verificación de funcionamiento básico programada",
        "documento_comprobacion": "",
        "fecha_registro": "2025-09-21T01:03:37.474Z"
      }
    },
    {
      "model": "core.comprobacion",
      "pk": 68,
      "fields": {
        "equipo": 162,
        "fecha_comprobacion": "2025-10-19",
        "proveedor": null,
        "nombre_proveedor": null,
        "responsable": "Técnico de Calidad",
        "resultado": "Aprobado",
        "observaciones": "Verificación de funcionamiento básico programada",
        "documento_comprobacion": "",
        "fecha_registro": "2025-09-21T01:03:37.517Z"
      }
    },
    {
      "model": "core.comprobacion",
      "pk": 69,
      "fields": {
        "equipo": 163,
        "fecha_comprobacion": "2025-09-23",
        "proveedor": null,
        "nombre_proveedor": null,
        "responsable": "Técnico de Calidad",
        "resultado": "Aprobado",
        "observaciones": "Verificación de funcionamiento básico programada",
        "documento_comprobacion": "",
        "fecha_registro": "2025-09-21T01:03:37.631Z"
      }
    },
    {
      "model": "core.comprobacion",
      "pk": 70,
      "fields": {
        "equipo": 172,
        "fecha_comprobacion": "2025-10-20",
        "proveedor": null,
        "nombre_proveedor": null,
        "responsable": "Técnico de Calidad",
        "resultado": "Aprobado",
        "observaciones": "Verificación de funcionamiento básico programada",
        "documento_comprobacion": "",
        "fecha_registro": "2025-09-21T01:03:38.166Z"
      }
    },
    {
      "model": "core.comprobacion",
      "pk": 71,
      "fields": {
        "equipo": 174,
        "fecha_comprobacion": "2025-09-21",
        "proveedor": null,
        "nombre_proveedor": null,
        "responsable": "Técnico de Calidad",
        "resultado": "Aprobado",
        "observaciones": "Verificación de funcionamiento básico programada",
        "documento_comprobacion": "",
        "fecha_registro": "2025-09-21T01:03:38.248Z"
      }
    },
    {
      "model": "core.comprobacion",
      "pk": 72,
      "fields": {
        "equipo": 176,
        "fecha_comprobacion": "2025-10-09",
        "proveedor": null,
        "nombre_proveedor": null,
        "responsable": "Técnico de Calidad",
        "resultado": "Aprobado",
        "observaciones": "Verificación de funcionamiento básico programada",
        "documento_comprobacion": "",
        "fecha_registro": "2025-09-21T01:03:38.370Z"
      }
    },
    {
      "model": "core.comprobacion",
      "pk": 73,
      "fields": {
        "equipo": 178,
        "fecha_comprobacion": "2025-10-03",
        "proveedor": null,
        "nombre_proveedor": null,
        "responsable": "Técnico de Calidad",
        "resultado": "Aprobado",
        "observaciones": "Verificación de funcionamiento básico programada",
        "documento_comprobacion": "",
        "fecha_registro": "2025-09-21T01:03:38.502Z"
      }
    },
    {
      "model": "core.comprobacion",
      "pk": 74,
      "fields": {
        "equipo": 179,
        "fecha_comprobacion": "2025-09-22",
        "proveedor": null,
        "nombre_proveedor": null,
        "responsable": "Técnico de Calidad",
        "resultado": "Aprobado",
        "observaciones": "Verificación de funcionamiento básico programada",
        "documento_comprobacion": "",
        "fecha_registro": "2025-09-21T01:03:38.573Z"
      }
    }
  ]
}