{
  "metadata": {
    "empresa_id": 47,
    "empresa_nombre": "Control Metrológico Andino",
    "backup_date": "2025-09-24T17:34:31.883595+00:00",
    "version": "1.0"
  },
  "empresa": {
    "model": "core.empresa",
    "pk": 47,
    "fields": {
      "nombre": "Control Metrológico Andino",
      "nit": "900567890-5",
      "direccion": "Carrera 68 #80-32, Barranquilla",
      "telefono": "+57 5 5678901",
      "email": "sistemas@andino.co",
      "logo_empresa": "",
      "fecha_registro": "2025-09-23T22:14:03.793Z",
      "formato_version_empresa": null,
      "formato_fecha_version_empresa": null,
      "formato_codificacion_empresa": null,
      "es_periodo_prueba": false,
      "duracion_prueba_dias": 7,
      "fecha_inicio_plan": null,
      "limite_equipos_empresa": 90,
      "duracion_suscripcion_meses": null,
      "limite_almacenamiento_mb": 3500,
      "acceso_manual_activo": false,
      "estado_suscripcion": "Activo"
    }
  },
  "usuarios": [],
  "equipos": [],
  "calibraciones": [],
  "mantenimientos": [],
  "comprobaciones": []
}